video,frame_idx,timestamp_sec,person_idx,body_nose_x,body_nose_y,body_nose_z,body_nose_vis,body_left_eye_inner_x,body_left_eye_inner_y,body_left_eye_inner_z,body_left_eye_inner_vis,body_left_eye_x,body_left_eye_y,body_left_eye_z,body_left_eye_vis,body_left_eye_outer_x,body_left_eye_outer_y,body_left_eye_outer_z,body_left_eye_outer_vis,body_right_eye_inner_x,body_right_eye_inner_y,body_right_eye_inner_z,body_right_eye_inner_vis,body_right_eye_x,body_right_eye_y,body_right_eye_z,body_right_eye_vis,body_right_eye_outer_x,body_right_eye_outer_y,body_right_eye_outer_z,body_right_eye_outer_vis,body_left_ear_x,body_left_ear_y,body_left_ear_z,body_left_ear_vis,body_right_ear_x,body_right_ear_y,body_right_ear_z,body_right_ear_vis,body_mouth_left_x,body_mouth_left_y,body_mouth_left_z,body_mouth_left_vis,body_mouth_right_x,body_mouth_right_y,body_mouth_right_z,body_mouth_right_vis,body_left_shoulder_x,body_left_shoulder_y,body_left_shoulder_z,body_left_shoulder_vis,body_right_shoulder_x,body_right_shoulder_y,body_right_shoulder_z,body_right_shoulder_vis,body_left_elbow_x,body_left_elbow_y,body_left_elbow_z,body_left_elbow_vis,body_right_elbow_x,body_right_elbow_y,body_right_elbow_z,body_right_elbow_vis,body_left_wrist_x,body_left_wrist_y,body_left_wrist_z,body_left_wrist_vis,body_right_wrist_x,body_right_wrist_y,body_right_wrist_z,body_right_wrist_vis,body_left_pinky_x,body_left_pinky_y,body_left_pinky_z,body_left_pinky_vis,body_right_pinky_x,body_right_pinky_y,body_right_pinky_z,body_right_pinky_vis,body_left_index_x,body_left_index_y,body_left_index_z,body_left_index_vis,body_right_index_x,body_right_index_y,body_right_index_z,body_right_index_vis,body_left_thumb_x,body_left_thumb_y,body_left_thumb_z,body_left_thumb_vis,body_right_thumb_x,body_right_thumb_y,body_right_thumb_z,body_right_thumb_vis,body_left_hip_x,body_left_hip_y,body_left_hip_z,body_left_hip_vis,body_right_hip_x,body_right_hip_y,body_right_hip_z,body_right_hip_vis,body_left_knee_x,body_left_knee_y,body_left_knee_z,body_left_knee_vis,body_right_knee_x,body_right_knee_y,body_right_knee_z,body_right_knee_vis,body_left_ankle_x,body_left_ankle_y,body_left_ankle_z,body_left_ankle_vis,body_right_ankle_x,body_right_ankle_y,body_right_ankle_z,body_right_ankle_vis,body_left_heel_x,body_left_heel_y,body_left_heel_z,body_left_heel_vis,body_right_heel_x,body_right_heel_y,body_right_heel_z,body_right_heel_vis,body_left_foot_index_x,body_left_foot_index_y,body_left_foot_index_z,body_left_foot_index_vis,body_right_foot_index_x,body_right_foot_index_y,body_right_foot_index_z,body_right_foot_index_vis,left_hand_0_x,left_hand_0_y,left_hand_0_z,left_hand_0_conf,left_hand_1_x,left_hand_1_y,left_hand_1_z,left_hand_1_conf,left_hand_2_x,left_hand_2_y,left_hand_2_z,left_hand_2_conf,left_hand_3_x,left_hand_3_y,left_hand_3_z,left_hand_3_conf,left_hand_4_x,left_hand_4_y,left_hand_4_z,left_hand_4_conf,left_hand_5_x,left_hand_5_y,left_hand_5_z,left_hand_5_conf,left_hand_6_x,left_hand_6_y,left_hand_6_z,left_hand_6_conf,left_hand_7_x,left_hand_7_y,left_hand_7_z,left_hand_7_conf,left_hand_8_x,left_hand_8_y,left_hand_8_z,left_hand_8_conf,left_hand_9_x,left_hand_9_y,left_hand_9_z,left_hand_9_conf,left_hand_10_x,left_hand_10_y,left_hand_10_z,left_hand_10_conf,left_hand_11_x,left_hand_11_y,left_hand_11_z,left_hand_11_conf,left_hand_12_x,left_hand_12_y,left_hand_12_z,left_hand_12_conf,left_hand_13_x,left_hand_13_y,left_hand_13_z,left_hand_13_conf,left_hand_14_x,left_hand_14_y,left_hand_14_z,left_hand_14_conf,left_hand_15_x,left_hand_15_y,left_hand_15_z,left_hand_15_conf,left_hand_16_x,left_hand_16_y,left_hand_16_z,left_hand_16_conf,left_hand_17_x,left_hand_17_y,left_hand_17_z,left_hand_17_conf,left_hand_18_x,left_hand_18_y,left_hand_18_z,left_hand_18_conf,left_hand_19_x,left_hand_19_y,left_hand_19_z,left_hand_19_conf,left_hand_20_x,left_hand_20_y,left_hand_20_z,left_hand_20_conf,right_hand_0_x,right_hand_0_y,right_hand_0_z,right_hand_0_conf,right_hand_1_x,right_hand_1_y,right_hand_1_z,right_hand_1_conf,right_hand_2_x,right_hand_2_y,right_hand_2_z,right_hand_2_conf,right_hand_3_x,right_hand_3_y,right_hand_3_z,right_hand_3_conf,right_hand_4_x,right_hand_4_y,right_hand_4_z,right_hand_4_conf,right_hand_5_x,right_hand_5_y,right_hand_5_z,right_hand_5_conf,right_hand_6_x,right_hand_6_y,right_hand_6_z,right_hand_6_conf,right_hand_7_x,right_hand_7_y,right_hand_7_z,right_hand_7_conf,right_hand_8_x,right_hand_8_y,right_hand_8_z,right_hand_8_conf,right_hand_9_x,right_hand_9_y,right_hand_9_z,right_hand_9_conf,right_hand_10_x,right_hand_10_y,right_hand_10_z,right_hand_10_conf,right_hand_11_x,right_hand_11_y,right_hand_11_z,right_hand_11_conf,right_hand_12_x,right_hand_12_y,right_hand_12_z,right_hand_12_conf,right_hand_13_x,right_hand_13_y,right_hand_13_z,right_hand_13_conf,right_hand_14_x,right_hand_14_y,right_hand_14_z,right_hand_14_conf,right_hand_15_x,right_hand_15_y,right_hand_15_z,right_hand_15_conf,right_hand_16_x,right_hand_16_y,right_hand_16_z,right_hand_16_conf,right_hand_17_x,right_hand_17_y,right_hand_17_z,right_hand_17_conf,right_hand_18_x,right_hand_18_y,right_hand_18_z,right_hand_18_conf,right_hand_19_x,right_hand_19_y,right_hand_19_z,right_hand_19_conf,right_hand_20_x,right_hand_20_y,right_hand_20_z,right_hand_20_conf
fixture/demo,0,0.0,0,0.5,0.178125,0.0,0.93,0.509375,0.165625,0.0,0.93,0.517188,0.164062,0.0,0.93,0.525,0.165625,0.0,0.93,0.490625,0.165625,0.0,0.93,0.482812,0.164062,0.0,0.93,0.475,0.165625,0.0,0.93,0.5375,0.171875,0.0,0.93,0.4625,0.171875,0.0,0.93,0.5125,0.195312,0.0,0.93,0.4875,0.195312,0.0,0.93,0.58125,0.275,0.0,0.93,0.41875,0.275,0.0,0.93,0.631226,0.37195,0.0,0.93,0.378125,0.384375,0.0,0.93,0.5875,0.471875,0.0,0.93,0.403125,0.475,0.0,0.93,0.607812,0.490625,0.0,0.93,0.382812,0.49375,0.0,0.93,0.614062,0.467188,0.0,0.93,0.376562,0.470312,0.0,0.93,0.601562,0.478125,0.0,0.93,0.389062,0.48125,0.0,0.93,0.5625,0.459375,0.0,0.93,0.4375,0.459375,0.0,0.93,0.571875,0.58125,0.0,0.32,0.428125,0.58125,0.0,0.32,0.578125,0.684375,0.0,0.32,0.421875,0.684375,0.0,0.32,0.56875,0.7,0.0,0.32,0.43125,0.7,0.0,0.32,0.6125,0.69375,0.0,0.32,0.3875,0.69375,0.0,0.32,0.5875,0.471875,0.0,0.88,0.591454,0.509422,0.0,0.88,0.590235,0.52168,0.0,0.88,0.589015,0.533938,0.0,0.88,0.587796,0.546196,0.0,0.88,0.5829,0.505679,0.0,0.88,0.579941,0.517176,0.0,0.88,0.576983,0.528673,0.0,0.88,0.574024,0.540169,0.0,0.88,0.574346,0.501935,0.0,0.88,0.569648,0.512671,0.0,0.88,0.56495,0.523407,0.0,0.88,0.560252,0.534143,0.0,0.88,0.565791,0.498192,0.0,0.88,0.559354,0.508167,0.0,0.88,0.552917,0.518142,0.0,0.88,0.54648,0.528116,0.0,0.88,0.557237,0.494449,0.0,0.88,0.549061,0.503662,0.0,0.88,0.540884,0.512876,0.0,0.88,0.532708,0.52209,0.0,0.88,0.403125,0.475,0.0,0.61,0.393848,0.511597,0.0,0.61,0.393304,0.523904,0.0,0.61,0.392761,0.53621,0.0,0.61,0.392217,0.548517,0.0,0.61,0.40285,0.509114,0.0,0.61,0.404136,0.520916,0.0,0.61,0.405422,0.532717,0.0,0.61,0.406708,0.544519,0.0,0.61,0.411851,0.506631,0.0,0.61,0.414967,0.517928,0.0,0.61,0.418084,0.529225,0.0,0.61,0.4212,0.540521,0.0,0.61,0.420852,0.504148,0.0,0.61,0.425799,0.51494,0.0,0.61,0.430745,0.525732,0.0,0.61,0.435691,0.536524,0.0,0.61,0.429853,0.501665,0.0,0.61,0.43663,0.511952,0.0,0.61,0.443406,0.522239,0.0,0.61,0.450183,0.532526,0.0,0.61
fixture/demo,1,0.033333,0,0.500409,0.177635,0.0,0.93,0.509784,0.165135,0.0,0.93,0.517596,0.163573,0.0,0.93,0.525409,0.165135,0.0,0.93,0.491034,0.165135,0.0,0.93,0.483221,0.163573,0.0,0.93,0.475409,0.165135,0.0,0.93,0.537909,0.171385,0.0,0.93,0.462909,0.171385,0.0,0.93,0.512909,0.194823,0.0,0.93,0.487909,0.194823,0.0,0.93,0.581659,0.275,0.0,0.93,0.419159,0.275,0.0,0.93,0.631669,0.371937,0.0,0.93,0.378534,0.384866,0.0,0.93,0.588011,0.471896,0.0,0.93,0.403534,0.475,0.0,0.93,0.608324,0.490646,0.0,0.93,0.383221,0.49375,0.0,0.93,0.614574,0.467209,0.0,0.93,0.376971,0.470312,0.0,0.93,0.602074,0.478146,0.0,0.93,0.389471,0.48125,0.0,0.93,0.562909,0.459375,0.0,0.93,0.437909,0.459375,0.0,0.93,0.572284,0.58125,0.0,0.32,0.428534,0.58125,0.0,0.32,0.578534,0.684375,0.0,0.32,0.422284,0.684375,0.0,0.32,0.569159,0.7,0.0,0.32,0.431659,0.7,0.0,0.32,0.612909,0.69375,0.0,0.32,0.387909,0.69375,0.0,0.32,0.588011,0.471896,0.0,0.88,0.591992,0.509441,0.0,0.88,0.590782,0.521699,0.0,0.88,0.589571,0.533958,0.0,0.88,0.58836,0.546217,0.0,0.88,0.583435,0.505703,0.0,0.88,0.580485,0.517202,0.0,0.88,0.577534,0.528701,0.0,0.88,0.574584,0.5402,0.0,0.88,0.574878,0.501966,0.0,0.88,0.570188,0.512705,0.0,0.88,0.565498,0.523444,0.0,0.88,0.560807,0.534184,0.0,0.88,0.566321,0.498229,0.0,0.88,0.559891,0.508208,0.0,0.88,0.553461,0.518188,0.0,0.88,0.547031,0.528167,0.0,0.88,0.557764,0.494492,0.0,0.88,0.549595,0.503711,0.0,0.88,0.541425,0.512931,0.0,0.88,0.533255,0.52215,0.0,0.88,0.403534,0.475,0.0,0.61,0.394308,0.51161,0.0,0.61,0.393782,0.523917,0.0,0.61,0.393255,0.536225,0.0,0.61,0.392728,0.548532,0.0,0.61,0.403306,0.509114,0.0,0.61,0.404609,0.520914,0.0,0.61,0.405911,0.532714,0.0,0.61,0.407214,0.544514,0.0,0.61,0.412304,0.506619,0.0,0.61,0.415436,0.517911,0.0,0.61,0.418568,0.529204,0.0,0.61,0.4217,0.540496,0.0,0.61,0.421302,0.504123,0.0,0.61,0.426263,0.514908,0.0,0.61,0.431225,0.525693,0.0,0.61,0.436186,0.536478,0.0,0.61,0.430299,0.501627,0.0,0.61,0.43709,0.511905,0.0,0.61,0.443881,0.522183,0.0,0.61,0.450672,0.53246,0.0,0.61
fixture/demo,2,0.066667,0,0.500817,0.17715,0.0,0.93,0.510192,0.16465,0.0,0.93,0.518004,0.163088,0.0,0.93,0.525817,0.16465,0.0,0.93,0.491442,0.16465,0.0,0.93,0.483629,0.163088,0.0,0.93,0.475817,0.16465,0.0,0.93,0.538317,0.1709,0.0,0.93,0.463317,0.1709,0.0,0.93,0.513317,0.194338,0.0,0.93,0.488317,0.194338,0.0,0.93,0.582067,0.275,0.0,0.93,0.419567,0.275,0.0,0.93,0.632176,0.371899,0.0,0.93,0.378942,0.385355,0.0,0.93,0.588725,0.471961,0.0,0.93,0.403942,0.475,0.0,0.93,0.609038,0.490711,0.0,0.93,0.383629,0.49375,0.0,0.93,0.615288,0.467273,0.0,0.93,0.377379,0.470312,0.0,0.93,0.602788,0.478211,0.0,0.93,0.389879,0.48125,0.0,0.93,0.563317,0.459375,0.0,0.93,0.438317,0.459375,0.0,0.93,0.572692,0.58125,0.0,0.32,0.428942,0.58125,0.0,0.32,0.578942,0.684375,0.0,0.32,0.422692,0.684375,0.0,0.32,0.569567,0.7,0.0,0.32,0.432067,0.7,0.0,0.32,0.613317,0.69375,0.0,0.32,0.388317,0.69375,0.0,0.32,0.588725,0.471961,0.0,0.88,0.592786,0.509496,0.0,0.88,0.591601,0.521758,0.0,0.88,0.590416,0.534019,0.0,0.88,0.589231,0.54628,0.0,0.88,0.584221,0.505777,0.0,0.88,0.581294,0.517282,0.0,0.88,0.578368,0.528788,0.0,0.88,0.575442,0.540293,0.0,0.88,0.575656,0.502058,0.0,0.88,0.570988,0.512807,0.0,0.88,0.566321,0.523556,0.0,0.88,0.561653,0.534305,0.0,0.88,0.567091,0.498339,0.0,0.88,0.560682,0.508332,0.0,0.88,0.554273,0.518325,0.0,0.88,0.547864,0.528317,0.0,0.88,0.558526,0.49462,0.0,0.88,0.550376,0.503856,0.0,0.88,0.542226,0.513093,0.0,0.88,0.534075,0.52233,0.0,0.88,0.403942,0.475,0.0,0.61,0.394767,0.511623,0.0,0.61,0.394258,0.523931,0.0,0.61,0.393749,0.536239,0.0,0.61,0.393239,0.548547,0.0,0.61,0.403762,0.509115,0.0,0.61,0.405081,0.520913,0.0,0.61,0.4064,0.532711,0.0,0.61,0.40772,0.544509,0.0,0.61,0.412756,0.506606,0.0,0.61,0.415904,0.517894,0.0,0.61,0.419052,0.529182,0.0,0.61,0.4222,0.540471,0.0,0.61,0.42175,0.504098,0.0,0.61,0.426727,0.514876,0.0,0.61,0.431704,0.525654,0.0,0.61,0.43668,0.536432,0.0,0.61,0.430745,0.50159,0.0,0.61,0.43755,0.511858,0.0,0.61,0.444355,0.522126,0.0,0.61,0.45116,0.532394,0.0,0.61
fixture/demo,3,0.1,0,0.501222,0.176676,0.0,0.93,0.510597,0.164176,0.0,0.93,0.51841,0.162614,0.0,0.93,0.526222,0.164176,0.0,0.93,0.491847,0.164176,0.0,0.93,0.484035,0.162614,0.0,0.93,0.476222,0.164176,0.0,0.93,0.538722,0.170426,0.0,0.93,0.463722,0.170426,0.0,0.93,0.513722,0.193864,0.0,0.93,0.488722,0.193864,0.0,0.93,0.582472,0.275,0.0,0.93,0.419972,0.275,0.0,0.93,0.632745,0.371836,0.0,0.93,0.379347,0.385842,0.0,0.93,0.589638,0.472067,0.0,0.93,0.404347,0.475,0.0,0.93,0.60995,0.490817,0.0,0.93,0.384035,0.49375,0.0,0.93,0.6162,0.46738,0.0,0.93,0.377785,0.470312,0.0,0.93,0.6037,0.478317,0.0,0.93,0.390285,0.48125,0.0,0.93,0.563722,0.459375,0.0,0.93,0.438722,0.459375,0.0,0.93,0.573097,0.58125,0.0,0.32,0.429347,0.58125,0.0,0.32,0.579347,0.684375,0.0,0.32,0.423097,0.684375,0.0,0.32,0.569972,0.7,0.0,0.32,0.432472,0.7,0.0,0.32,0.613722,0.69375,0.0,0.32,0.388722,0.69375,0.0,0.32,0.589638,0.472067,0.0,0.88,0.59383,0.509589,0.0,0.88,0.592688,0.521854,0.0,0.88,0.591546,0.53412,0.0,0.88,0.590404,0.546385,0.0,0.88,0.585252,0.505899,0.0,0.88,0.582366,0.517415,0.0,0.88,0.57948,0.52893,0.0,0.88,0.576594,0.540446,0.0,0.88,0.576674,0.50221,0.0,0.88,0.572044,0.512976,0.0,0.88,0.567414,0.523741,0.0,0.88,0.562784,0.534506,0.0,0.88,0.568096,0.498521,0.0,0.88,0.561722,0.508537,0.0,0.88,0.555348,0.518552,0.0,0.88,0.548975,0.528567,0.0,0.88,0.559519,0.494832,0.0,0.88,0.551401,0.504097,0.0,0.88,0.543283,0.513363,0.0,0.88,0.535165,0.522628,0.0,0.88,0.404347,0.475,0.0,0.61,0.395225,0.511636,0.0,0.61,0.394733,0.523945,0.0,0.61,0.394241,0.536253,0.0,0.61,0.393749,0.548562,0.0,0.61,0.404215,0.509115,0.0,0.61,0.405551,0.520911,0.0,0.61,0.406887,0.532707,0.0,0.61,0.408223,0.544503,0.0,0.61,0.413206,0.506594,0.0,0.61,0.41637,0.517878,0.0,0.61,0.419534,0.529161,0.0,0.61,0.422698,0.540445,0.0,0.61,0.422197,0.504073,0.0,0.61,0.427189,0.514844,0.0,0.61,0.432181,0.525615,0.0,0.61,0.437172,0.536386,0.0,0.61,0.431188,0.501552,0.0,0.61,0.438007,0.51181,0.0,0.61,0.444827,0.522069,0.0,0.61,0.451647,0.532327,0.0,0.61
fixture/demo,4,0.133333,0,0.501624,0.176218,0.0,0.93,0.510999,0.163718,0.0,0.93,0.518812,0.162156,0.0,0.93,0.526624,0.163718,0.0,0.93,0.492249,0.163718,0.0,0.93,0.484437,0.162156,0.0,0.93,0.476624,0.163718,0.0,0.93,0.539124,0.169968,0.0,0.93,0.464124,0.169968,0.0,0.93,0.514124,0.193406,0.0,0.93,0.489124,0.193406,0.0,0.93,0.582874,0.275,0.0,0.93,0.420374,0.275,0.0,0.93,0.633375,0.37175,0.0,0.93,0.379749,0.386324,0.0,0.93,0.590745,0.472216,0.0,0.93,0.404749,0.475,0.0,0.93,0.611058,0.490966,0.0,0.93,0.384437,0.49375,0.0,0.93,0.617308,0.467529,0.0,0.93,0.378187,0.470312,0.0,0.93,0.604808,0.478466,0.0,0.93,0.390687,0.48125,0.0,0.93,0.564124,0.459375,0.0,0.93,0.439124,0.459375,0.0,0.93,0.573499,0.58125,0.0,0.32,0.429749,0.58125,0.0,0.32,0.579749,0.684375,0.0,0.32,0.423499,0.684375,0.0,0.32,0.570374,0.7,0.0,0.32,0.432874,0.7,0.0,0.32,0.614124,0.69375,0.0,0.32,0.389124,0.69375,0.0,0.32,0.590745,0.472216,0.0,0.88,0.59512,0.509717,0.0,0.88,0.594038,0.521988,0.0,0.88,0.592956,0.534259,0.0,0.88,0.591874,0.546529,0.0,0.88,0.586525,0.50607,0.0,0.88,0.583695,0.517599,0.0,0.88,0.580865,0.529128,0.0,0.88,0.578035,0.540658,0.0,0.88,0.577929,0.502422,0.0,0.88,0.573351,0.51321,0.0,0.88,0.568774,0.523998,0.0,0.88,0.564197,0.534786,0.0,0.88,0.569333,0.498775,0.0,0.88,0.563008,0.508821,0.0,0.88,0.556683,0.518868,0.0,0.88,0.550358,0.528914,0.0,0.88,0.560737,0.495128,0.0,0.88,0.552665,0.504432,0.0,0.88,0.544592,0.513737,0.0,0.88,0.536519,0.523042,0.0,0.88,0.404749,0.475,0.0,0.61,0.395679,0.511649,0.0,0.61,0.395204,0.523958,0.0,0.61,0.394729,0.536268,0.0,0.61,0.394255,0.548577,0.0,0.61,0.404666,0.509115,0.0,0.61,0.406018,0.520909,0.0,0.61,0.407371,0.532704,0.0,0.61,0.408724,0.544498,0.0,0.61,0.413653,0.506581,0.0,0.61,0.416833,0.51786,0.0,0.61,0.420013,0.52914,0.0,0.61,0.423193,0.540419,0.0,0.61,0.42264,0.504048,0.0,0.61,0.427647,0.514812,0.0,0.61,0.432654,0.525576,0.0,0.61,0.437661,0.53634,0.0,0.61,0.431627,0.501514,0.0,0.61,0.438462,0.511763,0.0,0.61,0.445296,0.522012,0.0,0.61,0.45213,0.53226,0.0,0.61
fixture/demo,5,0.166667,0,0.502022,0.175781,0.0,0.93,0.511397,0.163281,0.0,0.93,0.51921,0.161719,0.0,0.93,0.527022,0.163281,0.0,0.93,0.492647,0.163281,0.0,0.93,0.484835,0.161719,0.0,0.93,0.477022,0.163281,0.0,0.93,0.539522,0.169531,0.0,0.93,0.464522,0.169531,0.0,0.93,0.514522,0.192969,0.0,0.93,0.489522,0.192969,0.0,0.93,0.583272,0.275,0.0,0.93,0.420772,0.275,0.0,0.93,0.634061,0.371642,0.0,0.93,0.380147,0.386801,0.0,0.93,0.592043,0.472407,0.0,0.93,0.405147,0.475,0.0,0.93,0.612356,0.491157,0.0,0.93,0.384835,0.49375,0.0,0.93,0.618606,0.46772,0.0,0.93,0.378585,0.470312,0.0,0.93,0.606106,0.478657,0.0,0.93,0.391085,0.48125,0.0,0.93,0.564522,0.459375,0.0,0.93,0.439522,0.459375,0.0,0.93,0.573897,0.58125,0.0,0.32,0.430147,0.58125,0.0,0.32,0.580147,0.684375,0.0,0.32,0.423897,0.684375,0.0,0.32,0.570772,0.7,0.0,0.32,0.433272,0.7,0.0,0.32,0.614522,0.69375,0.0,0.32,0.389522,0.69375,0.0,0.32,0.592043,0.472407,0.0,0.88,0.596651,0.50988,0.0,0.88,0.595645,0.522157,0.0,0.88,0.59464,0.534435,0.0,0.88,0.593634,0.546712,0.0,0.88,0.588033,0.506286,0.0,0.88,0.585275,0.517833,0.0,0.88,0.582517,0.52938,0.0,0.88,0.579759,0.540926,0.0,0.88,0.579415,0.502692,0.0,0.88,0.574905,0.513509,0.0,0.88,0.570394,0.524325,0.0,0.88,0.565884,0.535141,0.0,0.88,0.570796,0.499099,0.0,0.88,0.564534,0.509184,0.0,0.88,0.558272,0.51927,0.0,0.88,0.552009,0.529355,0.0,0.88,0.562178,0.495505,0.0,0.88,0.554164,0.50486,0.0,0.88,0.546149,0.514215,0.0,0.88,0.538135,0.523569,0.0,0.88,0.405147,0.475,0.0,0.61,0.396128,0.511662,0.0,0.61,0.395671,0.523972,0.0,0.61,0.395214,0.536282,0.0,0.61,0.394757,0.548592,0.0,0.61,0.405112,0.509115,0.0,0.61,0.406481,0.520908,0.0,0.61,0.40785,0.5327,0.0,0.61,0.40922,0.544492,0.0,0.61,0.414095,0.506569,0.0,0.61,0.417291,0.517843,0.0,0.61,0.420487,0.529118,0.0,0.61,0.423683,0.540393,0.0,0.61,0.423079,0.504022,0.0,0.61,0.428101,0.514779,0.0,0.61,0.433123,0.525536,0.0,0.61,0.438146,0.536293,0.0,0.61,0.432062,0.501476,0.0,0.61,0.438911,0.511715,0.0,0.61,0.44576,0.521954,0.0,0.61,0.452609,0.532193,0.0,0.61
fixture/demo,6,0.2,0,0.502414,0.17537,0.0,0.93,0.511789,0.16287,0.0,0.93,0.519602,0.161307,0.0,0.93,0.527414,0.16287,0.0,0.93,0.493039,0.16287,0.0,0.93,0.485227,0.161307,0.0,0.93,0.477414,0.16287,0.0,0.93,0.539914,0.16912,0.0,0.93,0.464914,0.16912,0.0,0.93,0.514914,0.192557,0.0,0.93,0.489914,0.192557,0.0,0.93,0.583664,0.275,0.0,0.93,0.421164,0.275,0.0,0.93,0.634801,0.371514,0.0,0.93,0.380539,0.387272,0.0,0.93,0.593526,0.47264,0.0,0.93,0.405539,0.475,0.0,0.93,0.613838,0.49139,0.0,0.93,0.385227,0.49375,0.0,0.93,0.620088,0.467952,0.0,0.93,0.378977,0.470312,0.0,0.93,0.607588,0.47889,0.0,0.93,0.391477,0.48125,0.0,0.93,0.564914,0.459375,0.0,0.93,0.439914,0.459375,0.0,0.93,0.574289,0.58125,0.0,0.32,0.430539,0.58125,0.0,0.32,0.580539,0.684375,0.0,0.32,0.424289,0.684375,0.0,0.32,0.571164,0.7,0.0,0.32,0.433664,0.7,0.0,0.32,0.614914,0.69375,0.0,0.32,0.389914,0.69375,0.0,0.32,0.593526,0.47264,0.0,0.88,0.598417,0.510076,0.0,0.88,0.597504,0.522361,0.0,0.88,0.59659,0.534646,0.0,0.88,0.595677,0.54693,0.0,0.88,0.589771,0.506548,0.0,0.88,0.587101,0.518115,0.0,0.88,0.58443,0.529682,0.0,0.88,0.581759,0.541249,0.0,0.88,0.581126,0.503019,0.0,0.88,0.576698,0.513869,0.0,0.88,0.57227,0.524719,0.0,0.88,0.567841,0.535569,0.0,0.88,0.572481,0.499491,0.0,0.88,0.566295,0.509623,0.0,0.88,0.560109,0.519755,0.0,0.88,0.553923,0.529888,0.0,0.88,0.563836,0.495962,0.0,0.88,0.555892,0.505377,0.0,0.88,0.547949,0.514792,0.0,0.88,0.540005,0.524207,0.0,0.88,0.405539,0.475,0.0,0.61,0.396572,0.511674,0.0,0.61,0.396132,0.523985,0.0,0.61,0.395692,0.536296,0.0,0.61,0.395252,0.548606,0.0,0.61,0.405552,0.509115,0.0,0.61,0.406938,0.520906,0.0,0.61,0.408324,0.532696,0.0,0.61,0.40971,0.544486,0.0,0.61,0.414532,0.506556,0.0,0.61,0.417743,0.517826,0.0,0.61,0.420955,0.529096,0.0,0.61,0.424167,0.540366,0.0,0.61,0.423512,0.503997,0.0,0.61,0.428549,0.514747,0.0,0.61,0.433587,0.525497,0.0,0.61,0.438624,0.536246,0.0,0.61,0.432492,0.501438,0.0,0.61,0.439355,0.511668,0.0,0.61,0.446218,0.521897,0.0,0.61,0.453081,0.532127,0.0,0.61
fixture/demo,7,0.233333,0,0.5028,0.174988,0.0,0.93,0.512175,0.162488,0.0,0.93,0.519987,0.160926,0.0,0.93,0.5278,0.162488,0.0,0.93,0.493425,0.162488,0.0,0.93,0.485612,0.160926,0.0,0.93,0.4778,0.162488,0.0,0.93,0.5403,0.168738,0.0,0.93,0.4653,0.168738,0.0,0.93,0.5153,0.192176,0.0,0.93,0.4903,0.192176,0.0,0.93,0.58405,0.275,0.0,0.93,0.42155,0.275,0.0,0.93,0.635591,0.371369,0.0,0.93,0.380925,0.387735,0.0,0.93,0.595188,0.472913,0.0,0.93,0.405925,0.475,0.0,0.93,0.615501,0.491663,0.0,0.93,0.385612,0.49375,0.0,0.93,0.621751,0.468225,0.0,0.93,0.379362,0.470312,0.0,0.93,0.609251,0.479163,0.0,0.93,0.391862,0.48125,0.0,0.93,0.5653,0.459375,0.0,0.93,0.4403,0.459375,0.0,0.93,0.574675,0.58125,0.0,0.32,0.430925,0.58125,0.0,0.32,0.580925,0.684375,0.0,0.32,0.424675,0.684375,0.0,0.32,0.57155,0.7,0.0,0.32,0.43405,0.7,0.0,0.32,0.6153,0.69375,0.0,0.32,0.3903,0.69375,0.0,0.32,0.595188,0.472913,0.0,0.88,0.60041,0.510305,0.0,0.88,0.599605,0.522597,0.0,0.88,0.5988,0.534889,0.0,0.88,0.597996,0.547181,0.0,0.88,0.591734,0.506853,0.0,0.88,0.589165,0.518443,0.0,0.88,0.586597,0.530033,0.0,0.88,0.584028,0.541624,0.0,0.88,0.583058,0.503401,0.0,0.88,0.578725,0.514289,0.0,0.88,0.574393,0.525178,0.0,0.88,0.57006,0.536066,0.0,0.88,0.574382,0.499949,0.0,0.88,0.568285,0.510135,0.0,0.88,0.562189,0.520322,0.0,0.88,0.556093,0.530509,0.0,0.88,0.565706,0.496497,0.0,0.88,0.557845,0.505981,0.0,0.88,0.549985,0.515466,0.0,0.88,0.542125,0.524951,0.0,0.88,0.405925,0.475,0.0,0.61,0.397009,0.511687,0.0,0.61,0.396586,0.523998,0.0,0.61,0.396163,0.536309,0.0,0.61,0.395741,0.54862,0.0,0.61,0.405985,0.509115,0.0,0.61,0.407387,0.520904,0.0,0.61,0.40879,0.532692,0.0,0.61,0.410192,0.54448,0.0,0.61,0.414961,0.506544,0.0,0.61,0.418189,0.517809,0.0,0.61,0.421416,0.529075,0.0,0.61,0.424644,0.54034,0.0,0.61,0.423938,0.503972,0.0,0.61,0.42899,0.514715,0.0,0.61,0.434043,0.525457,0.0,0.61,0.439095,0.5362,0.0,0.61,0.432914,0.5014,0.0,0.61,0.439792,0.51162,0.0,0.61,0.446669,0.52184,0.0,0.61,0.453547,0.53206,0.0,0.61
fixture/demo,8,0.266667,0,0.503178,0.174642,0.0,0.93,0.512553,0.162142,0.0,0.93,0.520365,0.160579,0.0,0.93,0.528178,0.162142,0.0,0.93,0.493803,0.162142,0.0,0.93,0.48599,0.160579,0.0,0.93,0.478178,0.162142,0.0,0.93,0.540678,0.168392,0.0,0.93,0.465678,0.168392,0.0,0.93,0.515678,0.191829,0.0,0.93,0.490678,0.191829,0.0,0.93,0.584428,0.275,0.0,0.93,0.421928,0.275,0.0,0.93,0.636428,0.371209,0.0,0.93,0.381303,0.388188,0.0,0.93,0.597024,0.473226,0.0,0.93,0.406303,0.475,0.0,0.93,0.617337,0.491976,0.0,0.93,0.38599,0.49375,0.0,0.93,0.623587,0.468538,0.0,0.93,0.37974,0.470312,0.0,0.93,0.611087,0.479476,0.0,0.93,0.39224,0.48125,0.0,0.93,0.565678,0.459375,0.0,0.93,0.440678,0.459375,0.0,0.93,0.575053,0.58125,0.0,0.32,0.431303,0.58125,0.0,0.32,0.581303,0.684375,0.0,0.32,0.425053,0.684375,0.0,0.32,0.571928,0.7,0.0,0.32,0.434428,0.7,0.0,0.32,0.615678,0.69375,0.0,0.32,0.390678,0.69375,0.0,0.32,0.597024,0.473226,0.0,0.88,0.602623,0.510563,0.0,0.88,0.601942,0.522863,0.0,0.88,0.601262,0.535163,0.0,0.88,0.600581,0.547462,0.0,0.88,0.593912,0.507199,0.0,0.88,0.591461,0.518815,0.0,0.88,0.589009,0.53043,0.0,0.88,0.586558,0.542046,0.0,0.88,0.585202,0.503834,0.0,0.88,0.58098,0.514766,0.0,0.88,0.576757,0.525698,0.0,0.88,0.572535,0.536629,0.0,0.88,0.576492,0.50047,0.0,0.88,0.570498,0.510718,0.0,0.88,0.564505,0.520965,0.0,0.88,0.558512,0.531213,0.0,0.88,0.567781,0.497106,0.0,0.88,0.560017,0.506669,0.0,0.88,0.552253,0.516233,0.0,0.88,0.544489,0.525797,0.0,0.88,0.406303,0.475,0.0,0.61,0.397437,0.511699,0.0,0.61,0.397032,0.524011,0.0,0.61,0.396626,0.536323,0.0,0.61,0.39622,0.548635,0.0,0.61,0.40641,0.509115,0.0,0.61,0.407829,0.520902,0.0,0.61,0.409247,0.532688,0.0,0.61,0.410666,0.544474,0.0,0.61,0.415383,0.506531,0.0,0.61,0.418626,0.517792,0.0,0.61,0.421869,0.529053,0.0,0.61,0.425112,0.540314,0.0,0.61,0.424356,0.503947,0.0,0.61,0.429423,0.514683,0.0,0.61,0.43449,0.525419,0.0,0.61,0.439558,0.536154,0.0,0.61,0.433329,0.501363,0.0,0.61,0.44022,0.511573,0.0,0.61,0.447112,0.521784,0.0,0.61,0.454003,0.531994,0.0,0.61
fixture/demo,9,0.3,0,0.503547,0.174333,0.0,0.93,0.512922,0.161833,0.0,0.93,0.520734,0.16027,0.0,0.93,0.528547,0.161833,0.0,0.93,0.494172,0.161833,0.0,0.93,0.486359,0.16027,0.0,0.93,0.478547,0.161833,0.0,0.93,0.541047,0.168083,0.0,0.93,0.466047,0.168083,0.0,0.93,0.516047,0.19152,0.0,0.93,0.491047,0.19152,0.0,0.93,0.584797,0.275,0.0,0.93,0.422297,0.275,0.0,0.93,0.637309,0.371036,0.0,0.93,0.381672,0.388631,0.0,0.93,0.599028,0.473578,0.0,0.93,0.406672,0.475,0.0,0.93,0.619341,0.492328,0.0,0.93,0.386359,0.49375,0.0,0.93,0.625591,0.468891,0.0,0.93,0.380109,0.470312,0.0,0.93,0.613091,0.479828,0.0,0.93,0.392609,0.48125,0.0,0.93,0.566047,0.459375,0.0,0.93,0.441047,0.459375,0.0,0.93,0.575422,0.58125,0.0,0.32,0.431672,0.58125,0.0,0.32,0.581672,0.684375,0.0,0.32,0.425422,0.684375,0.0,0.32,0.572297,0.7,0.0,0.32,0.434797,0.7,0.0,0.32,0.616047,0.69375,0.0,0.32,0.391047,0.69375,0.0,0.32,0.599028,0.473578,0.0,0.88,0.605048,0.51085,0.0,0.88,0.604506,0.523156,0.0,0.88,0.603965,0.535463,0.0,0.88,0.603424,0.547769,0.0,0.88,0.5963,0.507584,0.0,0.88,0.59398,0.519227,0.0,0.88,0.59166,0.530869,0.0,0.88,0.58934,0.542512,0.0,0.88,0.587552,0.504318,0.0,0.88,0.583454,0.515297,0.0,0.88,0.579355,0.526276,0.0,0.88,0.575257,0.537254,0.0,0.88,0.578804,0.501053,0.0,0.88,0.572927,0.511367,0.0,0.88,0.56705,0.521682,0.0,0.88,0.561173,0.531997,0.0,0.88,0.570057,0.497787,0.0,0.88,0.562401,0.507438,0.0,0.88,0.554745,0.517088,0.0,0.88,0.54709,0.526739,0.0,0.88,0.406672,0.475,0.0,0.61,0.397856,0.511711,0.0,0.61,0.397468,0.524023,0.0,0.61,0.397079,0.536336,0.0,0.61,0.39669,0.548648,0.0,0.61,0.406826,0.509115,0.0,0.61,0.40826,0.520899,0.0,0.61,0.409695,0.532684,0.0,0.61,0.41113,0.544468,0.0,0.61,0.415795,0.506519,0.0,0.61,0.419053,0.517775,0.0,0.61,0.422312,0.529032,0.0,0.61,0.42557,0.540289,0.0,0.61,0.424764,0.503922,0.0,0.61,0.429846,0.514651,0.0,0.61,0.434928,0.52538,0.0,0.61,0.44001,0.536109,0.0,0.61,0.433734,0.501326,0.0,0.61,0.440639,0.511527,0.0,0.61,0.447545,0.521728,0.0,0.61,0.45445,0.531929,0.0,0.61
fixture/demo,10,0.333333,0,0.503906,0.174066,0.0,0.93,0.513281,0.161566,0.0,0.93,0.521094,0.160003,0.0,0.93,0.528906,0.161566,0.0,0.93,0.494531,0.161566,0.0,0.93,0.486719,0.160003,0.0,0.93,0.478906,0.161566,0.0,0.93,0.541406,0.167816,0.0,0.93,0.466406,0.167816,0.0,0.93,0.516406,0.191253,0.0,0.93,0.491406,0.191253,0.0,0.93,0.585156,0.275,0.0,0.93,0.422656,0.275,0.0,0.93,0.638229,0.370853,0.0,0.93,0.382031,0.389062,0.0,0.93,0.601193,0.473968,0.0,0.93,0.407031,0.475,0.0,0.93,0.621505,0.492718,0.0,0.93,0.386719,0.49375,0.0,0.93,0.627755,0.469281,0.0,0.93,0.380469,0.470312,0.0,0.93,0.615255,0.480218,0.0,0.93,0.392969,0.48125,0.0,0.93,0.566406,0.459375,0.0,0.93,0.441406,0.459375,0.0,0.93,0.575781,0.58125,0.0,0.32,0.432031,0.58125,0.0,0.32,0.582031,0.684375,0.0,0.32,0.425781,0.684375,0.0,0.32,0.572656,0.7,0.0,0.32,0.435156,0.7,0.0,0.32,0.616406,0.69375,0.0,0.32,0.391406,0.69375,0.0,0.32,0.601193,0.473968,0.0,0.88,0.607677,0.511162,0.0,0.88,0.607289,0.523474,0.0,0.88,0.606901,0.535787,0.0,0.88,0.606513,0.548099,0.0,0.88,0.598889,0.508006,0.0,0.88,0.596714,0.519676,0.0,0.88,0.59454,0.531347,0.0,0.88,0.592365,0.543018,0.0,0.88,0.590101,0.504849,0.0,0.88,0.58614,0.515878,0.0,0.88,0.582179,0.526907,0.0,0.88,0.578217,0.537936,0.0,0.88,0.581313,0.501693,0.0,0.88,0.575565,0.51208,0.0,0.88,0.569817,0.522467,0.0,0.88,0.564069,0.532855,0.0,0.88,0.572525,0.498537,0.0,0.88,0.564991,0.508282,0.0,0.88,0.557456,0.518028,0.0,0.88,0.549921,0.527773,0.0,0.88,0.407031,0.475,0.0,0.61,0.398265,0.511723,0.0,0.61,0.397893,0.524036,0.0,0.61,0.39752,0.536349,0.0,0.61,0.397148,0.548661,0.0,0.61,0.407231,0.509115,0.0,0.61,0.408681,0.520897,0.0,0.61,0.410132,0.53268,0.0,0.61,0.411582,0.544462,0.0,0.61,0.416197,0.506506,0.0,0.61,0.41947,0.517759,0.0,0.61,0.422744,0.529011,0.0,0.61,0.426017,0.540263,0.0,0.61,0.425163,0.503898,0.0,0.61,0.430259,0.51462,0.0,0.61,0.435355,0.525342,0.0,0.61,0.440451,0.536064,0.0,0.61,0.434128,0.50129,0.0,0.61,0.441048,0.511482,0.0,0.61,0.447967,0.521673,0.0,0.61,0.454886,0.531865,0.0,0.61
fixture/demo,11,0.366667,0,0.504255,0.173843,0.0,0.93,0.51363,0.161343,0.0,0.93,0.521442,0.15978,0.0,0.93,0.529255,0.161343,0.0,0.93,0.49488,0.161343,0.0,0.93,0.487067,0.15978,0.0,0.93,0.479255,0.161343,0.0,0.93,0.541755,0.167593,0.0,0.93,0.466755,0.167593,0.0,0.93,0.516755,0.19103,0.0,0.93,0.491755,0.19103,0.0,0.93,0.585505,0.275,0.0,0.93,0.423005,0.275,0.0,0.93,0.639185,0.370663,0.0,0.93,0.38238,0.389481,0.0,0.93,0.603511,0.474396,0.0,0.93,0.40738,0.475,0.0,0.93,0.623824,0.493146,0.0,0.93,0.387067,0.49375,0.0,0.93,0.630074,0.469708,0.0,0.93,0.380817,0.470312,0.0,0.93,0.617574,0.480646,0.0,0.93,0.393317,0.48125,0.0,0.93,0.566755,0.459375,0.0,0.93,0.441755,0.459375,0.0,0.93,0.57613,0.58125,0.0,0.32,0.43238,0.58125,0.0,0.32,0.58238,0.684375,0.0,0.32,0.42613,0.684375,0.0,0.32,0.573005,0.7,0.0,0.32,0.435505,0.7,0.0,0.32,0.616755,0.69375,0.0,0.32,0.391755,0.69375,0.0,0.32,0.603511,0.474396,0.0,0.88,0.610501,0.511498,0.0,0.88,0.61028,0.523814,0.0,0.88,0.61006,0.536131,0.0,0.88,0.609839,0.548447,0.0,0.88,0.601671,0.508461,0.0,0.88,0.599655,0.52016,0.0,0.88,0.597639,0.53186,0.0,0.88,0.595623,0.543559,0.0,0.88,0.592841,0.505425,0.0,0.88,0.58903,0.516506,0.0,0.88,0.585219,0.527588,0.0,0.88,0.581408,0.53867,0.0,0.88,0.584011,0.502388,0.0,0.88,0.578405,0.512852,0.0,0.88,0.572798,0.523317,0.0,0.88,0.567192,0.533781,0.0,0.88,0.575181,0.499352,0.0,0.88,0.567779,0.509199,0.0,0.88,0.560378,0.519046,0.0,0.88,0.552976,0.528893,0.0,0.88,0.40738,0.475,0.0,0.61,0.398662,0.511734,0.0,0.61,0.398306,0.524048,0.0,0.61,0.39795,0.536361,0.0,0.61,0.397593,0.548674,0.0,0.61,0.407624,0.509114,0.0,0.61,0.40909,0.520895,0.0,0.61,0.410556,0.532676,0.0,0.61,0.412022,0.544456,0.0,0.61,0.416587,0.506494,0.0,0.61,0.419875,0.517742,0.0,0.61,0.423163,0.52899,0.0,0.61,0.426451,0.540238,0.0,0.61,0.425549,0.503874,0.0,0.61,0.43066,0.51459,0.0,0.61,0.43577,0.525305,0.0,0.61,0.44088,0.53602,0.0,0.61,0.434512,0.501254,0.0,0.61,0.441444,0.511437,0.0,0.61,0.448377,0.52162,0.0,0.61,0.455309,0.531802,0.0,0.61
fixture/demo,12,0.4,0,0.504592,0.173667,0.0,0.93,0.513967,0.161167,0.0,0.93,0.52178,0.159604,0.0,0.93,0.529592,0.161167,0.0,0.93,0.495217,0.161167,0.0,0.93,0.487405,0.159604,0.0,0.93,0.479592,0.161167,0.0,0.93,0.542092,0.167417,0.0,0.93,0.467092,0.167417,0.0,0.93,0.517092,0.190854,0.0,0.93,0.492092,0.190854,0.0,0.93,0.585842,0.275,0.0,0.93,0.423342,0.275,0.0,0.93,0.640173,0.37047,0.0,0.93,0.382717,0.389885,0.0,0.93,0.605977,0.474859,0.0,0.93,0.407717,0.475,0.0,0.93,0.62629,0.493609,0.0,0.93,0.387405,0.49375,0.0,0.93,0.63254,0.470172,0.0,0.93,0.381155,0.470312,0.0,0.93,0.62004,0.481109,0.0,0.93,0.393655,0.48125,0.0,0.93,0.567092,0.459375,0.0,0.93,0.442092,0.459375,0.0,0.93,0.576467,0.58125,0.0,0.32,0.432717,0.58125,0.0,0.32,0.582717,0.684375,0.0,0.32,0.426467,0.684375,0.0,0.32,0.573342,0.7,0.0,0.32,0.435842,0.7,0.0,0.32,0.617092,0.69375,0.0,0.32,0.392092,0.69375,0.0,0.32,0.605977,0.474859,0.0,0.88,0.61351,0.511855,0.0,0.88,0.61347,0.524173,0.0,0.88,0.61343,0.536492,0.0,0.88,0.61339,0.54881,0.0,0.88,0.604636,0.508948,0.0,0.88,0.602792,0.520675,0.0,0.88,0.600948,0.532403,0.0,0.88,0.599104,0.54413,0.0,0.88,0.595763,0.506041,0.0,0.88,0.592114,0.517178,0.0,0.88,0.588466,0.528314,0.0,0.88,0.584818,0.53945,0.0,0.88,0.586889,0.503134,0.0,0.88,0.581437,0.51368,0.0,0.88,0.575985,0.524225,0.0,0.88,0.570532,0.534771,0.0,0.88,0.578016,0.500228,0.0,0.88,0.570759,0.510182,0.0,0.88,0.563503,0.520136,0.0,0.88,0.556247,0.530091,0.0,0.88,0.407717,0.475,0.0,0.61,0.399046,0.511745,0.0,0.61,0.398706,0.524059,0.0,0.61,0.398365,0.536373,0.0,0.61,0.398025,0.548687,0.0,0.61,0.408005,0.509114,0.0,0.61,0.409486,0.520893,0.0,0.61,0.410967,0.532672,0.0,0.61,0.412448,0.54445,0.0,0.61,0.416964,0.506483,0.0,0.61,0.420267,0.517726,0.0,0.61,0.423569,0.52897,0.0,0.61,0.426872,0.540214,0.0,0.61,0.425923,0.503851,0.0,0.61,0.431047,0.51456,0.0,0.61,0.436171,0.525269,0.0,0.61,0.441295,0.535977,0.0,0.61,0.434882,0.50122,0.0,0.61,0.441828,0.511393,0.0,0.61,0.448773,0.521567,0.0,0.61,0.455719,0.531741,0.0,0.61
fixture/demo,13,0.433333,0,0.504917,0.17354,0.0,0.93,0.514292,0.16104,0.0,0.93,0.522104,0.159477,0.0,0.93,0.529917,0.16104,0.0,0.93,0.495542,0.16104,0.0,0.93,0.487729,0.159477,0.0,0.93,0.479917,0.16104,0.0,0.93,0.542417,0.16729,0.0,0.93,0.467417,0.16729,0.0,0.93,0.517417,0.190727,0.0,0.93,0.492417,0.190727,0.0,0.93,0.586167,0.275,0.0,0.93,0.423667,0.275,0.0,0.93,0.641191,0.370276,0.0,0.93,0.383042,0.390275,0.0,0.93,0.608583,0.475357,0.0,0.93,0.408042,0.475,0.0,0.93,0.628895,0.494107,0.0,0.93,0.387729,0.49375,0.0,0.93,0.635145,0.47067,0.0,0.93,0.381479,0.470312,0.0,0.93,0.622645,0.481607,0.0,0.93,0.393979,0.48125,0.0,0.93,0.567417,0.459375,0.0,0.93,0.442417,0.459375,0.0,0.93,0.576792,0.58125,0.0,0.32,0.433042,0.58125,0.0,0.32,0.583042,0.684375,0.0,0.32,0.426792,0.684375,0.0,0.32,0.573667,0.7,0.0,0.32,0.436167,0.7,0.0,0.32,0.617417,0.69375,0.0,0.32,0.392417,0.69375,0.0,0.32,0.608583,0.475357,0.0,0.88,0.616694,0.51223,0.0,0.88,0.616847,0.524548,0.0,0.88,0.617,0.536865,0.0,0.88,0.617154,0.549183,0.0,0.88,0.607776,0.509463,0.0,0.88,0.606116,0.521218,0.0,0.88,0.604456,0.532973,0.0,0.88,0.602796,0.544727,0.0,0.88,0.598858,0.506695,0.0,0.88,0.595385,0.517888,0.0,0.88,0.591912,0.52908,0.0,0.88,0.588439,0.540272,0.0,0.88,0.58994,0.503928,0.0,0.88,0.584654,0.514558,0.0,0.88,0.579368,0.525187,0.0,0.88,0.574081,0.535817,0.0,0.88,0.581022,0.501161,0.0,0.88,0.573923,0.511228,0.0,0.88,0.566823,0.521295,0.0,0.88,0.559724,0.531362,0.0,0.88,0.408042,0.475,0.0,0.61,0.399416,0.511756,0.0,0.61,0.399091,0.52407,0.0,0.61,0.398766,0.536385,0.0,0.61,0.398441,0.548699,0.0,0.61,0.408372,0.509114,0.0,0.61,0.409868,0.520891,0.0,0.61,0.411363,0.532667,0.0,0.61,0.412859,0.544444,0.0,0.61,0.417328,0.506471,0.0,0.61,0.420644,0.517711,0.0,0.61,0.423961,0.52895,0.0,0.61,0.427277,0.54019,0.0,0.61,0.426284,0.503828,0.0,0.61,0.431421,0.514531,0.0,0.61,0.436558,0.525233,0.0,0.61,0.441696,0.535936,0.0,0.61,0.435239,0.501186,0.0,0.61,0.442197,0.511351,0.0,0.61,0.449156,0.521516,0.0,0.61,0.456114,0.531681,0.0,0.61
fixture/demo,14,0.466667,0,0.505228,0.173463,0.0,0.93,0.514603,0.160963,0.0,0.93,0.522415,0.159401,0.0,0.93,0.530228,0.160963,0.0,0.93,0.495853,0.160963,0.0,0.93,0.48804,0.159401,0.0,0.93,0.480228,0.160963,0.0,0.93,0.542728,0.167213,0.0,0.93,0.467728,0.167213,0.0,0.93,0.517728,0.190651,0.0,0.93,0.492728,0.190651,0.0,0.93,0.586478,0.275,0.0,0.93,0.423978,0.275,0.0,0.93,0.642233,0.370085,0.0,0.93,0.383353,0.390648,0.0,0.93,0.61132,0.475888,0.0,0.93,0.408353,0.475,0.0,0.93,0.631633,0.494638,0.0,0.93,0.38804,0.49375,0.0,0.93,0.637883,0.471201,0.0,0.93,0.38179,0.470312,0.0,0.93,0.625383,0.482138,0.0,0.93,0.39429,0.48125,0.0,0.93,0.567728,0.459375,0.0,0.93,0.442728,0.459375,0.0,0.93,0.577103,0.58125,0.0,0.32,0.433353,0.58125,0.0,0.32,0.583353,0.684375,0.0,0.32,0.427103,0.684375,0.0,0.32,0.573978,0.7,0.0,0.32,0.436478,0.7,0.0,0.32,0.617728,0.69375,0.0,0.32,0.392728,0.69375,0.0,0.32,0.61132,0.475888,0.0,0.88,0.620044,0.512621,0.0,0.88,0.620402,0.524935,0.0,0.88,0.62076,0.537248,0.0,0.88,0.621118,0.549561,0.0,0.88,0.611081,0.510003,0.0,0.88,0.609617,0.521784,0.0,0.88,0.608152,0.533565,0.0,0.88,0.606688,0.545345,0.0,0.88,0.602118,0.507384,0.0,0.88,0.598832,0.518633,0.0,0.88,0.595545,0.529881,0.0,0.88,0.592259,0.541129,0.0,0.88,0.593155,0.504765,0.0,0.88,0.588047,0.515481,0.0,0.88,0.582938,0.526197,0.0,0.88,0.577829,0.536914,0.0,0.88,0.584193,0.502147,0.0,0.88,0.577262,0.51233,0.0,0.88,0.570331,0.522514,0.0,0.88,0.5634,0.532698,0.0,0.88,0.408353,0.475,0.0,0.61,0.399771,0.511767,0.0,0.61,0.399461,0.524081,0.0,0.61,0.399151,0.536396,0.0,0.61,0.39884,0.54871,0.0,0.61,0.408724,0.509113,0.0,0.61,0.410234,0.520888,0.0,0.61,0.411744,0.532663,0.0,0.61,0.413253,0.544439,0.0,0.61,0.417677,0.50646,0.0,0.61,0.421007,0.517696,0.0,0.61,0.424337,0.528931,0.0,0.61,0.427667,0.540167,0.0,0.61,0.426629,0.503807,0.0,0.61,0.431779,0.514503,0.0,0.61,0.43693,0.525199,0.0,0.61,0.44208,0.535895,0.0,0.61,0.435582,0.501153,0.0,0.61,0.442552,0.51131,0.0,0.61,0.449522,0.521467,0.0,0.61,0.456493,0.531623,0.0,0.61
fixture/demo,15,0.5,0,0.505524,0.173438,0.0,0.93,0.514899,0.160938,0.0,0.93,0.522712,0.159375,0.0,0.93,0.530524,0.160938,0.0,0.93,0.496149,0.160938,0.0,0.93,0.488337,0.159375,0.0,0.93,0.480524,0.160938,0.0,0.93,0.543024,0.167188,0.0,0.93,0.468024,0.167188,0.0,0.93,0.518024,0.190625,0.0,0.93,0.493024,0.190625,0.0,0.93,0.586774,0.275,0.0,0.93,0.424274,0.275,0.0,0.93,0.643298,0.3699,0.0,0.93,0.383649,0.391004,0.0,0.93,0.614182,0.476451,0.0,0.93,0.408649,0.475,0.0,0.93,0.634495,0.495201,0.0,0.93,0.388337,0.49375,0.0,0.93,0.640745,0.471764,0.0,0.93,0.382087,0.470312,0.0,0.93,0.628245,0.482701,0.0,0.93,0.394587,0.48125,0.0,0.93,0.568024,0.459375,0.0,0.93,0.443024,0.459375,0.0,0.93,0.577399,0.58125,0.0,0.32,0.433649,0.58125,0.0,0.32,0.583649,0.684375,0.0,0.32,0.427399,0.684375,0.0,0.32,0.574274,0.7,0.0,0.32,0.436774,0.7,0.0,0.32,0.618024,0.69375,0.0,0.32,0.393024,0.69375,0.0,0.32,0.614182,0.476451,0.0,0.88,0.623548,0.513026,0.0,0.88,0.624121,0.525331,0.0,0.88,0.624695,0.537636,0.0,0.88,0.625269,0.549941,0.0,0.88,0.614541,0.510565,0.0,0.88,0.613283,0.52237,0.0,0.88,0.612025,0.534174,0.0,0.88,0.610768,0.545979,0.0,0.88,0.605533,0.508104,0.0,0.88,0.602444,0.519408,0.0,0.88,0.599355,0.530712,0.0,0.88,0.596266,0.542017,0.0,0.88,0.596526,0.505642,0.0,0.88,0.591606,0.516446,0.0,0.88,0.586686,0.52725,0.0,0.88,0.581765,0.538054,0.0,0.88,0.587519,0.503181,0.0,0.88,0.580767,0.513485,0.0,0.88,0.574016,0.523788,0.0,0.88,0.567264,0.534092,0.0,0.88,0.408649,0.475,0.0,0.61,0.400111,0.511776,0.0,0.61,0.399814,0.524091,0.0,0.61,0.399518,0.536406,0.0,0.61,0.399222,0.548721,0.0,0.61,0.40906,0.509113,0.0,0.61,0.410583,0.520886,0.0,0.61,0.412107,0.53266,0.0,0.61,0.41363,0.544433,0.0,0.61,0.41801,0.506449,0.0,0.61,0.421353,0.517681,0.0,0.61,0.424696,0.528913,0.0,0.61,0.428038,0.540145,0.0,0.61,0.426959,0.503785,0.0,0.61,0.432122,0.514476,0.0,0.61,0.437284,0.525166,0.0,0.61,0.442447,0.535856,0.0,0.61,0.435909,0.501122,0.0,0.61,0.442891,0.51127,0.0,0.61,0.449873,0.521419,0.0,0.61,0.456855,0.531568,0.0,0.61
fixture/demo,16,0.533333,0,0.505806,0.173463,0.0,0.93,0.515181,0.160963,0.0,0.93,0.522993,0.159401,0.0,0.93,0.530806,0.160963,0.0,0.93,0.496431,0.160963,0.0,0.93,0.488618,0.159401,0.0,0.93,0.480806,0.160963,0.0,0.93,0.543306,0.167213,0.0,0.93,0.468306,0.167213,0.0,0.93,0.518306,0.190651,0.0,0.93,0.493306,0.190651,0.0,0.93,0.587056,0.275,0.0,0.93,0.424556,0.275,0.0,0.93,0.644381,0.369724,0.0,0.93,0.383931,0.391342,0.0,0.93,0.617161,0.477045,0.0,0.93,0.408931,0.475,0.0,0.93,0.637473,0.495795,0.0,0.93,0.388618,0.49375,0.0,0.93,0.643723,0.472357,0.0,0.93,0.382368,0.470312,0.0,0.93,0.631223,0.483295,0.0,0.93,0.394868,0.48125,0.0,0.93,0.568306,0.459375,0.0,0.93,0.443306,0.459375,0.0,0.93,0.577681,0.58125,0.0,0.32,0.433931,0.58125,0.0,0.32,0.583931,0.684375,0.0,0.32,0.427681,0.684375,0.0,0.32,0.574556,0.7,0.0,0.32,0.437056,0.7,0.0,0.32,0.618306,0.69375,0.0,0.32,0.393306,0.69375,0.0,0.32,0.617161,0.477045,0.0,0.88,0.627195,0.513441,0.0,0.88,0.627995,0.525734,0.0,0.88,0.628794,0.538027,0.0,0.88,0.629593,0.550319,0.0,0.88,0.618145,0.511146,0.0,0.88,0.617104,0.522972,0.0,0.88,0.616063,0.534797,0.0,0.88,0.615022,0.546623,0.0,0.88,0.609094,0.50885,0.0,0.88,0.606213,0.520209,0.0,0.88,0.603332,0.531568,0.0,0.88,0.600451,0.542928,0.0,0.88,0.600043,0.506555,0.0,0.88,0.595322,0.517447,0.0,0.88,0.5906,0.528339,0.0,0.88,0.585879,0.539232,0.0,0.88,0.590992,0.504259,0.0,0.88,0.58443,0.514685,0.0,0.88,0.577869,0.52511,0.0,0.88,0.571308,0.535536,0.0,0.88,0.408931,0.475,0.0,0.61,0.400433,0.511786,0.0,0.61,0.40015,0.524101,0.0,0.61,0.399868,0.536416,0.0,0.61,0.399585,0.548732,0.0,0.61,0.409379,0.509112,0.0,0.61,0.410916,0.520884,0.0,0.61,0.412452,0.532656,0.0,0.61,0.413988,0.544427,0.0,0.61,0.418326,0.506439,0.0,0.61,0.421681,0.517667,0.0,0.61,0.425037,0.528895,0.0,0.61,0.428392,0.540123,0.0,0.61,0.427272,0.503765,0.0,0.61,0.432447,0.51445,0.0,0.61,0.437621,0.525134,0.0,0.61,0.442795,0.535819,0.0,0.61,0.436219,0.501092,0.0,0.61,0.443212,0.511233,0.0,0.61,0.450206,0.521374,0.0,0.61,0.457199,0.531515,0.0,0.61
fixture/demo,17,0.566667,0,0.506071,0.17354,0.0,0.93,0.515446,0.16104,0.0,0.93,0.523259,0.159477,0.0,0.93,0.531071,0.16104,0.0,0.93,0.496696,0.16104,0.0,0.93,0.488884,0.159477,0.0,0.93,0.481071,0.16104,0.0,0.93,0.543571,0.16729,0.0,0.93,0.468571,0.16729,0.0,0.93,0.518571,0.190727,0.0,0.93,0.493571,0.190727,0.0,0.93,0.587321,0.275,0.0,0.93,0.424821,0.275,0.0,0.93,0.645479,0.36956,0.0,0.93,0.384196,0.391661,0.0,0.93,0.620247,0.477667,0.0,0.93,0.409196,0.475,0.0,0.93,0.64056,0.496417,0.0,0.93,0.388884,0.49375,0.0,0.93,0.64681,0.472979,0.0,0.93,0.382634,0.470312,0.0,0.93,0.63431,0.483917,0.0,0.93,0.395134,0.48125,0.0,0.93,0.568571,0.459375,0.0,0.93,0.443571,0.459375,0.0,0.93,0.577946,0.58125,0.0,0.32,0.434196,0.58125,0.0,0.32,0.584196,0.684375,0.0,0.32,0.427946,0.684375,0.0,0.32,0.574821,0.7,0.0,0.32,0.437321,0.7,0.0,0.32,0.618571,0.69375,0.0,0.32,0.393571,0.69375,0.0,0.32,0.620247,0.477667,0.0,0.88,0.630975,0.513865,0.0,0.88,0.632009,0.52614,0.0,0.88,0.633043,0.538415,0.0,0.88,0.634077,0.55069,0.0,0.88,0.621882,0.511743,0.0,0.88,0.621068,0.523586,0.0,0.88,0.620253,0.53543,0.0,0.88,0.619438,0.547273,0.0,0.88,0.612789,0.509621,0.0,0.88,0.610126,0.521033,0.0,0.88,0.607462,0.532445,0.0,0.88,0.604799,0.543857,0.0,0.88,0.603696,0.507498,0.0,0.88,0.599184,0.518479,0.0,0.88,0.594672,0.529459,0.0,0.88,0.590159,0.54044,0.0,0.88,0.594603,0.505376,0.0,0.88,0.588242,0.515925,0.0,0.88,0.581881,0.526474,0.0,0.88,0.57552,0.537023,0.0,0.88,0.409196,0.475,0.0,0.61,0.400737,0.511795,0.0,0.61,0.400467,0.52411,0.0,0.61,0.400198,0.536426,0.0,0.61,0.399928,0.548741,0.0,0.61,0.409681,0.509112,0.0,0.61,0.411229,0.520882,0.0,0.61,0.412778,0.532652,0.0,0.61,0.414327,0.544422,0.0,0.61,0.418624,0.506429,0.0,0.61,0.421992,0.517653,0.0,0.61,0.425359,0.528878,0.0,0.61,0.428726,0.540103,0.0,0.61,0.427568,0.503746,0.0,0.61,0.432754,0.514425,0.0,0.61,0.437939,0.525104,0.0,0.61,0.443125,0.535783,0.0,0.61,0.436512,0.501063,0.0,0.61,0.443516,0.511197,0.0,0.61,0.45052,0.52133,0.0,0.61,0.457524,0.531464,0.0,0.61
fixture/demo,18,0.6,0,0.50632,0.173667,0.0,0.93,0.515695,0.161167,0.0,0.93,0.523508,0.159604,0.0,0.93,0.53132,0.161167,0.0,0.93,0.496945,0.161167,0.0,0.93,0.489133,0.159604,0.0,0.93,0.48132,0.161167,0.0,0.93,0.54382,0.167417,0.0,0.93,0.46882,0.167417,0.0,0.93,0.51882,0.190854,0.0,0.93,0.49382,0.190854,0.0,0.93,0.58757,0.275,0.0,0.93,0.42507,0.275,0.0,0.93,0.64659,0.36941,0.0,0.93,0.384445,0.39196,0.0,0.93,0.623434,0.478316,0.0,0.93,0.409445,0.475,0.0,0.93,0.643746,0.497066,0.0,0.93,0.389133,0.49375,0.0,0.93,0.649996,0.473628,0.0,0.93,0.382883,0.470312,0.0,0.93,0.637496,0.484566,0.0,0.93,0.395383,0.48125,0.0,0.93,0.56882,0.459375,0.0,0.93,0.44382,0.459375,0.0,0.93,0.578195,0.58125,0.0,0.32,0.434445,0.58125,0.0,0.32,0.584445,0.684375,0.0,0.32,0.428195,0.684375,0.0,0.32,0.57507,0.7,0.0,0.32,0.43757,0.7,0.0,0.32,0.61882,0.69375,0.0,0.32,0.39382,0.69375,0.0,0.32,0.623434,0.478316,0.0,0.88,0.634876,0.514295,0.0,0.88,0.636153,0.526547,0.0,0.88,0.637429,0.538799,0.0,0.88,0.638706,0.551051,0.0,0.88,0.625743,0.512353,0.0,0.88,0.625163,0.52421,0.0,0.88,0.624582,0.536068,0.0,0.88,0.624002,0.547925,0.0,0.88,0.61661,0.510411,0.0,0.88,0.614172,0.521873,0.0,0.88,0.611735,0.533336,0.0,0.88,0.609298,0.544798,0.0,0.88,0.607476,0.508469,0.0,0.88,0.603182,0.519537,0.0,0.88,0.598888,0.530604,0.0,0.88,0.594594,0.541672,0.0,0.88,0.598343,0.506527,0.0,0.88,0.592192,0.5172,0.0,0.88,0.586041,0.527873,0.0,0.88,0.57989,0.538545,0.0,0.88,0.409445,0.475,0.0,0.61,0.401022,0.511803,0.0,0.61,0.400765,0.524119,0.0,0.61,0.400507,0.536435,0.0,0.61,0.40025,0.548751,0.0,0.61,0.409963,0.509111,0.0,0.61,0.411524,0.52088,0.0,0.61,0.413084,0.532648,0.0,0.61,0.414645,0.544417,0.0,0.61,0.418905,0.50642,0.0,0.61,0.422283,0.517641,0.0,0.61,0.425661,0.528862,0.0,0.61,0.429039,0.540083,0.0,0.61,0.427846,0.503728,0.0,0.61,0.433042,0.514402,0.0,0.61,0.438238,0.525076,0.0,0.61,0.443434,0.53575,0.0,0.61,0.436787,0.501036,0.0,0.61,0.443801,0.511163,0.0,0.61,0.450815,0.521289,0.0,0.61,0.457829,0.531416,0.0,0.61
fixture/demo,19,0.633333,0,0.506552,0.173843,0.0,0.93,0.515927,0.161343,0.0,0.93,0.52374,0.15978,0.0,0.93,0.531552,0.161343,0.0,0.93,0.497177,0.161343,0.0,0.93,0.489365,0.15978,0.0,0.93,0.481552,0.161343,0.0,0.93,0.544052,0.167593,0.0,0.93,0.469052,0.167593,0.0,0.93,0.519052,0.19103,0.0,0.93,0.494052,0.19103,0.0,0.93,0.587802,0.275,0.0,0.93,0.425302,0.275,0.0,0.93,0.647711,0.369279,0.0,0.93,0.384677,0.392238,0.0,0.93,0.626712,0.47899,0.0,0.93,0.409677,0.475,0.0,0.93,0.647025,0.49774,0.0,0.93,0.389365,0.49375,0.0,0.93,0.653275,0.474303,0.0,0.93,0.383115,0.470312,0.0,0.93,0.640775,0.48524,0.0,0.93,0.395615,0.48125,0.0,0.93,0.569052,0.459375,0.0,0.93,0.444052,0.459375,0.0,0.93,0.578427,0.58125,0.0,0.32,0.434677,0.58125,0.0,0.32,0.584677,0.684375,0.0,0.32,0.428427,0.684375,0.0,0.32,0.575302,0.7,0.0,0.32,0.437802,0.7,0.0,0.32,0.619052,0.69375,0.0,0.32,0.394052,0.69375,0.0,0.32,0.626712,0.47899,0.0,0.88,0.638886,0.514728,0.0,0.88,0.640412,0.526952,0.0,0.88,0.641939,0.539175,0.0,0.88,0.643465,0.551399,0.0,0.88,0.629715,0.512973,0.0,0.88,0.629377,0.52484,0.0,0.88,0.629038,0.536706,0.0,0.88,0.6287,0.548573,0.0,0.88,0.620544,0.511218,0.0,0.88,0.618341,0.522727,0.0,0.88,0.616138,0.534237,0.0,0.88,0.613935,0.545747,0.0,0.88,0.611373,0.509462,0.0,0.88,0.607306,0.520615,0.0,0.88,0.603238,0.531768,0.0,0.88,0.59917,0.542921,0.0,0.88,0.602202,0.507707,0.0,0.88,0.59627,0.518503,0.0,0.88,0.590338,0.529299,0.0,0.88,0.584406,0.540095,0.0,0.88,0.409677,0.475,0.0,0.61,0.401288,0.511811,0.0,0.61,0.401042,0.524127,0.0,0.61,0.400796,0.536443,0.0,0.61,0.40055,0.548759,0.0,0.61,0.410227,0.509111,0.0,0.61,0.411798,0.520878,0.0,0.61,0.413369,0.532645,0.0,0.61,0.414941,0.544412,0.0,0.61,0.419165,0.506411,0.0,0.61,0.422554,0.517629,0.0,0.61,0.425943,0.528847,0.0,0.61,0.429331,0.540065,0.0,0.61,0.428104,0.503711,0.0,0.61,0.43331,0.51438,0.0,0.61,0.438516,0.525049,0.0,0.61,0.443722,0.535718,0.0,0.61,0.437043,0.501011,0.0,0.61,0.444066,0.511131,0.0,0.61,0.451089,0.521251,0.0,0.61,0.458112,0.531371,0.0,0.61
fixture/demo,20,0.666667,0,0.506766,0.174066,0.0,0.93,0.516141,0.161566,0.0,0.93,0.523953,0.160003,0.0,0.93,0.531766,0.161566,0.0,0.93,0.497391,0.161566,0.0,0.93,0.489578,0.160003,0.0,0.93,0.481766,0.161566,0.0,0.93,0.544266,0.167816,0.0,0.93,0.469266,0.167816,0.0,0.93,0.519266,0.191253,0.0,0.93,0.494266,0.191253,0.0,0.93,0.588016,0.275,0.0,0.93,0.425516,0.275,0.0,0.93,0.648839,0.369167,0.0,0.93,0.384891,0.392494,0.0,0.93,0.630074,0.479688,0.0,0.93,0.409891,0.475,0.0,0.93,0.650387,0.498438,0.0,0.93,0.389578,0.49375,0.0,0.93,0.656637,0.475,0.0,0.93,0.383328,0.470312,0.0,0.93,0.644137,0.485938,0.0,0.93,0.395828,0.48125,0.0,0.93,0.569266,0.459375,0.0,0.93,0.444266,0.459375,0.0,0.93,0.578641,0.58125,0.0,0.32,0.434891,0.58125,0.0,0.32,0.584891,0.684375,0.0,0.32,0.428641,0.684375,0.0,0.32,0.575516,0.7,0.0,0.32,0.438016,0.7,0.0,0.32,0.619266,0.69375,0.0,0.32,0.394266,0.69375,0.0,0.32,0.630074,0.479688,0.0,0.88,0.642994,0.515163,0.0,0.88,0.644775,0.527352,0.0,0.88,0.646557,0.539541,0.0,0.88,0.648339,0.55173,0.0,0.88,0.633788,0.5136,0.0,0.88,0.633698,0.525471,0.0,0.88,0.633608,0.537342,0.0,0.88,0.633518,0.549214,0.0,0.88,0.624582,0.512037,0.0,0.88,0.62262,0.52359,0.0,0.88,0.620659,0.535144,0.0,0.88,0.618697,0.546697,0.0,0.88,0.615376,0.510474,0.0,0.88,0.611543,0.52171,0.0,0.88,0.60771,0.532945,0.0,0.88,0.603877,0.544181,0.0,0.88,0.60617,0.508911,0.0,0.88,0.600466,0.519829,0.0,0.88,0.594761,0.530747,0.0,0.88,0.589056,0.541665,0.0,0.88,0.409891,0.475,0.0,0.61,0.401534,0.511818,0.0,0.61,0.401298,0.524134,0.0,0.61,0.401063,0.536451,0.0,0.61,0.400827,0.548767,0.0,0.61,0.41047,0.50911,0.0,0.61,0.412051,0.520876,0.0,0.61,0.413633,0.532642,0.0,0.61,0.415214,0.544407,0.0,0.61,0.419406,0.506403,0.0,0.61,0.422804,0.517618,0.0,0.61,0.426203,0.528833,0.0,0.61,0.429601,0.540048,0.0,0.61,0.428342,0.503695,0.0,0.61,0.433557,0.514359,0.0,0.61,0.438773,0.525024,0.0,0.61,0.443988,0.535689,0.0,0.61,0.437279,0.500987,0.0,0.61,0.444311,0.511101,0.0,0.61,0.451343,0.521215,0.0,0.61,0.458375,0.531329,0.0,0.61
fixture/demo,21,0.7,0,0.506961,0.174333,0.0,0.93,0.516336,0.161833,0.0,0.93,0.524148,0.16027,0.0,0.93,0.531961,0.161833,0.0,0.93,0.497586,0.161833,0.0,0.93,0.489773,0.16027,0.0,0.93,0.481961,0.161833,0.0,0.93,0.544461,0.168083,0.0,0.93,0.469461,0.168083,0.0,0.93,0.519461,0.19152,0.0,0.93,0.494461,0.19152,0.0,0.93,0.588211,0.275,0.0,0.93,0.425711,0.275,0.0,0.93,0.649971,0.369078,0.0,0.93,0.385086,0.392728,0.0,0.93,0.633511,0.480406,0.0,0.93,0.410086,0.475,0.0,0.93,0.653824,0.499156,0.0,0.93,0.389773,0.49375,0.0,0.93,0.660074,0.475719,0.0,0.93,0.383523,0.470312,0.0,0.93,0.647574,0.486656,0.0,0.93,0.396023,0.48125,0.0,0.93,0.569461,0.459375,0.0,0.93,0.444461,0.459375,0.0,0.93,0.578836,0.58125,0.0,0.32,0.435086,0.58125,0.0,0.32,0.585086,0.684375,0.0,0.32,0.428836,0.684375,0.0,0.32,0.575711,0.7,0.0,0.32,0.438211,0.7,0.0,0.32,0.619461,0.69375,0.0,0.32,0.394461,0.69375,0.0,0.32,0.633511,0.480406,0.0,0.88,0.647186,0.515597,0.0,0.88,0.649228,0.527746,0.0,0.88,0.65127,0.539894,0.0,0.88,0.653313,0.552042,0.0,0.88,0.637949,0.514232,0.0,0.88,0.638113,0.526102,0.0,0.88,0.638277,0.537973,0.0,0.88,0.638441,0.549843,0.0,0.88,0.628712,0.512866,0.0,0.88,0.626998,0.524459,0.0,0.88,0.625284,0.536051,0.0,0.88,0.62357,0.547644,0.0,0.88,0.619475,0.5115,0.0,0.88,0.615883,0.522815,0.0,0.88,0.612291,0.53413,0.0,0.88,0.608699,0.545446,0.0,0.88,0.610238,0.510135,0.0,0.88,0.604768,0.521172,0.0,0.88,0.599298,0.532209,0.0,0.88,0.593828,0.543247,0.0,0.88,0.410086,0.475,0.0,0.61,0.401758,0.511825,0.0,0.61,0.401532,0.524141,0.0,0.61,0.401306,0.536458,0.0,0.61,0.401081,0.548774,0.0,0.61,0.410692,0.50911,0.0,0.61,0.412283,0.520874,0.0,0.61,0.413873,0.532639,0.0,0.61,0.415464,0.544403,0.0,0.61,0.419626,0.506395,0.0,0.61,0.423033,0.517608,0.0,0.61,0.42644,0.52882,0.0,0.61,0.429847,0.540033,0.0,0.61,0.42856,0.50368,0.0,0.61,0.433784,0.514341,0.0,0.61,0.439007,0.525001,0.0,0.61,0.444231,0.535662,0.0,0.61,0.437494,0.500965,0.0,0.61,0.444534,0.511074,0.0,0.61,0.451574,0.521183,0.0,0.61,0.458614,0.531291,0.0,0.61
fixture/demo,22,0.733333,0,0.507137,0.174642,0.0,0.93,0.516512,0.162142,0.0,0.93,0.524325,0.160579,0.0,0.93,0.532137,0.162142,0.0,0.93,0.497762,0.162142,0.0,0.93,0.48995,0.160579,0.0,0.93,0.482137,0.162142,0.0,0.93,0.544637,0.168392,0.0,0.93,0.469637,0.168392,0.0,0.93,0.519637,0.191829,0.0,0.93,0.494637,0.191829,0.0,0.93,0.588387,0.275,0.0,0.93,0.425887,0.275,0.0,0.93,0.651106,0.369013,0.0,0.93,0.385262,0.392939,0.0,0.93,0.637015,0.481145,0.0,0.93,0.410262,0.475,0.0,0.93,0.657327,0.499895,0.0,0.93,0.38995,0.49375,0.0,0.93,0.663577,0.476457,0.0,0.93,0.3837,0.470312,0.0,0.93,0.651077,0.487395,0.0,0.93,0.3962,0.48125,0.0,0.93,0.569637,0.459375,0.0,0.93,0.444637,0.459375,0.0,0.93,0.579012,0.58125,0.0,0.32,0.435262,0.58125,0.0,0.32,0.585262,0.684375,0.0,0.32,0.429012,0.684375,0.0,0.32,0.575887,0.7,0.0,0.32,0.438387,0.7,0.0,0.32,0.619637,0.69375,0.0,0.32,0.394637,0.69375,0.0,0.32,0.637015,0.481145,0.0,0.88,0.651453,0.51603,0.0,0.88,0.653759,0.52813,0.0,0.88,0.656065,0.540231,0.0,0.88,0.658371,0.552332,0.0,0.88,0.642188,0.514865,0.0,0.88,0.642611,0.526729,0.0,0.88,0.643033,0.538593,0.0,0.88,0.643455,0.550457,0.0,0.88,0.632923,0.513701,0.0,0.88,0.631462,0.525328,0.0,0.88,0.630001,0.536956,0.0,0.88,0.62854,0.548583,0.0,0.88,0.623659,0.512537,0.0,0.88,0.620314,0.523928,0.0,0.88,0.616969,0.535318,0.0,0.88,0.613624,0.546709,0.0,0.88,0.614394,0.511373,0.0,0.88,0.609166,0.522527,0.0,0.88,0.603937,0.53368,0.0,0.88,0.598709,0.544834,0.0,0.88,0.410262,0.475,0.0,0.61,0.40196,0.511831,0.0,0.61,0.401743,0.524147,0.0,0.61,0.401526,0.536464,0.0,0.61,0.40131,0.54878,0.0,0.61,0.410892,0.509109,0.0,0.61,0.412492,0.520873,0.0,0.61,0.414091,0.532636,0.0,0.61,0.41569,0.544399,0.0,0.61,0.419825,0.506388,0.0,0.61,0.42324,0.517598,0.0,0.61,0.426655,0.528808,0.0,0.61,0.43007,0.540018,0.0,0.61,0.428757,0.503667,0.0,0.61,0.433988,0.514324,0.0,0.61,0.439219,0.524981,0.0,0.61,0.44445,0.535637,0.0,0.61,0.437689,0.500946,0.0,0.61,0.444736,0.511049,0.0,0.61,0.451783,0.521153,0.0,0.61,0.458831,0.531256,0.0,0.61
fixture/demo,23,0.766667,0,0.507294,0.174988,0.0,0.93,0.516669,0.162488,0.0,0.93,0.524481,0.160926,0.0,0.93,0.532294,0.162488,0.0,0.93,0.497919,0.162488,0.0,0.93,0.490106,0.160926,0.0,0.93,0.482294,0.162488,0.0,0.93,0.544794,0.168738,0.0,0.93,0.469794,0.168738,0.0,0.93,0.519794,0.192176,0.0,0.93,0.494794,0.192176,0.0,0.93,0.588544,0.275,0.0,0.93,0.426044,0.275,0.0,0.93,0.652241,0.368974,0.0,0.93,0.385419,0.393127,0.0,0.93,0.640576,0.481901,0.0,0.93,0.410419,0.475,0.0,0.93,0.660889,0.500651,0.0,0.93,0.390106,0.49375,0.0,0.93,0.667139,0.477213,0.0,0.93,0.383856,0.470312,0.0,0.93,0.654639,0.488151,0.0,0.93,0.396356,0.48125,0.0,0.93,0.569794,0.459375,0.0,0.93,0.444794,0.459375,0.0,0.93,0.579169,0.58125,0.0,0.32,0.435419,0.58125,0.0,0.32,0.585419,0.684375,0.0,0.32,0.429169,0.684375,0.0,0.32,0.576044,0.7,0.0,0.32,0.438544,0.7,0.0,0.32,0.619794,0.69375,0.0,0.32,0.394794,0.69375,0.0,0.32,0.640576,0.481901,0.0,0.88,0.655781,0.516458,0.0,0.88,0.658353,0.528505,0.0,0.88,0.660926,0.540552,0.0,0.88,0.663499,0.552599,0.0,0.88,0.646493,0.515499,0.0,0.88,0.647177,0.527351,0.0,0.88,0.647861,0.539202,0.0,0.88,0.648545,0.551054,0.0,0.88,0.637205,0.514539,0.0,0.88,0.636,0.526196,0.0,0.88,0.634796,0.537853,0.0,0.88,0.633592,0.54951,0.0,0.88,0.627917,0.51358,0.0,0.88,0.624824,0.525042,0.0,0.88,0.621732,0.536503,0.0,0.88,0.618639,0.547965,0.0,0.88,0.618628,0.51262,0.0,0.88,0.613648,0.523887,0.0,0.88,0.608667,0.535154,0.0,0.88,0.603686,0.54642,0.0,0.88,0.410419,0.475,0.0,0.61,0.40214,0.511836,0.0,0.61,0.401931,0.524153,0.0,0.61,0.401722,0.536469,0.0,0.61,0.401513,0.548786,0.0,0.61,0.411071,0.509109,0.0,0.61,0.412677,0.520871,0.0,0.61,0.414284,0.532634,0.0,0.61,0.415891,0.544396,0.0,0.61,0.420001,0.506382,0.0,0.61,0.423424,0.51759,0.0,0.61,0.426846,0.528798,0.0,0.61,0.430268,0.540006,0.0,0.61,0.428932,0.503655,0.0,0.61,0.43417,0.514309,0.0,0.61,0.439408,0.524962,0.0,0.61,0.444646,0.535616,0.0,0.61,0.437862,0.500928,0.0,0.61,0.444916,0.511027,0.0,0.61,0.451969,0.521126,0.0,0.61,0.459023,0.531225,0.0,0.61
fixture/demo,24,0.8,0,0.50743,0.17537,0.0,0.93,0.516805,0.16287,0.0,0.93,0.524618,0.161307,0.0,0.93,0.53243,0.16287,0.0,0.93,0.498055,0.16287,0.0,0.93,0.490243,0.161307,0.0,0.93,0.48243,0.16287,0.0,0.93,0.54493,0.16912,0.0,0.93,0.46993,0.16912,0.0,0.93,0.51993,0.192557,0.0,0.93,0.49493,0.192557,0.0,0.93,0.58868,0.275,0.0,0.93,0.42618,0.275,0.0,0.93,0.653374,0.368962,0.0,0.93,0.385555,0.393291,0.0,0.93,0.644187,0.482672,0.0,0.93,0.410555,0.475,0.0,0.93,0.664499,0.501422,0.0,0.93,0.390243,0.49375,0.0,0.93,0.670749,0.477984,0.0,0.93,0.383993,0.470312,0.0,0.93,0.658249,0.488922,0.0,0.93,0.396493,0.48125,0.0,0.93,0.56993,0.459375,0.0,0.93,0.44493,0.459375,0.0,0.93,0.579305,0.58125,0.0,0.32,0.435555,0.58125,0.0,0.32,0.585555,0.684375,0.0,0.32,0.429305,0.684375,0.0,0.32,0.57618,0.7,0.0,0.32,0.43868,0.7,0.0,0.32,0.61993,0.69375,0.0,0.32,0.39493,0.69375,0.0,0.32,0.644187,0.482672,0.0,0.88,0.660159,0.516882,0.0,0.88,0.662999,0.528868,0.0,0.88,0.66584,0.540854,0.0,0.88,0.668681,0.552841,0.0,0.88,0.650851,0.51613,0.0,0.88,0.6518,0.527963,0.0,0.88,0.652748,0.539797,0.0,0.88,0.653697,0.55163,0.0,0.88,0.641544,0.515378,0.0,0.88,0.6406,0.527058,0.0,0.88,0.639657,0.538739,0.0,0.88,0.638713,0.55042,0.0,0.88,0.632237,0.514626,0.0,0.88,0.629401,0.526153,0.0,0.88,0.626565,0.537681,0.0,0.88,0.623729,0.549209,0.0,0.88,0.62293,0.513874,0.0,0.88,0.618202,0.525248,0.0,0.88,0.613473,0.536623,0.0,0.88,0.608745,0.547998,0.0,0.88,0.410555,0.475,0.0,0.61,0.402297,0.511841,0.0,0.61,0.402095,0.524157,0.0,0.61,0.401893,0.536474,0.0,0.61,0.401691,0.548791,0.0,0.61,0.411226,0.509109,0.0,0.61,0.41284,0.52087,0.0,0.61,0.414453,0.532631,0.0,0.61,0.416066,0.544393,0.0,0.61,0.420155,0.506377,0.0,0.61,0.423584,0.517583,0.0,0.61,0.427013,0.528789,0.0,0.61,0.430441,0.539995,0.0,0.61,0.429084,0.503645,0.0,0.61,0.434328,0.514295,0.0,0.61,0.439572,0.524946,0.0,0.61,0.444816,0.535596,0.0,0.61,0.438013,0.500913,0.0,0.61,0.445072,0.511008,0.0,0.61,0.452132,0.521103,0.0,0.61,0.459191,0.531198,0.0,0.61
fixture/demo,25,0.833333,0,0.507546,0.175781,0.0,0.93,0.516921,0.163281,0.0,0.93,0.524734,0.161719,0.0,0.93,0.532546,0.163281,0.0,0.93,0.498171,0.163281,0.0,0.93,0.490359,0.161719,0.0,0.93,0.482546,0.163281,0.0,0.93,0.545046,0.169531,0.0,0.93,0.470046,0.169531,0.0,0.93,0.520046,0.192969,0.0,0.93,0.495046,0.192969,0.0,0.93,0.588796,0.275,0.0,0.93,0.426296,0.275,0.0,0.93,0.654504,0.368979,0.0,0.93,0.385671,0.393431,0.0,0.93,0.647838,0.483456,0.0,0.93,0.410671,0.475,0.0,0.93,0.668151,0.502206,0.0,0.93,0.390359,0.49375,0.0,0.93,0.674401,0.478768,0.0,0.93,0.384109,0.470312,0.0,0.93,0.661901,0.489706,0.0,0.93,0.396609,0.48125,0.0,0.93,0.570046,0.459375,0.0,0.93,0.445046,0.459375,0.0,0.93,0.579421,0.58125,0.0,0.32,0.435671,0.58125,0.0,0.32,0.585671,0.684375,0.0,0.32,0.429421,0.684375,0.0,0.32,0.576296,0.7,0.0,0.32,0.438796,0.7,0.0,0.32,0.620046,0.69375,0.0,0.32,0.395046,0.69375,0.0,0.32,0.647838,0.483456,0.0,0.88,0.664574,0.517299,0.0,0.88,0.667684,0.529218,0.0,0.88,0.670793,0.541138,0.0,0.88,0.673902,0.553057,0.0,0.88,0.655253,0.516756,0.0,0.88,0.656467,0.528565,0.0,0.88,0.657681,0.540374,0.0,0.88,0.658895,0.552184,0.0,0.88,0.645931,0.516213,0.0,0.88,0.64525,0.527912,0.0,0.88,0.644569,0.539611,0.0,0.88,0.643887,0.55131,0.0,0.88,0.636609,0.51567,0.0,0.88,0.634033,0.527259,0.0,0.88,0.631456,0.538847,0.0,0.88,0.62888,0.550436,0.0,0.88,0.627287,0.515127,0.0,0.88,0.622816,0.526606,0.0,0.88,0.618344,0.538084,0.0,0.88,0.613873,0.549562,0.0,0.88,0.410671,0.475,0.0,0.61,0.402431,0.511845,0.0,0.61,0.402235,0.524161,0.0,0.61,0.402039,0.536478,0.0,0.61,0.401843,0.548795,0.0,0.61,0.411359,0.509108,0.0,0.61,0.412978,0.520869,0.0,0.61,0.414597,0.53263,0.0,0.61,0.416215,0.54439,0.0,0.61,0.420286,0.506372,0.0,0.61,0.42372,0.517576,0.0,0.61,0.427154,0.528781,0.0,0.61,0.430588,0.539985,0.0,0.61,0.429214,0.503636,0.0,0.61,0.434463,0.514284,0.0,0.61,0.439712,0.524932,0.0,0.61,0.444961,0.53558,0.0,0.61,0.438142,0.5009,0.0,0.61,0.445206,0.510991,0.0,0.61,0.45227,0.521083,0.0,0.61,0.459334,0.531175,0.0,0.61
fixture/demo,26,0.866667,0,0.507642,0.176218,0.0,0.93,0.517017,0.163718,0.0,0.93,0.524829,0.162156,0.0,0.93,0.532642,0.163718,0.0,0.93,0.498267,0.163718,0.0,0.93,0.490454,0.162156,0.0,0.93,0.482642,0.163718,0.0,0.93,0.545142,0.169968,0.0,0.93,0.470142,0.169968,0.0,0.93,0.520142,0.193406,0.0,0.93,0.495142,0.193406,0.0,0.93,0.588892,0.275,0.0,0.93,0.426392,0.275,0.0,0.93,0.655628,0.369024,0.0,0.93,0.385767,0.393545,0.0,0.93,0.651522,0.484251,0.0,0.93,0.410767,0.475,0.0,0.93,0.671834,0.503001,0.0,0.93,0.390454,0.49375,0.0,0.93,0.678084,0.479564,0.0,0.93,0.384204,0.470312,0.0,0.93,0.665584,0.490501,0.0,0.93,0.396704,0.48125,0.0,0.93,0.570142,0.459375,0.0,0.93,0.445142,0.459375,0.0,0.93,0.579517,0.58125,0.0,0.32,0.435767,0.58125,0.0,0.32,0.585767,0.684375,0.0,0.32,0.429517,0.684375,0.0,0.32,0.576392,0.7,0.0,0.32,0.438892,0.7,0.0,0.32,0.620142,0.69375,0.0,0.32,0.395142,0.69375,0.0,0.32,0.651522,0.484251,0.0,0.88,0.669017,0.517708,0.0,0.88,0.672394,0.529555,0.0,0.88,0.675771,0.541401,0.0,0.88,0.679148,0.553248,0.0,0.88,0.659685,0.517376,0.0,0.88,0.661165,0.529155,0.0,0.88,0.662645,0.540933,0.0,0.88,0.664125,0.552712,0.0,0.88,0.650353,0.517043,0.0,0.88,0.649936,0.528754,0.0,0.88,0.649519,0.540466,0.0,0.88,0.649101,0.552177,0.0,0.88,0.641022,0.516711,0.0,0.88,0.638707,0.528354,0.0,0.88,0.636393,0.539998,0.0,0.88,0.634078,0.551642,0.0,0.88,0.63169,0.516378,0.0,0.88,0.627478,0.527954,0.0,0.88,0.623267,0.53953,0.0,0.88,0.619055,0.551106,0.0,0.88,0.410767,0.475,0.0,0.61,0.402541,0.511848,0.0,0.61,0.40235,0.524165,0.0,0.61,0.402159,0.536482,0.0,0.61,0.401967,0.548799,0.0,0.61,0.411468,0.509108,0.0,0.61,0.413091,0.520868,0.0,0.61,0.414715,0.532628,0.0,0.61,0.416338,0.544388,0.0,0.61,0.420394,0.506368,0.0,0.61,0.423833,0.517571,0.0,0.61,0.427271,0.528774,0.0,0.61,0.430709,0.539977,0.0,0.61,0.429321,0.503629,0.0,0.61,0.434574,0.514275,0.0,0.61,0.439827,0.52492,0.0,0.61,0.445081,0.535566,0.0,0.61,0.438247,0.500889,0.0,0.61,0.445316,0.510978,0.0,0.61,0.452384,0.521067,0.0,0.61,0.459452,0.531156,0.0,0.61
fixture/demo,27,0.9,0,0.507716,0.176676,0.0,0.93,0.517091,0.164176,0.0,0.93,0.524904,0.162614,0.0,0.93,0.532716,0.164176,0.0,0.93,0.498341,0.164176,0.0,0.93,0.490529,0.162614,0.0,0.93,0.482716,0.164176,0.0,0.93,0.545216,0.170426,0.0,0.93,0.470216,0.170426,0.0,0.93,0.520216,0.193864,0.0,0.93,0.495216,0.193864,0.0,0.93,0.588966,0.275,0.0,0.93,0.426466,0.275,0.0,0.93,0.656745,0.369098,0.0,0.93,0.385841,0.393635,0.0,0.93,0.655229,0.485056,0.0,0.93,0.410841,0.475,0.0,0.93,0.675542,0.503806,0.0,0.93,0.390529,0.49375,0.0,0.93,0.681792,0.480368,0.0,0.93,0.384279,0.470312,0.0,0.93,0.669292,0.491306,0.0,0.93,0.396779,0.48125,0.0,0.93,0.570216,0.459375,0.0,0.93,0.445216,0.459375,0.0,0.93,0.579591,0.58125,0.0,0.32,0.435841,0.58125,0.0,0.32,0.585841,0.684375,0.0,0.32,0.429591,0.684375,0.0,0.32,0.576466,0.7,0.0,0.32,0.438966,0.7,0.0,0.32,0.620216,0.69375,0.0,0.32,0.395216,0.69375,0.0,0.32,0.655229,0.485056,0.0,0.88,0.673474,0.51811,0.0,0.88,0.677117,0.529877,0.0,0.88,0.68076,0.541644,0.0,0.88,0.684404,0.553412,0.0,0.88,0.664137,0.517987,0.0,0.88,0.665882,0.52973,0.0,0.88,0.667627,0.541473,0.0,0.88,0.669372,0.553215,0.0,0.88,0.6548,0.517865,0.0,0.88,0.654647,0.529583,0.0,0.88,0.654494,0.541301,0.0,0.88,0.654341,0.553019,0.0,0.88,0.645463,0.517743,0.0,0.88,0.643412,0.529436,0.0,0.88,0.641361,0.541129,0.0,0.88,0.639309,0.552822,0.0,0.88,0.636127,0.517621,0.0,0.88,0.632177,0.529289,0.0,0.88,0.628227,0.540958,0.0,0.88,0.624278,0.552626,0.0,0.88,0.410841,0.475,0.0,0.61,0.402627,0.51185,0.0,0.61,0.40244,0.524167,0.0,0.61,0.402252,0.536484,0.0,0.61,0.402064,0.548801,0.0,0.61,0.411553,0.509108,0.0,0.61,0.41318,0.520867,0.0,0.61,0.414807,0.532627,0.0,0.61,0.416434,0.544386,0.0,0.61,0.420478,0.506365,0.0,0.61,0.42392,0.517567,0.0,0.61,0.427362,0.528769,0.0,0.61,0.430804,0.539971,0.0,0.61,0.429404,0.503623,0.0,0.61,0.434661,0.514267,0.0,0.61,0.439917,0.524912,0.0,0.61,0.445174,0.535556,0.0,0.61,0.43833,0.50088,0.0,0.61,0.445401,0.510967,0.0,0.61,0.452472,0.521054,0.0,0.61,0.459544,0.531141,0.0,0.61
fixture/demo,28,0.933333,0,0.50777,0.17715,0.0,0.93,0.517145,0.16465,0.0,0.93,0.524957,0.163088,0.0,0.93,0.53277,0.16465,0.0,0.93,0.498395,0.16465,0.0,0.93,0.490582,0.163088,0.0,0.93,0.48277,0.16465,0.0,0.93,0.54527,0.1709,0.0,0.93,0.47027,0.1709,0.0,0.93,0.52027,0.194338,0.0,0.93,0.49527,0.194338,0.0,0.93,0.58902,0.275,0.0,0.93,0.42652,0.275,0.0,0.93,0.657853,0.369202,0.0,0.93,0.385895,0.393699,0.0,0.93,0.658951,0.485867,0.0,0.93,0.410895,0.475,0.0,0.93,0.679264,0.504617,0.0,0.93,0.390582,0.49375,0.0,0.93,0.685514,0.481179,0.0,0.93,0.384332,0.470312,0.0,0.93,0.673014,0.492117,0.0,0.93,0.396832,0.48125,0.0,0.93,0.57027,0.459375,0.0,0.93,0.44527,0.459375,0.0,0.93,0.579645,0.58125,0.0,0.32,0.435895,0.58125,0.0,0.32,0.585895,0.684375,0.0,0.32,0.429645,0.684375,0.0,0.32,0.57652,0.7,0.0,0.32,0.43902,0.7,0.0,0.32,0.62027,0.69375,0.0,0.32,0.39527,0.69375,0.0,0.32,0.658951,0.485867,0.0,0.88,0.677934,0.518502,0.0,0.88,0.681841,0.530185,0.0,0.88,0.685748,0.541867,0.0,0.88,0.689655,0.55355,0.0,0.88,0.668597,0.51859,0.0,0.88,0.670606,0.53029,0.0,0.88,0.672614,0.541991,0.0,0.88,0.674623,0.553691,0.0,0.88,0.65926,0.518678,0.0,0.88,0.65937,0.530396,0.0,0.88,0.659481,0.542114,0.0,0.88,0.659591,0.553832,0.0,0.88,0.649923,0.518766,0.0,0.88,0.648135,0.530502,0.0,0.88,0.646347,0.542238,0.0,0.88,0.644559,0.553974,0.0,0.88,0.640586,0.518854,0.0,0.88,0.6369,0.530608,0.0,0.88,0.633213,0.542361,0.0,0.88,0.629527,0.554115,0.0,0.88,0.410895,0.475,0.0,0.61,0.402689,0.511852,0.0,0.61,0.402504,0.524169,0.0,0.61,0.402319,0.536486,0.0,0.61,0.402134,0.548803,0.0,0.61,0.411614,0.509108,0.0,0.61,0.413243,0.520867,0.0,0.61,0.414873,0.532626,0.0,0.61,0.416503,0.544385,0.0,0.61,0.420539,0.506363,0.0,0.61,0.423983,0.517564,0.0,0.61,0.427427,0.528766,0.0,0.61,0.430872,0.539967,0.0,0.61,0.429464,0.503619,0.0,0.61,0.434723,0.514262,0.0,0.61,0.439982,0.524905,0.0,0.61,0.445241,0.535548,0.0,0.61,0.438389,0.500874,0.0,0.61,0.445462,0.51096,0.0,0.61,0.452536,0.521045,0.0,0.61,0.459609,0.53113,0.0,0.61
fixture/demo,29,0.966667,0,0.507802,0.177635,0.0,0.93,0.517177,0.165135,0.0,0.93,0.524989,0.163573,0.0,0.93,0.532802,0.165135,0.0,0.93,0.498427,0.165135,0.0,0.93,0.490614,0.163573,0.0,0.93,0.482802,0.165135,0.0,0.93,0.545302,0.171385,0.0,0.93,0.470302,0.171385,0.0,0.93,0.520302,0.194823,0.0,0.93,0.495302,0.194823,0.0,0.93,0.589052,0.275,0.0,0.93,0.426552,0.275,0.0,0.93,0.658951,0.369333,0.0,0.93,0.385927,0.393737,0.0,0.93,0.66268,0.486682,0.0,0.93,0.410927,0.475,0.0,0.93,0.682992,0.505432,0.0,0.93,0.390614,0.49375,0.0,0.93,0.689242,0.481995,0.0,0.93,0.384364,0.470312,0.0,0.93,0.676742,0.492932,0.0,0.93,0.396864,0.48125,0.0,0.93,0.570302,0.459375,0.0,0.93,0.445302,0.459375,0.0,0.93,0.579677,0.58125,0.0,0.32,0.435927,0.58125,0.0,0.32,0.585927,0.684375,0.0,0.32,0.429677,0.684375,0.0,0.32,0.576552,0.7,0.0,0.32,0.439052,0.7,0.0,0.32,0.620302,0.69375,0.0,0.32,0.395302,0.69375,0.0,0.32,0.66268,0.486682,0.0,0.88,0.682388,0.518885,0.0,0.88,0.686555,0.530477,0.0,0.88,0.690722,0.54207,0.0,0.88,0.694889,0.553662,0.0,0.88,0.673055,0.519182,0.0,0.88,0.675324,0.530834,0.0,0.88,0.677594,0.542487,0.0,0.88,0.679864,0.554139,0.0,0.88,0.663722,0.519478,0.0,0.88,0.664094,0.531191,0.0,0.88,0.664466,0.542904,0.0,0.88,0.664839,0.554617,0.0,0.88,0.654389,0.519775,0.0,0.88,0.652864,0.531548,0.0,0.88,0.651339,0.543321,0.0,0.88,0.649813,0.555094,0.0,0.88,0.645056,0.520071,0.0,0.88,0.641634,0.531905,0.0,0.88,0.638211,0.543738,0.0,0.88,0.634788,0.555572,0.0,0.88,0.410927,0.475,0.0,0.61,0.402726,0.511853,0.0,0.61,0.402542,0.52417,0.0,0.61,0.402359,0.536487,0.0,0.61,0.402176,0.548805,0.0,0.61,0.41165,0.509108,0.0,0.61,0.413282,0.520866,0.0,0.61,0.414913,0.532625,0.0,0.61,0.416544,0.544384,0.0,0.61,0.420575,0.506362,0.0,0.61,0.424021,0.517563,0.0,0.61,0.427467,0.528763,0.0,0.61,0.430913,0.539964,0.0,0.61,0.4295,0.503616,0.0,0.61,0.43476,0.514259,0.0,0.61,0.44002,0.524901,0.0,0.61,0.445281,0.535544,0.0,0.61,0.438425,0.500871,0.0,0.61,0.445499,0.510955,0.0,0.61,0.452574,0.521039,0.0,0.61,0.459649,0.531123,0.0,0.61
fixture/demo,30,1.0,0,0.507812,0.178125,0.0,0.93,0.517188,0.165625,0.0,0.93,0.525,0.164062,0.0,0.93,0.532812,0.165625,0.0,0.93,0.498438,0.165625,0.0,0.93,0.490625,0.164062,0.0,0.93,0.482812,0.165625,0.0,0.93,0.545312,0.171875,0.0,0.93,0.470312,0.171875,0.0,0.93,0.520312,0.195312,0.0,0.93,0.495312,0.195312,0.0,0.93,0.589062,0.275,0.0,0.93,0.426562,0.275,0.0,0.93,0.660036,0.369493,0.0,0.93,0.385938,0.39375,0.0,0.93,0.666406,0.4875,0.0,0.93,0.410938,0.475,0.0,0.93,0.686719,0.50625,0.0,0.93,0.390625,0.49375,0.0,0.93,0.692969,0.482812,0.0,0.93,0.384375,0.470312,0.0,0.93,0.680469,0.49375,0.0,0.93,0.396875,0.48125,0.0,0.93,0.570312,0.459375,0.0,0.93,0.445312,0.459375,0.0,0.93,0.579688,0.58125,0.0,0.32,0.435938,0.58125,0.0,0.32,0.585938,0.684375,0.0,0.32,0.429688,0.684375,0.0,0.32,0.576562,0.7,0.0,0.32,0.439062,0.7,0.0,0.32,0.620312,0.69375,0.0,0.32,0.395312,0.69375,0.0,0.32,0.666406,0.4875,0.0,0.88,0.686823,0.519258,0.0,0.88,0.691246,0.530755,0.0,0.88,0.695669,0.542252,0.0,0.88,0.700092,0.553749,0.0,0.88,0.677499,0.519762,0.0,0.88,0.680026,0.531361,0.0,0.88,0.682553,0.54296,0.0,0.88,0.685081,0.55456,0.0,0.88,0.668175,0.520265,0.0,0.88,0.668807,0.531967,0.0,0.88,0.669438,0.543668,0.0,0.88,0.67007,0.55537,0.0,0.88,0.658851,0.520768,0.0,0.88,0.657587,0.532572,0.0,0.88,0.656323,0.544376,0.0,0.88,0.655059,0.55618,0.0,0.88,0.649527,0.521271,0.0,0.88,0.646367,0.533178,0.0,0.88,0.643208,0.545084,0.0,0.88,0.640048,0.556991,0.0,0.88,0.410938,0.475,0.0,0.61,0.402738,0.511854,0.0,0.61,0.402555,0.524171,0.0,0.61,0.402373,0.536488,0.0,0.61,0.40219,0.548805,0.0,0.61,0.411663,0.509108,0.0,0.61,0.413294,0.520866,0.0,0.61,0.414926,0.532625,0.0,0.61,0.416558,0.544384,0.0,0.61,0.420587,0.506361,0.0,0.61,0.424034,0.517562,0.0,0.61,0.42748,0.528763,0.0,0.61,0.430926,0.539963,0.0,0.61,0.429512,0.503615,0.0,0.61,0.434773,0.514258,0.0,0.61,0.440033,0.5249,0.0,0.61,0.445294,0.535542,0.0,0.61,0.438436,0.500869,0.0,0.61,0.445512,0.510953,0.0,0.61,0.452587,0.521037,0.0,0.61,0.459662,0.531121,0.0,0.61
fixture/demo,31,1.033333,0,0.507802,0.178615,0.0,0.93,0.517177,0.166115,0.0,0.93,0.524989,0.164552,0.0,0.93,0.532802,0.166115,0.0,0.93,0.498427,0.166115,0.0,0.93,0.490614,0.164552,0.0,0.93,0.482802,0.166115,0.0,0.93,0.545302,0.172365,0.0,0.93,0.470302,0.172365,0.0,0.93,0.520302,0.195802,0.0,0.93,0.495302,0.195802,0.0,0.93,0.589052,0.275,0.0,0.93,0.426552,0.275,0.0,0.93,0.661108,0.369679,0.0,0.93,0.385927,0.393737,0.0,0.93,0.670122,0.488318,0.0,0.93,0.410927,0.475,0.0,0.93,0.690434,0.507068,0.0,0.93,0.390614,0.49375,0.0,0.93,0.696684,0.48363,0.0,0.93,0.384364,0.470312,0.0,0.93,0.684184,0.494568,0.0,0.93,0.396864,0.48125,0.0,0.93,0.570302,0.459375,0.0,0.93,0.445302,0.459375,0.0,0.93,0.579677,0.58125,0.0,0.32,0.435927,0.58125,0.0,0.32,0.585927,0.684375,0.0,0.32,0.429677,0.684375,0.0,0.32,0.576552,0.7,0.0,0.32,0.439052,0.7,0.0,0.32,0.620302,0.69375,0.0,0.32,0.395302,0.69375,0.0,0.32,0.670122,0.488318,0.0,0.88,0.691229,0.519621,0.0,0.88,0.695903,0.531019,0.0,0.88,0.700577,0.542416,0.0,0.88,0.70525,0.553813,0.0,0.88,0.681918,0.520329,0.0,0.88,0.684699,0.53187,0.0,0.88,0.68748,0.543411,0.0,0.88,0.690261,0.554952,0.0,0.88,0.672608,0.521036,0.0,0.88,0.673496,0.532721,0.0,0.88,0.674383,0.544406,0.0,0.88,0.675271,0.556091,0.0,0.88,0.663297,0.521743,0.0,0.88,0.662292,0.533572,0.0,0.88,0.661287,0.545401,0.0,0.88,0.660282,0.55723,0.0,0.88,0.653986,0.522451,0.0,0.88,0.651088,0.534423,0.0,0.88,0.64819,0.546396,0.0,0.88,0.645292,0.558369,0.0,0.88,0.410927,0.475,0.0,0.61,0.402726,0.511853,0.0,0.61,0.402542,0.52417,0.0,0.61,0.402359,0.536487,0.0,0.61,0.402176,0.548805,0.0,0.61,0.41165,0.509108,0.0,0.61,0.413282,0.520866,0.0,0.61,0.414913,0.532625,0.0,0.61,0.416544,0.544384,0.0,0.61,0.420575,0.506362,0.0,0.61,0.424021,0.517563,0.0,0.61,0.427467,0.528763,0.0,0.61,0.430913,0.539964,0.0,0.61,0.4295,0.503616,0.0,0.61,0.43476,0.514259,0.0,0.61,0.44002,0.524901,0.0,0.61,0.445281,0.535544,0.0,0.61,0.438425,0.500871,0.0,0.61,0.445499,0.510955,0.0,0.61,0.452574,0.521039,0.0,0.61,0.459649,0.531123,0.0,0.61
fixture/demo,32,1.066667,0,0.50777,0.1791,0.0,0.93,0.517145,0.1666,0.0,0.93,0.524957,0.165037,0.0,0.93,0.53277,0.1666,0.0,0.93,0.498395,0.1666,0.0,0.93,0.490582,0.165037,0.0,0.93,0.48277,0.1666,0.0,0.93,0.54527,0.17285,0.0,0.93,0.47027,0.17285,0.0,0.93,0.52027,0.196287,0.0,0.93,0.49527,0.196287,0.0,0.93,0.58902,0.275,0.0,0.93,0.42652,0.275,0.0,0.93,0.662164,0.369891,0.0,0.93,0.385895,0.393699,0.0,0.93,0.673818,0.489133,0.0,0.93,0.410895,0.475,0.0,0.93,0.694131,0.507883,0.0,0.93,0.390582,0.49375,0.0,0.93,0.700381,0.484446,0.0,0.93,0.384332,0.470312,0.0,0.93,0.687881,0.495383,0.0,0.93,0.396832,0.48125,0.0,0.93,0.57027,0.459375,0.0,0.93,0.44527,0.459375,0.0,0.93,0.579645,0.58125,0.0,0.32,0.435895,0.58125,0.0,0.32,0.585895,0.684375,0.0,0.32,0.429645,0.684375,0.0,0.32,0.57652,0.7,0.0,0.32,0.43902,0.7,0.0,0.32,0.62027,0.69375,0.0,0.32,0.39527,0.69375,0.0,0.32,0.673818,0.489133,0.0,0.88,0.695597,0.519974,0.0,0.88,0.700515,0.531267,0.0,0.88,0.705434,0.542561,0.0,0.88,0.710353,0.553855,0.0,0.88,0.686303,0.520882,0.0,0.88,0.689333,0.53236,0.0,0.88,0.692362,0.543839,0.0,0.88,0.695391,0.555317,0.0,0.88,0.67701,0.52179,0.0,0.88,0.67815,0.533453,0.0,0.88,0.67929,0.545117,0.0,0.88,0.68043,0.55678,0.0,0.88,0.667717,0.522698,0.0,0.88,0.666967,0.534546,0.0,0.88,0.666218,0.546394,0.0,0.88,0.665468,0.558242,0.0,0.88,0.658424,0.523607,0.0,0.88,0.655785,0.535639,0.0,0.88,0.653146,0.547672,0.0,0.88,0.650507,0.559704,0.0,0.88,0.410895,0.475,0.0,0.61,0.402689,0.511852,0.0,0.61,0.402504,0.524169,0.0,0.61,0.402319,0.536486,0.0,0.61,0.402134,0.548803,0.0,0.61,0.411614,0.509108,0.0,0.61,0.413243,0.520867,0.0,0.61,0.414873,0.532626,0.0,0.61,0.416503,0.544385,0.0,0.61,0.420539,0.506363,0.0,0.61,0.423983,0.517564,0.0,0.61,0.427427,0.528766,0.0,0.61,0.430872,0.539967,0.0,0.61,0.429464,0.503619,0.0,0.61,0.434723,0.514262,0.0,0.61,0.439982,0.524905,0.0,0.61,0.445241,0.535548,0.0,0.61,0.438389,0.500874,0.0,0.61,0.445462,0.51096,0.0,0.61,0.452536,0.521045,0.0,0.61,0.459609,0.53113,0.0,0.61
fixture/demo,33,1.1,0,0.507716,0.179574,0.0,0.93,0.517091,0.167074,0.0,0.93,0.524904,0.165511,0.0,0.93,0.532716,0.167074,0.0,0.93,0.498341,0.167074,0.0,0.93,0.490529,0.165511,0.0,0.93,0.482716,0.167074,0.0,0.93,0.545216,0.173324,0.0,0.93,0.470216,0.173324,0.0,0.93,0.520216,0.196761,0.0,0.93,0.495216,0.196761,0.0,0.93,0.588966,0.275,0.0,0.93,0.426466,0.275,0.0,0.93,0.663204,0.370127,0.0,0.93,0.385841,0.393635,0.0,0.93,0.677487,0.489944,0.0,0.93,0.410841,0.475,0.0,0.93,0.6978,0.508694,0.0,0.93,0.390529,0.49375,0.0,0.93,0.70405,0.485257,0.0,0.93,0.384279,0.470312,0.0,0.93,0.69155,0.496194,0.0,0.93,0.396779,0.48125,0.0,0.93,0.570216,0.459375,0.0,0.93,0.445216,0.459375,0.0,0.93,0.579591,0.58125,0.0,0.32,0.435841,0.58125,0.0,0.32,0.585841,0.684375,0.0,0.32,0.429591,0.684375,0.0,0.32,0.576466,0.7,0.0,0.32,0.438966,0.7,0.0,0.32,0.620216,0.69375,0.0,0.32,0.395216,0.69375,0.0,0.32,0.677487,0.489944,0.0,0.88,0.699915,0.520315,0.0,0.88,0.705072,0.531502,0.0,0.88,0.71023,0.542689,0.0,0.88,0.715387,0.553876,0.0,0.88,0.690643,0.521421,0.0,0.88,0.693915,0.532832,0.0,0.88,0.697188,0.544244,0.0,0.88,0.70046,0.555656,0.0,0.88,0.681371,0.522526,0.0,0.88,0.682758,0.534162,0.0,0.88,0.684146,0.545799,0.0,0.88,0.685533,0.557435,0.0,0.88,0.672099,0.523631,0.0,0.88,0.671602,0.535492,0.0,0.88,0.671104,0.547354,0.0,0.88,0.670606,0.559215,0.0,0.88,0.662828,0.524737,0.0,0.88,0.660445,0.536822,0.0,0.88,0.658062,0.548908,0.0,0.88,0.655679,0.560994,0.0,0.88,0.410841,0.475,0.0,0.61,0.402627,0.51185,0.0,0.61,0.40244,0.524167,0.0,0.61,0.402252,0.536484,0.0,0.61,0.402064,0.548801,0.0,0.61,0.411553,0.509108,0.0,0.61,0.41318,0.520867,0.0,0.61,0.414807,0.532627,0.0,0.61,0.416434,0.544386,0.0,0.61,0.420478,0.506365,0.0,0.61,0.42392,0.517567,0.0,0.61,0.427362,0.528769,0.0,0.61,0.430804,0.539971,0.0,0.61,0.429404,0.503623,0.0,0.61,0.434661,0.514267,0.0,0.61,0.439917,0.524912,0.0,0.61,0.445174,0.535556,0.0,0.61,0.43833,0.50088,0.0,0.61,0.445401,0.510967,0.0,0.61,0.452472,0.521054,0.0,0.61,0.459544,0.531141,0.0,0.61
fixture/demo,34,1.133333,0,0.507642,0.180032,0.0,0.93,0.517017,0.167532,0.0,0.93,0.524829,0.165969,0.0,0.93,0.532642,0.167532,0.0,0.93,0.498267,0.167532,0.0,0.93,0.490454,0.165969,0.0,0.93,0.482642,0.167532,0.0,0.93,0.545142,0.173782,0.0,0.93,0.470142,0.173782,0.0,0.93,0.520142,0.197219,0.0,0.93,0.495142,0.197219,0.0,0.93,0.588892,0.275,0.0,0.93,0.426392,0.275,0.0,0.93,0.664224,0.370384,0.0,0.93,0.385767,0.393545,0.0,0.93,0.68112,0.490749,0.0,0.93,0.410767,0.475,0.0,0.93,0.701432,0.509499,0.0,0.93,0.390454,0.49375,0.0,0.93,0.707682,0.486061,0.0,0.93,0.384204,0.470312,0.0,0.93,0.695182,0.496999,0.0,0.93,0.396704,0.48125,0.0,0.93,0.570142,0.459375,0.0,0.93,0.445142,0.459375,0.0,0.93,0.579517,0.58125,0.0,0.32,0.435767,0.58125,0.0,0.32,0.585767,0.684375,0.0,0.32,0.429517,0.684375,0.0,0.32,0.576392,0.7,0.0,0.32,0.438892,0.7,0.0,0.32,0.620142,0.69375,0.0,0.32,0.395142,0.69375,0.0,0.32,0.68112,0.490749,0.0,0.88,0.704175,0.520647,0.0,0.88,0.709564,0.531724,0.0,0.88,0.714953,0.542801,0.0,0.88,0.720342,0.553878,0.0,0.88,0.694928,0.521945,0.0,0.88,0.698437,0.533286,0.0,0.88,0.701946,0.544627,0.0,0.88,0.705455,0.555968,0.0,0.88,0.685681,0.523243,0.0,0.88,0.68731,0.534848,0.0,0.88,0.688939,0.546453,0.0,0.88,0.690568,0.558057,0.0,0.88,0.676434,0.524541,0.0,0.88,0.676183,0.536409,0.0,0.88,0.675932,0.548278,0.0,0.88,0.675681,0.560147,0.0,0.88,0.667187,0.525839,0.0,0.88,0.665056,0.537971,0.0,0.88,0.662925,0.550104,0.0,0.88,0.660794,0.562237,0.0,0.88,0.410767,0.475,0.0,0.61,0.402541,0.511848,0.0,0.61,0.40235,0.524165,0.0,0.61,0.402159,0.536482,0.0,0.61,0.401967,0.548799,0.0,0.61,0.411468,0.509108,0.0,0.61,0.413091,0.520868,0.0,0.61,0.414715,0.532628,0.0,0.61,0.416338,0.544388,0.0,0.61,0.420394,0.506368,0.0,0.61,0.423833,0.517571,0.0,0.61,0.427271,0.528774,0.0,0.61,0.430709,0.539977,0.0,0.61,0.429321,0.503629,0.0,0.61,0.434574,0.514275,0.0,0.61,0.439827,0.52492,0.0,0.61,0.445081,0.535566,0.0,0.61,0.438247,0.500889,0.0,0.61,0.445316,0.510978,0.0,0.61,0.452384,0.521067,0.0,0.61,0.459452,0.531156,0.0,0.61
fixture/demo,35,1.166667,0,0.507546,0.180469,0.0,0.93,0.516921,0.167969,0.0,0.93,0.524734,0.166406,0.0,0.93,0.532546,0.167969,0.0,0.93,0.498171,0.167969,0.0,0.93,0.490359,0.166406,0.0,0.93,0.482546,0.167969,0.0,0.93,0.545046,0.174219,0.0,0.93,0.470046,0.174219,0.0,0.93,0.520046,0.197656,0.0,0.93,0.495046,0.197656,0.0,0.93,0.588796,0.275,0.0,0.93,0.426296,0.275,0.0,0.93,0.665224,0.370661,0.0,0.93,0.385671,0.393431,0.0,0.93,0.684708,0.491544,0.0,0.93,0.410671,0.475,0.0,0.93,0.705021,0.510294,0.0,0.93,0.390359,0.49375,0.0,0.93,0.711271,0.486857,0.0,0.93,0.384109,0.470312,0.0,0.93,0.698771,0.497794,0.0,0.93,0.396609,0.48125,0.0,0.93,0.570046,0.459375,0.0,0.93,0.445046,0.459375,0.0,0.93,0.579421,0.58125,0.0,0.32,0.435671,0.58125,0.0,0.32,0.585671,0.684375,0.0,0.32,0.429421,0.684375,0.0,0.32,0.576296,0.7,0.0,0.32,0.438796,0.7,0.0,0.32,0.620046,0.69375,0.0,0.32,0.395046,0.69375,0.0,0.32,0.684708,0.491544,0.0,0.88,0.708366,0.520967,0.0,0.88,0.71398,0.531932,0.0,0.88,0.719593,0.542897,0.0,0.88,0.725206,0.553863,0.0,0.88,0.699148,0.522453,0.0,0.88,0.702887,0.53372,0.0,0.88,0.706626,0.544987,0.0,0.88,0.710365,0.556255,0.0,0.88,0.689929,0.523938,0.0,0.88,0.691794,0.535508,0.0,0.88,0.693659,0.547077,0.0,0.88,0.695524,0.558647,0.0,0.88,0.680711,0.525424,0.0,0.88,0.680701,0.537296,0.0,0.88,0.680692,0.549167,0.0,0.88,0.680682,0.561039,0.0,0.88,0.671492,0.52691,0.0,0.88,0.669609,0.539084,0.0,0.88,0.667725,0.551257,0.0,0.88,0.665841,0.563431,0.0,0.88,0.410671,0.475,0.0,0.61,0.402431,0.511845,0.0,0.61,0.402235,0.524161,0.0,0.61,0.402039,0.536478,0.0,0.61,0.401843,0.548795,0.0,0.61,0.411359,0.509108,0.0,0.61,0.412978,0.520869,0.0,0.61,0.414597,0.53263,0.0,0.61,0.416215,0.54439,0.0,0.61,0.420286,0.506372,0.0,0.61,0.42372,0.517576,0.0,0.61,0.427154,0.528781,0.0,0.61,0.430588,0.539985,0.0,0.61,0.429214,0.503636,0.0,0.61,0.434463,0.514284,0.0,0.61,0.439712,0.524932,0.0,0.61,0.444961,0.53558,0.0,0.61,0.438142,0.5009,0.0,0.61,0.445206,0.510991,0.0,0.61,0.45227,0.521083,0.0,0.61,0.459334,0.531175,0.0,0.61
fixture/demo,36,1.2,0,0.50743,0.18088,0.0,0.93,0.516805,0.16838,0.0,0.93,0.524618,0.166818,0.0,0.93,0.53243,0.16838,0.0,0.93,0.498055,0.16838,0.0,0.93,0.490243,0.166818,0.0,0.93,0.48243,0.16838,0.0,0.93,0.54493,0.17463,0.0,0.93,0.46993,0.17463,0.0,0.93,0.51993,0.198068,0.0,0.93,0.49493,0.198068,0.0,0.93,0.58868,0.275,0.0,0.93,0.42618,0.275,0.0,0.93,0.666202,0.370956,0.0,0.93,0.385555,0.393291,0.0,0.93,0.688243,0.492328,0.0,0.93,0.410555,0.475,0.0,0.93,0.708556,0.511078,0.0,0.93,0.390243,0.49375,0.0,0.93,0.714806,0.487641,0.0,0.93,0.383993,0.470312,0.0,0.93,0.702306,0.498578,0.0,0.93,0.396493,0.48125,0.0,0.93,0.56993,0.459375,0.0,0.93,0.44493,0.459375,0.0,0.93,0.579305,0.58125,0.0,0.32,0.435555,0.58125,0.0,0.32,0.585555,0.684375,0.0,0.32,0.429305,0.684375,0.0,0.32,0.57618,0.7,0.0,0.32,0.43868,0.7,0.0,0.32,0.61993,0.69375,0.0,0.32,0.39493,0.69375,0.0,0.32,0.688243,0.492328,0.0,0.88,0.712481,0.521276,0.0,0.88,0.71831,0.532128,0.0,0.88,0.72414,0.542979,0.0,0.88,0.72997,0.553831,0.0,0.88,0.703294,0.522944,0.0,0.88,0.707255,0.534135,0.0,0.88,0.711217,0.545326,0.0,0.88,0.715179,0.556517,0.0,0.88,0.694106,0.524613,0.0,0.88,0.6962,0.536143,0.0,0.88,0.698294,0.547673,0.0,0.88,0.700388,0.559203,0.0,0.88,0.684919,0.526281,0.0,0.88,0.685145,0.538151,0.0,0.88,0.685371,0.55002,0.0,0.88,0.685597,0.561889,0.0,0.88,0.675732,0.52795,0.0,0.88,0.67409,0.540158,0.0,0.88,0.672448,0.552367,0.0,0.88,0.670806,0.564575,0.0,0.88,0.410555,0.475,0.0,0.61,0.402297,0.511841,0.0,0.61,0.402095,0.524157,0.0,0.61,0.401893,0.536474,0.0,0.61,0.401691,0.548791,0.0,0.61,0.411226,0.509109,0.0,0.61,0.41284,0.52087,0.0,0.61,0.414453,0.532631,0.0,0.61,0.416066,0.544393,0.0,0.61,0.420155,0.506377,0.0,0.61,0.423584,0.517583,0.0,0.61,0.427013,0.528789,0.0,0.61,0.430441,0.539995,0.0,0.61,0.429084,0.503645,0.0,0.61,0.434328,0.514295,0.0,0.61,0.439572,0.524946,0.0,0.61,0.444816,0.535596,0.0,0.61,0.438013,0.500913,0.0,0.61,0.445072,0.511008,0.0,0.61,0.452132,0.521103,0.0,0.61,0.459191,0.531198,0.0,0.61
fixture/demo,37,1.233333,0,0.507294,0.181262,0.0,0.93,0.516669,0.168762,0.0,0.93,0.524481,0.167199,0.0,0.93,0.532294,0.168762,0.0,0.93,0.497919,0.168762,0.0,0.93,0.490106,0.167199,0.0,0.93,0.482294,0.168762,0.0,0.93,0.544794,0.175012,0.0,0.93,0.469794,0.175012,0.0,0.93,0.519794,0.198449,0.0,0.93,0.494794,0.198449,0.0,0.93,0.588544,0.275,0.0,0.93,0.426044,0.275,0.0,0.93,0.667155,0.371266,0.0,0.93,0.385419,0.393127,0.0,0.93,0.691717,0.493099,0.0,0.93,0.410419,0.475,0.0,0.93,0.71203,0.511849,0.0,0.93,0.390106,0.49375,0.0,0.93,0.71828,0.488412,0.0,0.93,0.383856,0.470312,0.0,0.93,0.70578,0.499349,0.0,0.93,0.396356,0.48125,0.0,0.93,0.569794,0.459375,0.0,0.93,0.444794,0.459375,0.0,0.93,0.579169,0.58125,0.0,0.32,0.435419,0.58125,0.0,0.32,0.585419,0.684375,0.0,0.32,0.429169,0.684375,0.0,0.32,0.576044,0.7,0.0,0.32,0.438544,0.7,0.0,0.32,0.619794,0.69375,0.0,0.32,0.394794,0.69375,0.0,0.32,0.691717,0.493099,0.0,0.88,0.716509,0.521574,0.0,0.88,0.722547,0.532311,0.0,0.88,0.728585,0.543048,0.0,0.88,0.734623,0.553786,0.0,0.88,0.707356,0.523419,0.0,0.88,0.711533,0.534532,0.0,0.88,0.71571,0.545644,0.0,0.88,0.719887,0.556757,0.0,0.88,0.698202,0.525265,0.0,0.88,0.700518,0.536752,0.0,0.88,0.702834,0.54824,0.0,0.88,0.70515,0.559728,0.0,0.88,0.689049,0.52711,0.0,0.88,0.689504,0.538973,0.0,0.88,0.689959,0.550836,0.0,0.88,0.690414,0.562699,0.0,0.88,0.679896,0.528956,0.0,0.88,0.67849,0.541194,0.0,0.88,0.677084,0.553432,0.0,0.88,0.675678,0.56567,0.0,0.88,0.410419,0.475,0.0,0.61,0.40214,0.511836,0.0,0.61,0.401931,0.524153,0.0,0.61,0.401722,0.536469,0.0,0.61,0.401513,0.548786,0.0,0.61,0.411071,0.509109,0.0,0.61,0.412677,0.520871,0.0,0.61,0.414284,0.532634,0.0,0.61,0.415891,0.544396,0.0,0.61,0.420001,0.506382,0.0,0.61,0.423424,0.51759,0.0,0.61,0.426846,0.528798,0.0,0.61,0.430268,0.540006,0.0,0.61,0.428932,0.503655,0.0,0.61,0.43417,0.514309,0.0,0.61,0.439408,0.524962,0.0,0.61,0.444646,0.535616,0.0,0.61,0.437862,0.500928,0.0,0.61,0.444916,0.511027,0.0,0.61,0.451969,0.521126,0.0,0.61,0.459023,0.531225,0.0,0.61
fixture/demo,38,1.266667,0,0.507137,0.181608,0.0,0.93,0.516512,0.169108,0.0,0.93,0.524325,0.167546,0.0,0.93,0.532137,0.169108,0.0,0.93,0.497762,0.169108,0.0,0.93,0.48995,0.167546,0.0,0.93,0.482137,0.169108,0.0,0.93,0.544637,0.175358,0.0,0.93,0.469637,0.175358,0.0,0.93,0.519637,0.198796,0.0,0.93,0.494637,0.198796,0.0,0.93,0.588387,0.275,0.0,0.93,0.425887,0.275,0.0,0.93,0.668081,0.371588,0.0,0.93,0.385262,0.392939,0.0,0.93,0.695122,0.493855,0.0,0.93,0.410262,0.475,0.0,0.93,0.715435,0.512605,0.0,0.93,0.38995,0.49375,0.0,0.93,0.721685,0.489168,0.0,0.93,0.3837,0.470312,0.0,0.93,0.709185,0.500105,0.0,0.93,0.3962,0.48125,0.0,0.93,0.569637,0.459375,0.0,0.93,0.444637,0.459375,0.0,0.93,0.579012,0.58125,0.0,0.32,0.435262,0.58125,0.0,0.32,0.585262,0.684375,0.0,0.32,0.429012,0.684375,0.0,0.32,0.575887,0.7,0.0,0.32,0.438387,0.7,0.0,0.32,0.619637,0.69375,0.0,0.32,0.394637,0.69375,0.0,0.32,0.695122,0.493855,0.0,0.88,0.720442,0.521861,0.0,0.88,0.72668,0.532483,0.0,0.88,0.732918,0.543105,0.0,0.88,0.739156,0.553728,0.0,0.88,0.711325,0.523877,0.0,0.88,0.715709,0.534909,0.0,0.88,0.720094,0.545942,0.0,0.88,0.724478,0.556974,0.0,0.88,0.702208,0.525894,0.0,0.88,0.704739,0.537336,0.0,0.88,0.707269,0.548778,0.0,0.88,0.7098,0.56022,0.0,0.88,0.693091,0.52791,0.0,0.88,0.693768,0.539762,0.0,0.88,0.694445,0.551614,0.0,0.88,0.695122,0.563467,0.0,0.88,0.683974,0.529926,0.0,0.88,0.682797,0.542188,0.0,0.88,0.68162,0.554451,0.0,0.88,0.680444,0.566713,0.0,0.88,0.410262,0.475,0.0,0.61,0.40196,0.511831,0.0,0.61,0.401743,0.524147,0.0,0.61,0.401526,0.536464,0.0,0.61,0.40131,0.54878,0.0,0.61,0.410892,0.509109,0.0,0.61,0.412492,0.520873,0.0,0.61,0.414091,0.532636,0.0,0.61,0.41569,0.544399,0.0,0.61,0.419825,0.506388,0.0,0.61,0.42324,0.517598,0.0,0.61,0.426655,0.528808,0.0,0.61,0.43007,0.540018,0.0,0.61,0.428757,0.503667,0.0,0.61,0.433988,0.514324,0.0,0.61,0.439219,0.524981,0.0,0.61,0.44445,0.535637,0.0,0.61,0.437689,0.500946,0.0,0.61,0.444736,0.511049,0.0,0.61,0.451783,0.521153,0.0,0.61,0.458831,0.531256,0.0,0.61
fixture/demo,39,1.3,0,0.506961,0.181917,0.0,0.93,0.516336,0.169417,0.0,0.93,0.524148,0.167855,0.0,0.93,0.531961,0.169417,0.0,0.93,0.497586,0.169417,0.0,0.93,0.489773,0.167855,0.0,0.93,0.481961,0.169417,0.0,0.93,0.544461,0.175667,0.0,0.93,0.469461,0.175667,0.0,0.93,0.519461,0.199105,0.0,0.93,0.494461,0.199105,0.0,0.93,0.588211,0.275,0.0,0.93,0.425711,0.275,0.0,0.93,0.66898,0.37192,0.0,0.93,0.385086,0.392728,0.0,0.93,0.69845,0.494594,0.0,0.93,0.410086,0.475,0.0,0.93,0.718762,0.513344,0.0,0.93,0.389773,0.49375,0.0,0.93,0.725012,0.489906,0.0,0.93,0.383523,0.470312,0.0,0.93,0.712512,0.500844,0.0,0.93,0.396023,0.48125,0.0,0.93,0.569461,0.459375,0.0,0.93,0.444461,0.459375,0.0,0.93,0.578836,0.58125,0.0,0.32,0.435086,0.58125,0.0,0.32,0.585086,0.684375,0.0,0.32,0.428836,0.684375,0.0,0.32,0.575711,0.7,0.0,0.32,0.438211,0.7,0.0,0.32,0.619461,0.69375,0.0,0.32,0.394461,0.69375,0.0,0.32,0.69845,0.494594,0.0,0.88,0.724273,0.522136,0.0,0.88,0.730702,0.532644,0.0,0.88,0.737131,0.543152,0.0,0.88,0.74356,0.553659,0.0,0.88,0.715193,0.524317,0.0,0.88,0.719777,0.535268,0.0,0.88,0.72436,0.54622,0.0,0.88,0.728943,0.557171,0.0,0.88,0.706114,0.526498,0.0,0.88,0.708852,0.537893,0.0,0.88,0.711589,0.549288,0.0,0.88,0.714326,0.560682,0.0,0.88,0.697035,0.528679,0.0,0.88,0.697926,0.540518,0.0,0.88,0.698818,0.552356,0.0,0.88,0.699709,0.564194,0.0,0.88,0.687956,0.530861,0.0,0.88,0.687001,0.543142,0.0,0.88,0.686047,0.555424,0.0,0.88,0.685092,0.567705,0.0,0.88,0.410086,0.475,0.0,0.61,0.401758,0.511825,0.0,0.61,0.401532,0.524141,0.0,0.61,0.401306,0.536458,0.0,0.61,0.401081,0.548774,0.0,0.61,0.410692,0.50911,0.0,0.61,0.412283,0.520874,0.0,0.61,0.413873,0.532639,0.0,0.61,0.415464,0.544403,0.0,0.61,0.419626,0.506395,0.0,0.61,0.423033,0.517608,0.0,0.61,0.42644,0.52882,0.0,0.61,0.429847,0.540033,0.0,0.61,0.42856,0.50368,0.0,0.61,0.433784,0.514341,0.0,0.61,0.439007,0.525001,0.0,0.61,0.444231,0.535662,0.0,0.61,0.437494,0.500965,0.0,0.61,0.444534,0.511074,0.0,0.61,0.451574,0.521183,0.0,0.61,0.458614,0.531291,0.0,0.61
fixture/demo,40,1.333333,0,0.506766,0.182184,0.0,0.93,0.516141,0.169684,0.0,0.93,0.523953,0.168122,0.0,0.93,0.531766,0.169684,0.0,0.93,0.497391,0.169684,0.0,0.93,0.489578,0.168122,0.0,0.93,0.481766,0.169684,0.0,0.93,0.544266,0.175934,0.0,0.93,0.469266,0.175934,0.0,0.93,0.519266,0.199372,0.0,0.93,0.494266,0.199372,0.0,0.93,0.588016,0.275,0.0,0.93,0.425516,0.275,0.0,0.93,0.669848,0.37226,0.0,0.93,0.384891,0.392494,0.0,0.93,0.701691,0.495312,0.0,0.93,0.409891,0.475,0.0,0.93,0.722004,0.514062,0.0,0.93,0.389578,0.49375,0.0,0.93,0.728254,0.490625,0.0,0.93,0.383328,0.470312,0.0,0.93,0.715754,0.501562,0.0,0.93,0.395828,0.48125,0.0,0.93,0.569266,0.459375,0.0,0.93,0.444266,0.459375,0.0,0.93,0.578641,0.58125,0.0,0.32,0.434891,0.58125,0.0,0.32,0.584891,0.684375,0.0,0.32,0.428641,0.684375,0.0,0.32,0.575516,0.7,0.0,0.32,0.438016,0.7,0.0,0.32,0.619266,0.69375,0.0,0.32,0.394266,0.69375,0.0,0.32,0.701691,0.495312,0.0,0.88,0.727991,0.5224,0.0,0.88,0.734603,0.532794,0.0,0.88,0.741215,0.543188,0.0,0.88,0.747826,0.553581,0.0,0.88,0.718952,0.524739,0.0,0.88,0.723725,0.535609,0.0,0.88,0.728499,0.546478,0.0,0.88,0.733273,0.557348,0.0,0.88,0.709912,0.527079,0.0,0.88,0.712848,0.538424,0.0,0.88,0.715784,0.549769,0.0,0.88,0.71872,0.561114,0.0,0.88,0.700872,0.529418,0.0,0.88,0.70197,0.541239,0.0,0.88,0.703068,0.553059,0.0,0.88,0.704166,0.56488,0.0,0.88,0.691833,0.531757,0.0,0.88,0.691093,0.544053,0.0,0.88,0.690353,0.55635,0.0,0.88,0.689613,0.568646,0.0,0.88,0.409891,0.475,0.0,0.61,0.401534,0.511818,0.0,0.61,0.401298,0.524134,0.0,0.61,0.401063,0.536451,0.0,0.61,0.400827,0.548767,0.0,0.61,0.41047,0.50911,0.0,0.61,0.412051,0.520876,0.0,0.61,0.413633,0.532642,0.0,0.61,0.415214,0.544407,0.0,0.61,0.419406,0.506403,0.0,0.61,0.422804,0.517618,0.0,0.61,0.426203,0.528833,0.0,0.61,0.429601,0.540048,0.0,0.61,0.428342,0.503695,0.0,0.61,0.433557,0.514359,0.0,0.61,0.438773,0.525024,0.0,0.61,0.443988,0.535689,0.0,0.61,0.437279,0.500987,0.0,0.61,0.444311,0.511101,0.0,0.61,0.451343,0.521215,0.0,0.61,0.458375,0.531329,0.0,0.61
fixture/demo,41,1.366667,0,0.506552,0.182407,0.0,0.93,0.515927,0.169907,0.0,0.93,0.52374,0.168345,0.0,0.93,0.531552,0.169907,0.0,0.93,0.497177,0.169907,0.0,0.93,0.489365,0.168345,0.0,0.93,0.481552,0.169907,0.0,0.93,0.544052,0.176157,0.0,0.93,0.469052,0.176157,0.0,0.93,0.519052,0.199595,0.0,0.93,0.494052,0.199595,0.0,0.93,0.587802,0.275,0.0,0.93,0.425302,0.275,0.0,0.93,0.670683,0.372604,0.0,0.93,0.384677,0.392238,0.0,0.93,0.70484,0.49601,0.0,0.93,0.409677,0.475,0.0,0.93,0.725152,0.51476,0.0,0.93,0.389365,0.49375,0.0,0.93,0.731402,0.491322,0.0,0.93,0.383115,0.470312,0.0,0.93,0.718902,0.50226,0.0,0.93,0.395615,0.48125,0.0,0.93,0.569052,0.459375,0.0,0.93,0.444052,0.459375,0.0,0.93,0.578427,0.58125,0.0,0.32,0.434677,0.58125,0.0,0.32,0.584677,0.684375,0.0,0.32,0.428427,0.684375,0.0,0.32,0.575302,0.7,0.0,0.32,0.437802,0.7,0.0,0.32,0.619052,0.69375,0.0,0.32,0.394052,0.69375,0.0,0.32,0.70484,0.49601,0.0,0.88,0.731591,0.522652,0.0,0.88,0.738376,0.532933,0.0,0.88,0.745162,0.543214,0.0,0.88,0.751947,0.553496,0.0,0.88,0.722592,0.525143,0.0,0.88,0.727547,0.53593,0.0,0.88,0.732503,0.546718,0.0,0.88,0.737459,0.557506,0.0,0.88,0.713593,0.527634,0.0,0.88,0.716719,0.538928,0.0,0.88,0.719845,0.550222,0.0,0.88,0.722971,0.561516,0.0,0.88,0.704593,0.530124,0.0,0.88,0.70589,0.541925,0.0,0.88,0.707186,0.553725,0.0,0.88,0.708483,0.565526,0.0,0.88,0.695594,0.532615,0.0,0.88,0.695061,0.544922,0.0,0.88,0.694528,0.557229,0.0,0.88,0.693995,0.569536,0.0,0.88,0.409677,0.475,0.0,0.61,0.401288,0.511811,0.0,0.61,0.401042,0.524127,0.0,0.61,0.400796,0.536443,0.0,0.61,0.40055,0.548759,0.0,0.61,0.410227,0.509111,0.0,0.61,0.411798,0.520878,0.0,0.61,0.413369,0.532645,0.0,0.61,0.414941,0.544412,0.0,0.61,0.419165,0.506411,0.0,0.61,0.422554,0.517629,0.0,0.61,0.425943,0.528847,0.0,0.61,0.429331,0.540065,0.0,0.61,0.428104,0.503711,0.0,0.61,0.43331,0.51438,0.0,0.61,0.438516,0.525049,0.0,0.61,0.443722,0.535718,0.0,0.61,0.437043,0.501011,0.0,0.61,0.444066,0.511131,0.0,0.61,0.451089,0.521251,0.0,0.61,0.458112,0.531371,0.0,0.61
fixture/demo,42,1.4,0,0.50632,0.182583,0.0,0.93,0.515695,0.170083,0.0,0.93,0.523508,0.168521,0.0,0.93,0.53132,0.170083,0.0,0.93,0.496945,0.170083,0.0,0.93,0.489133,0.168521,0.0,0.93,0.48132,0.170083,0.0,0.93,0.54382,0.176333,0.0,0.93,0.46882,0.176333,0.0,0.93,0.51882,0.199771,0.0,0.93,0.49382,0.199771,0.0,0.93,0.58757,0.275,0.0,0.93,0.42507,0.275,0.0,0.93,0.671483,0.37295,0.0,0.93,0.384445,0.39196,0.0,0.93,0.707887,0.496684,0.0,0.93,0.409445,0.475,0.0,0.93,0.728199,0.515434,0.0,0.93,0.389133,0.49375,0.0,0.93,0.734449,0.491997,0.0,0.93,0.382883,0.470312,0.0,0.93,0.721949,0.502934,0.0,0.93,0.395383,0.48125,0.0,0.93,0.56882,0.459375,0.0,0.93,0.44382,0.459375,0.0,0.93,0.578195,0.58125,0.0,0.32,0.434445,0.58125,0.0,0.32,0.584445,0.684375,0.0,0.32,0.428195,0.684375,0.0,0.32,0.57507,0.7,0.0,0.32,0.43757,0.7,0.0,0.32,0.61882,0.69375,0.0,0.32,0.39382,0.69375,0.0,0.32,0.707887,0.496684,0.0,0.88,0.735063,0.522892,0.0,0.88,0.742014,0.533062,0.0,0.88,0.748964,0.543233,0.0,0.88,0.755914,0.553404,0.0,0.88,0.726106,0.525527,0.0,0.88,0.731234,0.536234,0.0,0.88,0.736363,0.54694,0.0,0.88,0.741492,0.557647,0.0,0.88,0.717148,0.528163,0.0,0.88,0.720455,0.539405,0.0,0.88,0.723763,0.550647,0.0,0.88,0.72707,0.561889,0.0,0.88,0.70819,0.530798,0.0,0.88,0.709676,0.542576,0.0,0.88,0.711162,0.554354,0.0,0.88,0.712649,0.566132,0.0,0.88,0.699232,0.533433,0.0,0.88,0.698897,0.545747,0.0,0.88,0.698562,0.558061,0.0,0.88,0.698227,0.570375,0.0,0.88,0.409445,0.475,0.0,0.61,0.401022,0.511803,0.0,0.61,0.400765,0.524119,0.0,0.61,0.400507,0.536435,0.0,0.61,0.40025,0.548751,0.0,0.61,0.409963,0.509111,0.0,0.61,0.411524,0.52088,0.0,0.61,0.413084,0.532648,0.0,0.61,0.414645,0.544417,0.0,0.61,0.418905,0.50642,0.0,0.61,0.422283,0.517641,0.0,0.61,0.425661,0.528862,0.0,0.61,0.429039,0.540083,0.0,0.61,0.427846,0.503728,0.0,0.61,0.433042,0.514402,0.0,0.61,0.438238,0.525076,0.0,0.61,0.443434,0.53575,0.0,0.61,0.436787,0.501036,0.0,0.61,0.443801,0.511163,0.0,0.61,0.450815,0.521289,0.0,0.61,0.457829,0.531416,0.0,0.61
fixture/demo,43,1.433333,0,0.506071,0.18271,0.0,0.93,0.515446,0.17021,0.0,0.93,0.523259,0.168648,0.0,0.93,0.531071,0.17021,0.0,0.93,0.496696,0.17021,0.0,0.93,0.488884,0.168648,0.0,0.93,0.481071,0.17021,0.0,0.93,0.543571,0.17646,0.0,0.93,0.468571,0.17646,0.0,0.93,0.518571,0.199898,0.0,0.93,0.493571,0.199898,0.0,0.93,0.587321,0.275,0.0,0.93,0.424821,0.275,0.0,0.93,0.672246,0.373294,0.0,0.93,0.384196,0.391661,0.0,0.93,0.710824,0.497333,0.0,0.93,0.409196,0.475,0.0,0.93,0.731137,0.516083,0.0,0.93,0.388884,0.49375,0.0,0.93,0.737387,0.492646,0.0,0.93,0.382634,0.470312,0.0,0.93,0.724887,0.503583,0.0,0.93,0.395134,0.48125,0.0,0.93,0.568571,0.459375,0.0,0.93,0.443571,0.459375,0.0,0.93,0.577946,0.58125,0.0,0.32,0.434196,0.58125,0.0,0.32,0.584196,0.684375,0.0,0.32,0.427946,0.684375,0.0,0.32,0.574821,0.7,0.0,0.32,0.437321,0.7,0.0,0.32,0.618571,0.69375,0.0,0.32,0.393571,0.69375,0.0,0.32,0.710824,0.497333,0.0,0.88,0.738402,0.523119,0.0,0.88,0.745507,0.533181,0.0,0.88,0.752613,0.543244,0.0,0.88,0.759719,0.553306,0.0,0.88,0.729485,0.525892,0.0,0.88,0.734778,0.536518,0.0,0.88,0.740071,0.547145,0.0,0.88,0.745365,0.557771,0.0,0.88,0.720569,0.528665,0.0,0.88,0.724049,0.539855,0.0,0.88,0.72753,0.551045,0.0,0.88,0.73101,0.562235,0.0,0.88,0.711653,0.531438,0.0,0.88,0.71332,0.543192,0.0,0.88,0.714988,0.554946,0.0,0.88,0.716655,0.5667,0.0,0.88,0.702737,0.534211,0.0,0.88,0.702591,0.546529,0.0,0.88,0.702446,0.558847,0.0,0.88,0.702301,0.571164,0.0,0.88,0.409196,0.475,0.0,0.61,0.400737,0.511795,0.0,0.61,0.400467,0.52411,0.0,0.61,0.400198,0.536426,0.0,0.61,0.399928,0.548741,0.0,0.61,0.409681,0.509112,0.0,0.61,0.411229,0.520882,0.0,0.61,0.412778,0.532652,0.0,0.61,0.414327,0.544422,0.0,0.61,0.418624,0.506429,0.0,0.61,0.421992,0.517653,0.0,0.61,0.425359,0.528878,0.0,0.61,0.428726,0.540103,0.0,0.61,0.427568,0.503746,0.0,0.61,0.432754,0.514425,0.0,0.61,0.437939,0.525104,0.0,0.61,0.443125,0.535783,0.0,0.61,0.436512,0.501063,0.0,0.61,0.443516,0.511197,0.0,0.61,0.45052,0.52133,0.0,0.61,0.457524,0.531464,0.0,0.61
fixture/demo,44,1.466667,0,0.505806,0.182787,0.0,0.93,0.515181,0.170287,0.0,0.93,0.522993,0.168724,0.0,0.93,0.530806,0.170287,0.0,0.93,0.496431,0.170287,0.0,0.93,0.488618,0.168724,0.0,0.93,0.480806,0.170287,0.0,0.93,0.543306,0.176537,0.0,0.93,0.468306,0.176537,0.0,0.93,0.518306,0.199974,0.0,0.93,0.493306,0.199974,0.0,0.93,0.587056,0.275,0.0,0.93,0.424556,0.275,0.0,0.93,0.67297,0.373635,0.0,0.93,0.383931,0.391342,0.0,0.93,0.713645,0.497955,0.0,0.93,0.408931,0.475,0.0,0.93,0.733958,0.516705,0.0,0.93,0.388618,0.49375,0.0,0.93,0.740208,0.493268,0.0,0.93,0.382368,0.470312,0.0,0.93,0.727708,0.504205,0.0,0.93,0.394868,0.48125,0.0,0.93,0.568306,0.459375,0.0,0.93,0.443306,0.459375,0.0,0.93,0.577681,0.58125,0.0,0.32,0.433931,0.58125,0.0,0.32,0.583931,0.684375,0.0,0.32,0.427681,0.684375,0.0,0.32,0.574556,0.7,0.0,0.32,0.437056,0.7,0.0,0.32,0.618306,0.69375,0.0,0.32,0.393306,0.69375,0.0,0.32,0.713645,0.497955,0.0,0.88,0.741598,0.523334,0.0,0.88,0.748851,0.533291,0.0,0.88,0.756103,0.543248,0.0,0.88,0.763356,0.553205,0.0,0.88,0.732723,0.526237,0.0,0.88,0.738172,0.536785,0.0,0.88,0.74362,0.547332,0.0,0.88,0.749069,0.55788,0.0,0.88,0.723849,0.529141,0.0,0.88,0.727493,0.540279,0.0,0.88,0.731137,0.551416,0.0,0.88,0.734781,0.562554,0.0,0.88,0.714974,0.532045,0.0,0.88,0.716814,0.543773,0.0,0.88,0.718654,0.555501,0.0,0.88,0.720493,0.567229,0.0,0.88,0.7061,0.534948,0.0,0.88,0.706135,0.547267,0.0,0.88,0.70617,0.559585,0.0,0.88,0.706206,0.571903,0.0,0.88,0.408931,0.475,0.0,0.61,0.400433,0.511786,0.0,0.61,0.40015,0.524101,0.0,0.61,0.399868,0.536416,0.0,0.61,0.399585,0.548732,0.0,0.61,0.409379,0.509112,0.0,0.61,0.410916,0.520884,0.0,0.61,0.412452,0.532656,0.0,0.61,0.413988,0.544427,0.0,0.61,0.418326,0.506439,0.0,0.61,0.421681,0.517667,0.0,0.61,0.425037,0.528895,0.0,0.61,0.428392,0.540123,0.0,0.61,0.427272,0.503765,0.0,0.61,0.432447,0.51445,0.0,0.61,0.437621,0.525134,0.0,0.61,0.442795,0.535819,0.0,0.61,0.436219,0.501092,0.0,0.61,0.443212,0.511233,0.0,0.61,0.450206,0.521374,0.0,0.61,0.457199,0.531515,0.0,0.61
fixture/demo,45,1.5,0,0.505524,0.182812,0.0,0.93,0.514899,0.170312,0.0,0.93,0.522712,0.16875,0.0,0.93,0.530524,0.170312,0.0,0.93,0.496149,0.170312,0.0,0.93,0.488337,0.16875,0.0,0.93,0.480524,0.170312,0.0,0.93,0.543024,0.176562,0.0,0.93,0.468024,0.176562,0.0,0.93,0.518024,0.2,0.0,0.93,0.493024,0.2,0.0,0.93,0.586774,0.275,0.0,0.93,0.424274,0.275,0.0,0.93,0.673652,0.373969,0.0,0.93,0.383649,0.391004,0.0,0.93,0.716342,0.498549,0.0,0.93,0.408649,0.475,0.0,0.93,0.736655,0.517299,0.0,0.93,0.388337,0.49375,0.0,0.93,0.742905,0.493861,0.0,0.93,0.382087,0.470312,0.0,0.93,0.730405,0.504799,0.0,0.93,0.394587,0.48125,0.0,0.93,0.568024,0.459375,0.0,0.93,0.443024,0.459375,0.0,0.93,0.577399,0.58125,0.0,0.32,0.433649,0.58125,0.0,0.32,0.583649,0.684375,0.0,0.32,0.427399,0.684375,0.0,0.32,0.574274,0.7,0.0,0.32,0.436774,0.7,0.0,0.32,0.618024,0.69375,0.0,0.32,0.393024,0.69375,0.0,0.32,0.716342,0.498549,0.0,0.88,0.744645,0.523535,0.0,0.88,0.752036,0.53339,0.0,0.88,0.759427,0.543245,0.0,0.88,0.766818,0.5531,0.0,0.88,0.735812,0.526562,0.0,0.88,0.741407,0.537033,0.0,0.88,0.747002,0.547503,0.0,0.88,0.752597,0.557974,0.0,0.88,0.726979,0.529589,0.0,0.88,0.730778,0.540675,0.0,0.88,0.734577,0.551761,0.0,0.88,0.738376,0.562847,0.0,0.88,0.718146,0.532616,0.0,0.88,0.720149,0.544317,0.0,0.88,0.722152,0.556019,0.0,0.88,0.724154,0.56772,0.0,0.88,0.709312,0.535643,0.0,0.88,0.709519,0.54796,0.0,0.88,0.709726,0.560277,0.0,0.88,0.709933,0.572593,0.0,0.88,0.408649,0.475,0.0,0.61,0.400111,0.511776,0.0,0.61,0.399814,0.524091,0.0,0.61,0.399518,0.536406,0.0,0.61,0.399222,0.548721,0.0,0.61,0.40906,0.509113,0.0,0.61,0.410583,0.520886,0.0,0.61,0.412107,0.53266,0.0,0.61,0.41363,0.544433,0.0,0.61,0.41801,0.506449,0.0,0.61,0.421353,0.517681,0.0,0.61,0.424696,0.528913,0.0,0.61,0.428038,0.540145,0.0,0.61,0.426959,0.503785,0.0,0.61,0.432122,0.514476,0.0,0.61,0.437284,0.525166,0.0,0.61,0.442447,0.535856,0.0,0.61,0.435909,0.501122,0.0,0.61,0.442891,0.51127,0.0,0.61,0.449873,0.521419,0.0,0.61,0.456855,0.531568,0.0,0.61
fixture/demo,46,1.533333,0,0.505228,0.182787,0.0,0.93,0.514603,0.170287,0.0,0.93,0.522415,0.168724,0.0,0.93,0.530228,0.170287,0.0,0.93,0.495853,0.170287,0.0,0.93,0.48804,0.168724,0.0,0.93,0.480228,0.170287,0.0,0.93,0.542728,0.176537,0.0,0.93,0.467728,0.176537,0.0,0.93,0.517728,0.199974,0.0,0.93,0.492728,0.199974,0.0,0.93,0.586478,0.275,0.0,0.93,0.423978,0.275,0.0,0.93,0.674289,0.374294,0.0,0.93,0.383353,0.390648,0.0,0.93,0.718907,0.499112,0.0,0.93,0.408353,0.475,0.0,0.93,0.73922,0.517862,0.0,0.93,0.38804,0.49375,0.0,0.93,0.74547,0.494424,0.0,0.93,0.38179,0.470312,0.0,0.93,0.73297,0.505362,0.0,0.93,0.39429,0.48125,0.0,0.93,0.567728,0.459375,0.0,0.93,0.442728,0.459375,0.0,0.93,0.577103,0.58125,0.0,0.32,0.433353,0.58125,0.0,0.32,0.583353,0.684375,0.0,0.32,0.427103,0.684375,0.0,0.32,0.573978,0.7,0.0,0.32,0.436478,0.7,0.0,0.32,0.617728,0.69375,0.0,0.32,0.392728,0.69375,0.0,0.32,0.718907,0.499112,0.0,0.88,0.747537,0.523723,0.0,0.88,0.755057,0.53348,0.0,0.88,0.762577,0.543237,0.0,0.88,0.770097,0.552994,0.0,0.88,0.738745,0.526866,0.0,0.88,0.744477,0.537262,0.0,0.88,0.750209,0.547658,0.0,0.88,0.755941,0.558054,0.0,0.88,0.729952,0.530009,0.0,0.88,0.733897,0.541044,0.0,0.88,0.737841,0.552079,0.0,0.88,0.741786,0.563114,0.0,0.88,0.721159,0.533152,0.0,0.88,0.723316,0.544826,0.0,0.88,0.725473,0.5565,0.0,0.88,0.72763,0.568174,0.0,0.88,0.712367,0.536295,0.0,0.88,0.712736,0.548608,0.0,0.88,0.713105,0.560921,0.0,0.88,0.713475,0.573234,0.0,0.88,0.408353,0.475,0.0,0.61,0.399771,0.511767,0.0,0.61,0.399461,0.524081,0.0,0.61,0.399151,0.536396,0.0,0.61,0.39884,0.54871,0.0,0.61,0.408724,0.509113,0.0,0.61,0.410234,0.520888,0.0,0.61,0.411744,0.532663,0.0,0.61,0.413253,0.544439,0.0,0.61,0.417677,0.50646,0.0,0.61,0.421007,0.517696,0.0,0.61,0.424337,0.528931,0.0,0.61,0.427667,0.540167,0.0,0.61,0.426629,0.503807,0.0,0.61,0.431779,0.514503,0.0,0.61,0.43693,0.525199,0.0,0.61,0.44208,0.535895,0.0,0.61,0.435582,0.501153,0.0,0.61,0.442552,0.51131,0.0,0.61,0.449522,0.521467,0.0,0.61,0.456493,0.531623,0.0,0.61
fixture/demo,47,1.566667,0,0.504917,0.18271,0.0,0.93,0.514292,0.17021,0.0,0.93,0.522104,0.168648,0.0,0.93,0.529917,0.17021,0.0,0.93,0.495542,0.17021,0.0,0.93,0.487729,0.168648,0.0,0.93,0.479917,0.17021,0.0,0.93,0.542417,0.17646,0.0,0.93,0.467417,0.17646,0.0,0.93,0.517417,0.199898,0.0,0.93,0.492417,0.199898,0.0,0.93,0.586167,0.275,0.0,0.93,0.423667,0.275,0.0,0.93,0.674881,0.374607,0.0,0.93,0.383042,0.390275,0.0,0.93,0.721334,0.499643,0.0,0.93,0.408042,0.475,0.0,0.93,0.741646,0.518393,0.0,0.93,0.387729,0.49375,0.0,0.93,0.747896,0.494955,0.0,0.93,0.381479,0.470312,0.0,0.93,0.735396,0.505893,0.0,0.93,0.393979,0.48125,0.0,0.93,0.567417,0.459375,0.0,0.93,0.442417,0.459375,0.0,0.93,0.576792,0.58125,0.0,0.32,0.433042,0.58125,0.0,0.32,0.583042,0.684375,0.0,0.32,0.426792,0.684375,0.0,0.32,0.573667,0.7,0.0,0.32,0.436167,0.7,0.0,0.32,0.617417,0.69375,0.0,0.32,0.392417,0.69375,0.0,0.32,0.721334,0.499643,0.0,0.88,0.750267,0.523897,0.0,0.88,0.757907,0.53356,0.0,0.88,0.765548,0.543223,0.0,0.88,0.773188,0.552886,0.0,0.88,0.741514,0.527149,0.0,0.88,0.747375,0.537473,0.0,0.88,0.753236,0.547797,0.0,0.88,0.759096,0.558121,0.0,0.88,0.732761,0.530401,0.0,0.88,0.736842,0.541386,0.0,0.88,0.740923,0.552372,0.0,0.88,0.745005,0.563357,0.0,0.88,0.724008,0.533653,0.0,0.88,0.72631,0.545299,0.0,0.88,0.728611,0.556946,0.0,0.88,0.730913,0.568592,0.0,0.88,0.715255,0.536905,0.0,0.88,0.715777,0.549212,0.0,0.88,0.716299,0.56152,0.0,0.88,0.716821,0.573827,0.0,0.88,0.408042,0.475,0.0,0.61,0.399416,0.511756,0.0,0.61,0.399091,0.52407,0.0,0.61,0.398766,0.536385,0.0,0.61,0.398441,0.548699,0.0,0.61,0.408372,0.509114,0.0,0.61,0.409868,0.520891,0.0,0.61,0.411363,0.532667,0.0,0.61,0.412859,0.544444,0.0,0.61,0.417328,0.506471,0.0,0.61,0.420644,0.517711,0.0,0.61,0.423961,0.52895,0.0,0.61,0.427277,0.54019,0.0,0.61,0.426284,0.503828,0.0,0.61,0.431421,0.514531,0.0,0.61,0.436558,0.525233,0.0,0.61,0.441696,0.535936,0.0,0.61,0.435239,0.501186,0.0,0.61,0.442197,0.511351,0.0,0.61,0.449156,0.521516,0.0,0.61,0.456114,0.531681,0.0,0.61
fixture/demo,48,1.6,0,0.504592,0.182583,0.0,0.93,0.513967,0.170083,0.0,0.93,0.52178,0.168521,0.0,0.93,0.529592,0.170083,0.0,0.93,0.495217,0.170083,0.0,0.93,0.487405,0.168521,0.0,0.93,0.479592,0.170083,0.0,0.93,0.542092,0.176333,0.0,0.93,0.467092,0.176333,0.0,0.93,0.517092,0.199771,0.0,0.93,0.492092,0.199771,0.0,0.93,0.585842,0.275,0.0,0.93,0.423342,0.275,0.0,0.93,0.675423,0.374906,0.0,0.93,0.382717,0.389885,0.0,0.93,0.723615,0.500141,0.0,0.93,0.407717,0.475,0.0,0.93,0.743927,0.518891,0.0,0.93,0.387405,0.49375,0.0,0.93,0.750177,0.495453,0.0,0.93,0.381155,0.470312,0.0,0.93,0.737677,0.506391,0.0,0.93,0.393655,0.48125,0.0,0.93,0.567092,0.459375,0.0,0.93,0.442092,0.459375,0.0,0.93,0.576467,0.58125,0.0,0.32,0.432717,0.58125,0.0,0.32,0.582717,0.684375,0.0,0.32,0.426467,0.684375,0.0,0.32,0.573342,0.7,0.0,0.32,0.435842,0.7,0.0,0.32,0.617092,0.69375,0.0,0.32,0.392092,0.69375,0.0,0.32,0.723615,0.500141,0.0,0.88,0.752828,0.524057,0.0,0.88,0.76058,0.533631,0.0,0.88,0.768332,0.543204,0.0,0.88,0.776085,0.552777,0.0,0.88,0.744114,0.527411,0.0,0.88,0.750094,0.537666,0.0,0.88,0.756074,0.547921,0.0,0.88,0.762055,0.558176,0.0,0.88,0.735399,0.530764,0.0,0.88,0.739608,0.541701,0.0,0.88,0.743816,0.552638,0.0,0.88,0.748025,0.563575,0.0,0.88,0.726684,0.534118,0.0,0.88,0.729121,0.545736,0.0,0.88,0.731558,0.557355,0.0,0.88,0.733995,0.568974,0.0,0.88,0.71797,0.537471,0.0,0.88,0.718635,0.549772,0.0,0.88,0.7193,0.562072,0.0,0.88,0.719965,0.574373,0.0,0.88,0.407717,0.475,0.0,0.61,0.399046,0.511745,0.0,0.61,0.398706,0.524059,0.0,0.61,0.398365,0.536373,0.0,0.61,0.398025,0.548687,0.0,0.61,0.408005,0.509114,0.0,0.61,0.409486,0.520893,0.0,0.61,0.410967,0.532672,0.0,0.61,0.412448,0.54445,0.0,0.61,0.416964,0.506483,0.0,0.61,0.420267,0.517726,0.0,0.61,0.423569,0.52897,0.0,0.61,0.426872,0.540214,0.0,0.61,0.425923,0.503851,0.0,0.61,0.431047,0.51456,0.0,0.61,0.436171,0.525269,0.0,0.61,0.441295,0.535977,0.0,0.61,0.434882,0.50122,0.0,0.61,0.441828,0.511393,0.0,0.61,0.448773,0.521567,0.0,0.61,0.455719,0.531741,0.0,0.61
fixture/demo,49,1.633333,0,0.504255,0.182407,0.0,0.93,0.51363,0.169907,0.0,0.93,0.521442,0.168345,0.0,0.93,0.529255,0.169907,0.0,0.93,0.49488,0.169907,0.0,0.93,0.487067,0.168345,0.0,0.93,0.479255,0.169907,0.0,0.93,0.541755,0.176157,0.0,0.93,0.466755,0.176157,0.0,0.93,0.516755,0.199595,0.0,0.93,0.491755,0.199595,0.0,0.93,0.585505,0.275,0.0,0.93,0.423005,0.275,0.0,0.93,0.675915,0.375189,0.0,0.93,0.38238,0.389481,0.0,0.93,0.725744,0.500604,0.0,0.93,0.40738,0.475,0.0,0.93,0.746056,0.519354,0.0,0.93,0.387067,0.49375,0.0,0.93,0.752306,0.495917,0.0,0.93,0.380817,0.470312,0.0,0.93,0.739806,0.506854,0.0,0.93,0.393317,0.48125,0.0,0.93,0.566755,0.459375,0.0,0.93,0.441755,0.459375,0.0,0.93,0.57613,0.58125,0.0,0.32,0.43238,0.58125,0.0,0.32,0.58238,0.684375,0.0,0.32,0.42613,0.684375,0.0,0.32,0.573005,0.7,0.0,0.32,0.435505,0.7,0.0,0.32,0.616755,0.69375,0.0,0.32,0.391755,0.69375,0.0,0.32,0.725744,0.500604,0.0,0.88,0.755214,0.524203,0.0,0.88,0.76307,0.533691,0.0,0.88,0.770925,0.54318,0.0,0.88,0.778781,0.552669,0.0,0.88,0.746537,0.52765,0.0,0.88,0.752628,0.53784,0.0,0.88,0.758719,0.54803,0.0,0.88,0.76481,0.55822,0.0,0.88,0.737859,0.531098,0.0,0.88,0.742186,0.541989,0.0,0.88,0.746513,0.552879,0.0,0.88,0.75084,0.56377,0.0,0.88,0.729181,0.534546,0.0,0.88,0.731744,0.546137,0.0,0.88,0.734307,0.557729,0.0,0.88,0.736869,0.569321,0.0,0.88,0.720504,0.537994,0.0,0.88,0.721302,0.550286,0.0,0.88,0.7221,0.562579,0.0,0.88,0.722899,0.574871,0.0,0.88,0.40738,0.475,0.0,0.61,0.398662,0.511734,0.0,0.61,0.398306,0.524048,0.0,0.61,0.39795,0.536361,0.0,0.61,0.397593,0.548674,0.0,0.61,0.407624,0.509114,0.0,0.61,0.40909,0.520895,0.0,0.61,0.410556,0.532676,0.0,0.61,0.412022,0.544456,0.0,0.61,0.416587,0.506494,0.0,0.61,0.419875,0.517742,0.0,0.61,0.423163,0.52899,0.0,0.61,0.426451,0.540238,0.0,0.61,0.425549,0.503874,0.0,0.61,0.43066,0.51459,0.0,0.61,0.43577,0.525305,0.0,0.61,0.44088,0.53602,0.0,0.61,0.434512,0.501254,0.0,0.61,0.441444,0.511437,0.0,0.61,0.448377,0.52162,0.0,0.61,0.455309,0.531802,0.0,0.61
fixture/demo,50,1.666667,0,0.503906,0.182184,0.0,0.93,0.513281,0.169684,0.0,0.93,0.521094,0.168122,0.0,0.93,0.528906,0.169684,0.0,0.93,0.494531,0.169684,0.0,0.93,0.486719,0.168122,0.0,0.93,0.478906,0.169684,0.0,0.93,0.541406,0.175934,0.0,0.93,0.466406,0.175934,0.0,0.93,0.516406,0.199372,0.0,0.93,0.491406,0.199372,0.0,0.93,0.585156,0.275,0.0,0.93,0.422656,0.275,0.0,0.93,0.676354,0.375453,0.0,0.93,0.382031,0.389062,0.0,0.93,0.727714,0.501032,0.0,0.93,0.407031,0.475,0.0,0.93,0.748026,0.519782,0.0,0.93,0.386719,0.49375,0.0,0.93,0.754276,0.496344,0.0,0.93,0.380469,0.470312,0.0,0.93,0.741776,0.507282,0.0,0.93,0.392969,0.48125,0.0,0.93,0.566406,0.459375,0.0,0.93,0.441406,0.459375,0.0,0.93,0.575781,0.58125,0.0,0.32,0.432031,0.58125,0.0,0.32,0.582031,0.684375,0.0,0.32,0.425781,0.684375,0.0,0.32,0.572656,0.7,0.0,0.32,0.435156,0.7,0.0,0.32,0.616406,0.69375,0.0,0.32,0.391406,0.69375,0.0,0.32,0.727714,0.501032,0.0,0.88,0.75742,0.524333,0.0,0.88,0.76537,0.533742,0.0,0.88,0.773321,0.543152,0.0,0.88,0.781271,0.552561,0.0,0.88,0.748777,0.527868,0.0,0.88,0.754971,0.537996,0.0,0.88,0.761164,0.548124,0.0,0.88,0.767357,0.558252,0.0,0.88,0.740135,0.531402,0.0,0.88,0.744571,0.542249,0.0,0.88,0.749007,0.553096,0.0,0.88,0.753443,0.563942,0.0,0.88,0.731492,0.534937,0.0,0.88,0.734171,0.546502,0.0,0.88,0.73685,0.558068,0.0,0.88,0.739529,0.569633,0.0,0.88,0.722849,0.538472,0.0,0.88,0.723771,0.550756,0.0,0.88,0.724693,0.56304,0.0,0.88,0.725615,0.575324,0.0,0.88,0.407031,0.475,0.0,0.61,0.398265,0.511723,0.0,0.61,0.397893,0.524036,0.0,0.61,0.39752,0.536349,0.0,0.61,0.397148,0.548661,0.0,0.61,0.407231,0.509115,0.0,0.61,0.408681,0.520897,0.0,0.61,0.410132,0.53268,0.0,0.61,0.411582,0.544462,0.0,0.61,0.416197,0.506506,0.0,0.61,0.41947,0.517759,0.0,0.61,0.422744,0.529011,0.0,0.61,0.426017,0.540263,0.0,0.61,0.425163,0.503898,0.0,0.61,0.430259,0.51462,0.0,0.61,0.435355,0.525342,0.0,0.61,0.440451,0.536064,0.0,0.61,0.434128,0.50129,0.0,0.61,0.441048,0.511482,0.0,0.61,0.447967,0.521673,0.0,0.61,0.454886,0.531865,0.0,0.61
fixture/demo,51,1.7,0,0.503547,0.181917,0.0,0.93,0.512922,0.169417,0.0,0.93,0.520734,0.167855,0.0,0.93,0.528547,0.169417,0.0,0.93,0.494172,0.169417,0.0,0.93,0.486359,0.167855,0.0,0.93,0.478547,0.169417,0.0,0.93,0.541047,0.175667,0.0,0.93,0.466047,0.175667,0.0,0.93,0.516047,0.199105,0.0,0.93,0.491047,0.199105,0.0,0.93,0.584797,0.275,0.0,0.93,0.422297,0.275,0.0,0.93,0.676737,0.375696,0.0,0.93,0.381672,0.388631,0.0,0.93,0.729519,0.501422,0.0,0.93,0.406672,0.475,0.0,0.93,0.749831,0.520172,0.0,0.93,0.386359,0.49375,0.0,0.93,0.756081,0.496734,0.0,0.93,0.380109,0.470312,0.0,0.93,0.743581,0.507672,0.0,0.93,0.392609,0.48125,0.0,0.93,0.566047,0.459375,0.0,0.93,0.441047,0.459375,0.0,0.93,0.575422,0.58125,0.0,0.32,0.431672,0.58125,0.0,0.32,0.581672,0.684375,0.0,0.32,0.425422,0.684375,0.0,0.32,0.572297,0.7,0.0,0.32,0.434797,0.7,0.0,0.32,0.616047,0.69375,0.0,0.32,0.391047,0.69375,0.0,0.32,0.729519,0.501422,0.0,0.88,0.759439,0.524448,0.0,0.88,0.767476,0.533783,0.0,0.88,0.775513,0.543119,0.0,0.88,0.78355,0.552454,0.0,0.88,0.75083,0.528062,0.0,0.88,0.757116,0.538132,0.0,0.88,0.763403,0.548203,0.0,0.88,0.769689,0.558273,0.0,0.88,0.74222,0.531677,0.0,0.88,0.746756,0.542482,0.0,0.88,0.751292,0.553287,0.0,0.88,0.755829,0.564092,0.0,0.88,0.73361,0.535291,0.0,0.88,0.736396,0.546831,0.0,0.88,0.739182,0.558371,0.0,0.88,0.741968,0.569911,0.0,0.88,0.725001,0.538905,0.0,0.88,0.726036,0.55118,0.0,0.88,0.727071,0.563455,0.0,0.88,0.728107,0.57573,0.0,0.88,0.406672,0.475,0.0,0.61,0.397856,0.511711,0.0,0.61,0.397468,0.524023,0.0,0.61,0.397079,0.536336,0.0,0.61,0.39669,0.548648,0.0,0.61,0.406826,0.509115,0.0,0.61,0.40826,0.520899,0.0,0.61,0.409695,0.532684,0.0,0.61,0.41113,0.544468,0.0,0.61,0.415795,0.506519,0.0,0.61,0.419053,0.517775,0.0,0.61,0.422312,0.529032,0.0,0.61,0.42557,0.540289,0.0,0.61,0.424764,0.503922,0.0,0.61,0.429846,0.514651,0.0,0.61,0.434928,0.52538,0.0,0.61,0.44001,0.536109,0.0,0.61,0.433734,0.501326,0.0,0.61,0.440639,0.511527,0.0,0.61,0.447545,0.521728,0.0,0.61,0.45445,0.531929,0.0,0.61
fixture/demo,52,1.733333,0,0.503178,0.181608,0.0,0.93,0.512553,0.169108,0.0,0.93,0.520365,0.167546,0.0,0.93,0.528178,0.169108,0.0,0.93,0.493803,0.169108,0.0,0.93,0.48599,0.167546,0.0,0.93,0.478178,0.169108,0.0,0.93,0.540678,0.175358,0.0,0.93,0.465678,0.175358,0.0,0.93,0.515678,0.198796,0.0,0.93,0.490678,0.198796,0.0,0.93,0.584428,0.275,0.0,0.93,0.421928,0.275,0.0,0.93,0.677064,0.375917,0.0,0.93,0.381303,0.388188,0.0,0.93,0.731153,0.501774,0.0,0.93,0.406303,0.475,0.0,0.93,0.751466,0.520524,0.0,0.93,0.38599,0.49375,0.0,0.93,0.757716,0.497087,0.0,0.93,0.37974,0.470312,0.0,0.93,0.745216,0.508024,0.0,0.93,0.39224,0.48125,0.0,0.93,0.565678,0.459375,0.0,0.93,0.440678,0.459375,0.0,0.93,0.575053,0.58125,0.0,0.32,0.431303,0.58125,0.0,0.32,0.581303,0.684375,0.0,0.32,0.425053,0.684375,0.0,0.32,0.571928,0.7,0.0,0.32,0.434428,0.7,0.0,0.32,0.615678,0.69375,0.0,0.32,0.390678,0.69375,0.0,0.32,0.731153,0.501774,0.0,0.88,0.761267,0.524547,0.0,0.88,0.769382,0.533814,0.0,0.88,0.777498,0.543081,0.0,0.88,0.785613,0.552349,0.0,0.88,0.752688,0.528234,0.0,0.88,0.759059,0.538251,0.0,0.88,0.765431,0.548268,0.0,0.88,0.771802,0.558284,0.0,0.88,0.744109,0.531921,0.0,0.88,0.748736,0.542687,0.0,0.88,0.753364,0.553454,0.0,0.88,0.757991,0.56422,0.0,0.88,0.73553,0.535607,0.0,0.88,0.738413,0.547124,0.0,0.88,0.741296,0.55864,0.0,0.88,0.744179,0.570156,0.0,0.88,0.726952,0.539294,0.0,0.88,0.72809,0.55156,0.0,0.88,0.729229,0.563826,0.0,0.88,0.730368,0.576092,0.0,0.88,0.406303,0.475,0.0,0.61,0.397437,0.511699,0.0,0.61,0.397032,0.524011,0.0,0.61,0.396626,0.536323,0.0,0.61,0.39622,0.548635,0.0,0.61,0.40641,0.509115,0.0,0.61,0.407829,0.520902,0.0,0.61,0.409247,0.532688,0.0,0.61,0.410666,0.544474,0.0,0.61,0.415383,0.506531,0.0,0.61,0.418626,0.517792,0.0,0.61,0.421869,0.529053,0.0,0.61,0.425112,0.540314,0.0,0.61,0.424356,0.503947,0.0,0.61,0.429423,0.514683,0.0,0.61,0.43449,0.525419,0.0,0.61,0.439558,0.536154,0.0,0.61,0.433329,0.501363,0.0,0.61,0.44022,0.511573,0.0,0.61,0.447112,0.521784,0.0,0.61,0.454003,0.531994,0.0,0.61
fixture/demo,53,1.766667,0,0.5028,0.181262,0.0,0.93,0.512175,0.168762,0.0,0.93,0.519987,0.167199,0.0,0.93,0.5278,0.168762,0.0,0.93,0.493425,0.168762,0.0,0.93,0.485612,0.167199,0.0,0.93,0.4778,0.168762,0.0,0.93,0.5403,0.175012,0.0,0.93,0.4653,0.175012,0.0,0.93,0.5153,0.198449,0.0,0.93,0.4903,0.198449,0.0,0.93,0.58405,0.275,0.0,0.93,0.42155,0.275,0.0,0.93,0.677331,0.376113,0.0,0.93,0.380925,0.387735,0.0,0.93,0.732612,0.502087,0.0,0.93,0.405925,0.475,0.0,0.93,0.752924,0.520837,0.0,0.93,0.385612,0.49375,0.0,0.93,0.759174,0.4974,0.0,0.93,0.379362,0.470312,0.0,0.93,0.746674,0.508337,0.0,0.93,0.391862,0.48125,0.0,0.93,0.5653,0.459375,0.0,0.93,0.4403,0.459375,0.0,0.93,0.574675,0.58125,0.0,0.32,0.430925,0.58125,0.0,0.32,0.580925,0.684375,0.0,0.32,0.424675,0.684375,0.0,0.32,0.57155,0.7,0.0,0.32,0.43405,0.7,0.0,0.32,0.6153,0.69375,0.0,0.32,0.3903,0.69375,0.0,0.32,0.732612,0.502087,0.0,0.88,0.762898,0.52463,0.0,0.88,0.771084,0.533835,0.0,0.88,0.779269,0.54304,0.0,0.88,0.787455,0.552245,0.0,0.88,0.754347,0.528382,0.0,0.88,0.760795,0.53835,0.0,0.88,0.767242,0.548318,0.0,0.88,0.77369,0.558286,0.0,0.88,0.745797,0.532134,0.0,0.88,0.750506,0.542865,0.0,0.88,0.755215,0.553596,0.0,0.88,0.759924,0.564327,0.0,0.88,0.737246,0.535886,0.0,0.88,0.740217,0.54738,0.0,0.88,0.743188,0.558874,0.0,0.88,0.746158,0.570368,0.0,0.88,0.728696,0.539638,0.0,0.88,0.729928,0.551895,0.0,0.88,0.73116,0.564152,0.0,0.88,0.732392,0.576408,0.0,0.88,0.405925,0.475,0.0,0.61,0.397009,0.511687,0.0,0.61,0.396586,0.523998,0.0,0.61,0.396163,0.536309,0.0,0.61,0.395741,0.54862,0.0,0.61,0.405985,0.509115,0.0,0.61,0.407387,0.520904,0.0,0.61,0.40879,0.532692,0.0,0.61,0.410192,0.54448,0.0,0.61,0.414961,0.506544,0.0,0.61,0.418189,0.517809,0.0,0.61,0.421416,0.529075,0.0,0.61,0.424644,0.54034,0.0,0.61,0.423938,0.503972,0.0,0.61,0.42899,0.514715,0.0,0.61,0.434043,0.525457,0.0,0.61,0.439095,0.5362,0.0,0.61,0.432914,0.5014,0.0,0.61,0.439792,0.51162,0.0,0.61,0.446669,0.52184,0.0,0.61,0.453547,0.53206,0.0,0.61
fixture/demo,54,1.8,0,0.502414,0.18088,0.0,0.93,0.511789,0.16838,0.0,0.93,0.519602,0.166818,0.0,0.93,0.527414,0.16838,0.0,0.93,0.493039,0.16838,0.0,0.93,0.485227,0.166818,0.0,0.93,0.477414,0.16838,0.0,0.93,0.539914,0.17463,0.0,0.93,0.464914,0.17463,0.0,0.93,0.514914,0.198068,0.0,0.93,0.489914,0.198068,0.0,0.93,0.583664,0.275,0.0,0.93,0.421164,0.275,0.0,0.93,0.677538,0.376284,0.0,0.93,0.380539,0.387272,0.0,0.93,0.733888,0.50236,0.0,0.93,0.405539,0.475,0.0,0.93,0.754201,0.52111,0.0,0.93,0.385227,0.49375,0.0,0.93,0.760451,0.497673,0.0,0.93,0.378977,0.470312,0.0,0.93,0.747951,0.50861,0.0,0.93,0.391477,0.48125,0.0,0.93,0.564914,0.459375,0.0,0.93,0.439914,0.459375,0.0,0.93,0.574289,0.58125,0.0,0.32,0.430539,0.58125,0.0,0.32,0.580539,0.684375,0.0,0.32,0.424289,0.684375,0.0,0.32,0.571164,0.7,0.0,0.32,0.433664,0.7,0.0,0.32,0.614914,0.69375,0.0,0.32,0.389914,0.69375,0.0,0.32,0.733888,0.50236,0.0,0.88,0.764327,0.524696,0.0,0.88,0.772575,0.533846,0.0,0.88,0.780824,0.542995,0.0,0.88,0.789072,0.552145,0.0,0.88,0.755802,0.528507,0.0,0.88,0.762317,0.538431,0.0,0.88,0.768832,0.548355,0.0,0.88,0.775347,0.558279,0.0,0.88,0.747278,0.532317,0.0,0.88,0.752059,0.543015,0.0,0.88,0.756841,0.553714,0.0,0.88,0.761623,0.564413,0.0,0.88,0.738753,0.536127,0.0,0.88,0.741801,0.5476,0.0,0.88,0.74485,0.559074,0.0,0.88,0.747899,0.570547,0.0,0.88,0.730228,0.539937,0.0,0.88,0.731544,0.552185,0.0,0.88,0.732859,0.564433,0.0,0.88,0.734175,0.576681,0.0,0.88,0.405539,0.475,0.0,0.61,0.396572,0.511674,0.0,0.61,0.396132,0.523985,0.0,0.61,0.395692,0.536296,0.0,0.61,0.395252,0.548606,0.0,0.61,0.405552,0.509115,0.0,0.61,0.406938,0.520906,0.0,0.61,0.408324,0.532696,0.0,0.61,0.40971,0.544486,0.0,0.61,0.414532,0.506556,0.0,0.61,0.417743,0.517826,0.0,0.61,0.420955,0.529096,0.0,0.61,0.424167,0.540366,0.0,0.61,0.423512,0.503997,0.0,0.61,0.428549,0.514747,0.0,0.61,0.433587,0.525497,0.0,0.61,0.438624,0.536246,0.0,0.61,0.432492,0.501438,0.0,0.61,0.439355,0.511668,0.0,0.61,0.446218,0.521897,0.0,0.61,0.453081,0.532127,0.0,0.61
fixture/demo,55,1.833333,0,0.502022,0.180469,0.0,0.93,0.511397,0.167969,0.0,0.93,0.51921,0.166406,0.0,0.93,0.527022,0.167969,0.0,0.93,0.492647,0.167969,0.0,0.93,0.484835,0.166406,0.0,0.93,0.477022,0.167969,0.0,0.93,0.539522,0.174219,0.0,0.93,0.464522,0.174219,0.0,0.93,0.514522,0.197656,0.0,0.93,0.489522,0.197656,0.0,0.93,0.583272,0.275,0.0,0.93,0.420772,0.275,0.0,0.93,0.677682,0.376427,0.0,0.93,0.380147,0.386801,0.0,0.93,0.734979,0.502593,0.0,0.93,0.405147,0.475,0.0,0.93,0.755291,0.521343,0.0,0.93,0.384835,0.49375,0.0,0.93,0.761541,0.497905,0.0,0.93,0.378585,0.470312,0.0,0.93,0.749041,0.508843,0.0,0.93,0.391085,0.48125,0.0,0.93,0.564522,0.459375,0.0,0.93,0.439522,0.459375,0.0,0.93,0.573897,0.58125,0.0,0.32,0.430147,0.58125,0.0,0.32,0.580147,0.684375,0.0,0.32,0.423897,0.684375,0.0,0.32,0.570772,0.7,0.0,0.32,0.433272,0.7,0.0,0.32,0.614522,0.69375,0.0,0.32,0.389522,0.69375,0.0,0.32,0.734979,0.502593,0.0,0.88,0.76555,0.524746,0.0,0.88,0.773853,0.533846,0.0,0.88,0.782156,0.542946,0.0,0.88,0.790459,0.552046,0.0,0.88,0.757049,0.528607,0.0,0.88,0.763623,0.538492,0.0,0.88,0.770197,0.548377,0.0,0.88,0.776771,0.558262,0.0,0.88,0.748547,0.532469,0.0,0.88,0.753393,0.543138,0.0,0.88,0.758238,0.553808,0.0,0.88,0.763084,0.564478,0.0,0.88,0.740045,0.53633,0.0,0.88,0.743162,0.547785,0.0,0.88,0.746279,0.55924,0.0,0.88,0.749396,0.570694,0.0,0.88,0.731543,0.540191,0.0,0.88,0.732932,0.552431,0.0,0.88,0.73432,0.564671,0.0,0.88,0.735709,0.576911,0.0,0.88,0.405147,0.475,0.0,0.61,0.396128,0.511662,0.0,0.61,0.395671,0.523972,0.0,0.61,0.395214,0.536282,0.0,0.61,0.394757,0.548592,0.0,0.61,0.405112,0.509115,0.0,0.61,0.406481,0.520908,0.0,0.61,0.40785,0.5327,0.0,0.61,0.40922,0.544492,0.0,0.61,0.414095,0.506569,0.0,0.61,0.417291,0.517843,0.0,0.61,0.420487,0.529118,0.0,0.61,0.423683,0.540393,0.0,0.61,0.423079,0.504022,0.0,0.61,0.428101,0.514779,0.0,0.61,0.433123,0.525536,0.0,0.61,0.438146,0.536293,0.0,0.61,0.432062,0.501476,0.0,0.61,0.438911,0.511715,0.0,0.61,0.44576,0.521954,0.0,0.61,0.452609,0.532193,0.0,0.61
fixture/demo,56,1.866667,0,0.501624,0.180032,0.0,0.93,0.510999,0.167532,0.0,0.93,0.518812,0.165969,0.0,0.93,0.526624,0.167532,0.0,0.93,0.492249,0.167532,0.0,0.93,0.484437,0.165969,0.0,0.93,0.476624,0.167532,0.0,0.93,0.539124,0.173782,0.0,0.93,0.464124,0.173782,0.0,0.93,0.514124,0.197219,0.0,0.93,0.489124,0.197219,0.0,0.93,0.582874,0.275,0.0,0.93,0.420374,0.275,0.0,0.93,0.677762,0.376542,0.0,0.93,0.379749,0.386324,0.0,0.93,0.735879,0.502784,0.0,0.93,0.404749,0.475,0.0,0.93,0.756191,0.521534,0.0,0.93,0.384437,0.49375,0.0,0.93,0.762441,0.498096,0.0,0.93,0.378187,0.470312,0.0,0.93,0.749941,0.509034,0.0,0.93,0.390687,0.48125,0.0,0.93,0.564124,0.459375,0.0,0.93,0.439124,0.459375,0.0,0.93,0.573499,0.58125,0.0,0.32,0.429749,0.58125,0.0,0.32,0.579749,0.684375,0.0,0.32,0.423499,0.684375,0.0,0.32,0.570374,0.7,0.0,0.32,0.432874,0.7,0.0,0.32,0.614124,0.69375,0.0,0.32,0.389124,0.69375,0.0,0.32,0.735879,0.502784,0.0,0.88,0.766564,0.52478,0.0,0.88,0.774913,0.533837,0.0,0.88,0.783263,0.542894,0.0,0.88,0.791612,0.551951,0.0,0.88,0.758082,0.528685,0.0,0.88,0.764707,0.538536,0.0,0.88,0.771332,0.548387,0.0,0.88,0.777957,0.558238,0.0,0.88,0.7496,0.532589,0.0,0.88,0.754501,0.543234,0.0,0.88,0.759401,0.553879,0.0,0.88,0.764302,0.564524,0.0,0.88,0.741118,0.536494,0.0,0.88,0.744294,0.547933,0.0,0.88,0.74747,0.559372,0.0,0.88,0.750646,0.57081,0.0,0.88,0.732637,0.540399,0.0,0.88,0.734088,0.552631,0.0,0.88,0.73554,0.564864,0.0,0.88,0.736991,0.577097,0.0,0.88,0.404749,0.475,0.0,0.61,0.395679,0.511649,0.0,0.61,0.395204,0.523958,0.0,0.61,0.394729,0.536268,0.0,0.61,0.394255,0.548577,0.0,0.61,0.404666,0.509115,0.0,0.61,0.406018,0.520909,0.0,0.61,0.407371,0.532704,0.0,0.61,0.408724,0.544498,0.0,0.61,0.413653,0.506581,0.0,0.61,0.416833,0.51786,0.0,0.61,0.420013,0.52914,0.0,0.61,0.423193,0.540419,0.0,0.61,0.42264,0.504048,0.0,0.61,0.427647,0.514812,0.0,0.61,0.432654,0.525576,0.0,0.61,0.437661,0.53634,0.0,0.61,0.431627,0.501514,0.0,0.61,0.438462,0.511763,0.0,0.61,0.445296,0.522012,0.0,0.61,0.45213,0.53226,0.0,0.61
fixture/demo,57,1.9,0,0.501222,0.179574,0.0,0.93,0.510597,0.167074,0.0,0.93,0.51841,0.165511,0.0,0.93,0.526222,0.167074,0.0,0.93,0.491847,0.167074,0.0,0.93,0.484035,0.165511,0.0,0.93,0.476222,0.167074,0.0,0.93,0.538722,0.173324,0.0,0.93,0.463722,0.173324,0.0,0.93,0.513722,0.196761,0.0,0.93,0.488722,0.196761,0.0,0.93,0.582472,0.275,0.0,0.93,0.419972,0.275,0.0,0.93,0.677777,0.376628,0.0,0.93,0.379347,0.385842,0.0,0.93,0.736584,0.502933,0.0,0.93,0.404347,0.475,0.0,0.93,0.756897,0.521683,0.0,0.93,0.384035,0.49375,0.0,0.93,0.763147,0.498245,0.0,0.93,0.377785,0.470312,0.0,0.93,0.750647,0.509183,0.0,0.93,0.390285,0.48125,0.0,0.93,0.563722,0.459375,0.0,0.93,0.438722,0.459375,0.0,0.93,0.573097,0.58125,0.0,0.32,0.429347,0.58125,0.0,0.32,0.579347,0.684375,0.0,0.32,0.423097,0.684375,0.0,0.32,0.569972,0.7,0.0,0.32,0.432472,0.7,0.0,0.32,0.613722,0.69375,0.0,0.32,0.388722,0.69375,0.0,0.32,0.736584,0.502933,0.0,0.88,0.767364,0.524796,0.0,0.88,0.775752,0.533818,0.0,0.88,0.784141,0.542839,0.0,0.88,0.792529,0.55186,0.0,0.88,0.758899,0.528738,0.0,0.88,0.765566,0.53856,0.0,0.88,0.772234,0.548383,0.0,0.88,0.778901,0.558205,0.0,0.88,0.750434,0.532679,0.0,0.88,0.75538,0.543303,0.0,0.88,0.760327,0.553926,0.0,0.88,0.765273,0.56455,0.0,0.88,0.741969,0.53662,0.0,0.88,0.745194,0.548045,0.0,0.88,0.74842,0.55947,0.0,0.88,0.751645,0.570895,0.0,0.88,0.733504,0.540561,0.0,0.88,0.735008,0.552788,0.0,0.88,0.736512,0.565014,0.0,0.88,0.738017,0.57724,0.0,0.88,0.404347,0.475,0.0,0.61,0.395225,0.511636,0.0,0.61,0.394733,0.523945,0.0,0.61,0.394241,0.536253,0.0,0.61,0.393749,0.548562,0.0,0.61,0.404215,0.509115,0.0,0.61,0.405551,0.520911,0.0,0.61,0.406887,0.532707,0.0,0.61,0.408223,0.544503,0.0,0.61,0.413206,0.506594,0.0,0.61,0.41637,0.517878,0.0,0.61,0.419534,0.529161,0.0,0.61,0.422698,0.540445,0.0,0.61,0.422197,0.504073,0.0,0.61,0.427189,0.514844,0.0,0.61,0.432181,0.525615,0.0,0.61,0.437172,0.536386,0.0,0.61,0.431188,0.501552,0.0,0.61,0.438007,0.51181,0.0,0.61,0.444827,0.522069,0.0,0.61,0.451647,0.532327,0.0,0.61
fixture/demo,58,1.933333,0,0.500817,0.1791,0.0,0.93,0.510192,0.1666,0.0,0.93,0.518004,0.165037,0.0,0.93,0.525817,0.1666,0.0,0.93,0.491442,0.1666,0.0,0.93,0.483629,0.165037,0.0,0.93,0.475817,0.1666,0.0,0.93,0.538317,0.17285,0.0,0.93,0.463317,0.17285,0.0,0.93,0.513317,0.196287,0.0,0.93,0.488317,0.196287,0.0,0.93,0.582067,0.275,0.0,0.93,0.419567,0.275,0.0,0.93,0.677726,0.376683,0.0,0.93,0.378942,0.385355,0.0,0.93,0.737091,0.503039,0.0,0.93,0.403942,0.475,0.0,0.93,0.757404,0.521789,0.0,0.93,0.383629,0.49375,0.0,0.93,0.763654,0.498352,0.0,0.93,0.377379,0.470312,0.0,0.93,0.751154,0.509289,0.0,0.93,0.389879,0.48125,0.0,0.93,0.563317,0.459375,0.0,0.93,0.438317,0.459375,0.0,0.93,0.572692,0.58125,0.0,0.32,0.428942,0.58125,0.0,0.32,0.578942,0.684375,0.0,0.32,0.422692,0.684375,0.0,0.32,0.569567,0.7,0.0,0.32,0.432067,0.7,0.0,0.32,0.613317,0.69375,0.0,0.32,0.388317,0.69375,0.0,0.32,0.737091,0.503039,0.0,0.88,0.767947,0.524796,0.0,0.88,0.776366,0.533788,0.0,0.88,0.784786,0.54278,0.0,0.88,0.793206,0.551772,0.0,0.88,0.759495,0.528767,0.0,0.88,0.766197,0.538566,0.0,0.88,0.772898,0.548365,0.0,0.88,0.7796,0.558165,0.0,0.88,0.751044,0.532738,0.0,0.88,0.756027,0.543344,0.0,0.88,0.761011,0.55395,0.0,0.88,0.765994,0.564557,0.0,0.88,0.742593,0.536708,0.0,0.88,0.745858,0.548122,0.0,0.88,0.749123,0.559536,0.0,0.88,0.752388,0.570949,0.0,0.88,0.734142,0.540679,0.0,0.88,0.735688,0.5529,0.0,0.88,0.737235,0.565121,0.0,0.88,0.738782,0.577342,0.0,0.88,0.403942,0.475,0.0,0.61,0.394767,0.511623,0.0,0.61,0.394258,0.523931,0.0,0.61,0.393749,0.536239,0.0,0.61,0.393239,0.548547,0.0,0.61,0.403762,0.509115,0.0,0.61,0.405081,0.520913,0.0,0.61,0.4064,0.532711,0.0,0.61,0.40772,0.544509,0.0,0.61,0.412756,0.506606,0.0,0.61,0.415904,0.517894,0.0,0.61,0.419052,0.529182,0.0,0.61,0.4222,0.540471,0.0,0.61,0.42175,0.504098,0.0,0.61,0.426727,0.514876,0.0,0.61,0.431704,0.525654,0.0,0.61,0.43668,0.536432,0.0,0.61,0.430745,0.50159,0.0,0.61,0.43755,0.511858,0.0,0.61,0.444355,0.522126,0.0,0.61,0.45116,0.532394,0.0,0.61
fixture/demo,59,1.966667,0,0.500409,0.178615,0.0,0.93,0.509784,0.166115,0.0,0.93,0.517596,0.164552,0.0,0.93,0.525409,0.166115,0.0,0.93,0.491034,0.166115,0.0,0.93,0.483221,0.164552,0.0,0.93,0.475409,0.166115,0.0,0.93,0.537909,0.172365,0.0,0.93,0.462909,0.172365,0.0,0.93,0.512909,0.195802,0.0,0.93,0.487909,0.195802,0.0,0.93,0.581659,0.275,0.0,0.93,0.419159,0.275,0.0,0.93,0.677608,0.376708,0.0,0.93,0.378534,0.384866,0.0,0.93,0.737397,0.503104,0.0,0.93,0.403534,0.475,0.0,0.93,0.75771,0.521854,0.0,0.93,0.383221,0.49375,0.0,0.93,0.76396,0.498416,0.0,0.93,0.376971,0.470312,0.0,0.93,0.75146,0.509354,0.0,0.93,0.389471,0.48125,0.0,0.93,0.562909,0.459375,0.0,0.93,0.437909,0.459375,0.0,0.93,0.572284,0.58125,0.0,0.32,0.428534,0.58125,0.0,0.32,0.578534,0.684375,0.0,0.32,0.422284,0.684375,0.0,0.32,0.569159,0.7,0.0,0.32,0.431659,0.7,0.0,0.32,0.612909,0.69375,0.0,0.32,0.387909,0.69375,0.0,0.32,0.737397,0.503104,0.0,0.88,0.76831,0.524779,0.0,0.88,0.776753,0.533749,0.0,0.88,0.785196,0.542719,0.0,0.88,0.79364,0.551689,0.0,0.88,0.759869,0.528772,0.0,0.88,0.766596,0.538554,0.0,0.88,0.773323,0.548335,0.0,0.88,0.78005,0.558117,0.0,0.88,0.751428,0.532765,0.0,0.88,0.756439,0.543358,0.0,0.88,0.76145,0.553952,0.0,0.88,0.766461,0.564545,0.0,0.88,0.742987,0.536758,0.0,0.88,0.746282,0.548163,0.0,0.88,0.749577,0.559568,0.0,0.88,0.752872,0.570973,0.0,0.88,0.734547,0.54075,0.0,0.88,0.736125,0.552967,0.0,0.88,0.737704,0.565184,0.0,0.88,0.739283,0.577401,0.0,0.88,0.403534,0.475,0.0,0.61,0.394308,0.51161,0.0,0.61,0.393782,0.523917,0.0,0.61,0.393255,0.536225,0.0,0.61,0.392728,0.548532,0.0,0.61,0.403306,0.509114,0.0,0.61,0.404609,0.520914,0.0,0.61,0.405911,0.532714,0.0,0.61,0.407214,0.544514,0.0,0.61,0.412304,0.506619,0.0,0.61,0.415436,0.517911,0.0,0.61,0.418568,0.529204,0.0,0.61,0.4217,0.540496,0.0,0.61,0.421302,0.504123,0.0,0.61,0.426263,0.514908,0.0,0.61,0.431225,0.525693,0.0,0.61,0.436186,0.536478,0.0,0.61,0.430299,0.501627,0.0,0.61,0.43709,0.511905,0.0,0.61,0.443881,0.522183,0.0,0.61,0.450672,0.53246,0.0,0.61
fixture/demo,60,2.0,0,0.5,0.178125,0.0,0.93,0.509375,0.165625,0.0,0.93,0.517188,0.164062,0.0,0.93,0.525,0.165625,0.0,0.93,0.490625,0.165625,0.0,0.93,0.482812,0.164062,0.0,0.93,0.475,0.165625,0.0,0.93,0.5375,0.171875,0.0,0.93,0.4625,0.171875,0.0,0.93,0.5125,0.195312,0.0,0.93,0.4875,0.195312,0.0,0.93,0.58125,0.275,0.0,0.93,0.41875,0.275,0.0,0.93,0.677423,0.376701,0.0,0.93,0.378125,0.384375,0.0,0.93,0.7375,0.503125,0.0,0.93,0.403125,0.475,0.0,0.93,0.757812,0.521875,0.0,0.93,0.382812,0.49375,0.0,0.93,0.764062,0.498438,0.0,0.93,0.376562,0.470312,0.0,0.93,0.751562,0.509375,0.0,0.93,0.389062,0.48125,0.0,0.93,0.5625,0.459375,0.0,0.93,0.4375,0.459375,0.0,0.93,0.571875,0.58125,0.0,0.32,0.428125,0.58125,0.0,0.32,0.578125,0.684375,0.0,0.32,0.421875,0.684375,0.0,0.32,0.56875,0.7,0.0,0.32,0.43125,0.7,0.0,0.32,0.6125,0.69375,0.0,0.32,0.3875,0.69375,0.0,0.32,0.7375,0.503125,0.0,0.88,0.768451,0.524746,0.0,0.88,0.77691,0.533701,0.0,0.88,0.785369,0.542655,0.0,0.88,0.793828,0.55161,0.0,0.88,0.760017,0.528754,0.0,0.88,0.766762,0.538523,0.0,0.88,0.773506,0.548293,0.0,0.88,0.780251,0.558062,0.0,0.88,0.751583,0.532761,0.0,0.88,0.756613,0.543346,0.0,0.88,0.761643,0.55393,0.0,0.88,0.766673,0.564515,0.0,0.88,0.74315,0.536769,0.0,0.88,0.746465,0.548168,0.0,0.88,0.74978,0.559568,0.0,0.88,0.753095,0.570967,0.0,0.88,0.734716,0.540777,0.0,0.88,0.736317,0.552991,0.0,0.88,0.737917,0.565205,0.0,0.88,0.739517,0.577419,0.0,0.88,0.403125,0.475,0.0,0.61,0.393848,0.511597,0.0,0.61,0.393304,0.523904,0.0,0.61,0.392761,0.53621,0.0,0.61,0.392217,0.548517,0.0,0.61,0.40285,0.509114,0.0,0.61,0.404136,0.520916,0.0,0.61,0.405422,0.532717,0.0,0.61,0.406708,0.544519,0.0,0.61,0.411851,0.506631,0.0,0.61,0.414967,0.517928,0.0,0.61,0.418084,0.529225,0.0,0.61,0.4212,0.540521,0.0,0.61,0.420852,0.504148,0.0,0.61,0.425799,0.51494,0.0,0.61,0.430745,0.525732,0.0,0.61,0.435691,0.536524,0.0,0.61,0.429853,0.501665,0.0,0.61,0.43663,0.511952,0.0,0.61,0.443406,0.522239,0.0,0.61,0.450183,0.532526,0.0,0.61
fixture/demo,61,2.033333,0,0.499591,0.177635,0.0,0.93,0.508966,0.165135,0.0,0.93,0.516779,0.163573,0.0,0.93,0.524591,0.165135,0.0,0.93,0.490216,0.165135,0.0,0.93,0.482404,0.163573,0.0,0.93,0.474591,0.165135,0.0,0.93,0.537091,0.171385,0.0,0.93,0.462091,0.171385,0.0,0.93,0.512091,0.194823,0.0,0.93,0.487091,0.194823,0.0,0.93,0.580841,0.275,0.0,0.93,0.418341,0.275,0.0,0.93,0.677169,0.376664,0.0,0.93,0.377716,0.383884,0.0,0.93,0.737397,0.503104,0.0,0.93,0.402716,0.475,0.0,0.93,0.757709,0.521854,0.0,0.93,0.382404,0.49375,0.0,0.93,0.763959,0.498416,0.0,0.93,0.376154,0.470312,0.0,0.93,0.751459,0.509354,0.0,0.93,0.388654,0.48125,0.0,0.93,0.562091,0.459375,0.0,0.93,0.437091,0.459375,0.0,0.93,0.571466,0.58125,0.0,0.32,0.427716,0.58125,0.0,0.32,0.577716,0.684375,0.0,0.32,0.421466,0.684375,0.0,0.32,0.568341,0.7,0.0,0.32,0.430841,0.7,0.0,0.32,0.612091,0.69375,0.0,0.32,0.387091,0.69375,0.0,0.32,0.737397,0.503104,0.0,0.88,0.768368,0.524696,0.0,0.88,0.776835,0.533643,0.0,0.88,0.785302,0.54259,0.0,0.88,0.79377,0.551537,0.0,0.88,0.759938,0.528712,0.0,0.88,0.766691,0.538475,0.0,0.88,0.773445,0.548238,0.0,0.88,0.780198,0.558002,0.0,0.88,0.751508,0.532727,0.0,0.88,0.756547,0.543307,0.0,0.88,0.761587,0.553887,0.0,0.88,0.766626,0.564466,0.0,0.88,0.743078,0.536743,0.0,0.88,0.746403,0.548139,0.0,0.88,0.749729,0.559535,0.0,0.88,0.753055,0.570931,0.0,0.88,0.734648,0.540758,0.0,0.88,0.736259,0.552971,0.0,0.88,0.737871,0.565183,0.0,0.88,0.739483,0.577396,0.0,0.88,0.402716,0.475,0.0,0.61,0.393389,0.511584,0.0,0.61,0.392828,0.52389,0.0,0.61,0.392267,0.536196,0.0,0.61,0.391706,0.548502,0.0,0.61,0.402394,0.509114,0.0,0.61,0.403664,0.520917,0.0,0.61,0.404933,0.532721,0.0,0.61,0.406203,0.544524,0.0,0.61,0.411398,0.506643,0.0,0.61,0.414499,0.517944,0.0,0.61,0.4176,0.529245,0.0,0.61,0.4207,0.540546,0.0,0.61,0.420403,0.504172,0.0,0.61,0.425334,0.514971,0.0,0.61,0.430266,0.52577,0.0,0.61,0.435198,0.536569,0.0,0.61,0.429408,0.501702,0.0,0.61,0.43617,0.511998,0.0,0.61,0.442932,0.522295,0.0,0.61,0.449695,0.532591,0.0,0.61
fixture/demo,62,2.066667,0,0.499183,0.17715,0.0,0.93,0.508558,0.16465,0.0,0.93,0.516371,0.163088,0.0,0.93,0.524183,0.16465,0.0,0.93,0.489808,0.16465,0.0,0.93,0.481996,0.163088,0.0,0.93,0.474183,0.16465,0.0,0.93,0.536683,0.1709,0.0,0.93,0.461683,0.1709,0.0,0.93,0.511683,0.194338,0.0,0.93,0.486683,0.194338,0.0,0.93,0.580433,0.275,0.0,0.93,0.417933,0.275,0.0,0.93,0.676847,0.376595,0.0,0.93,0.377308,0.383395,0.0,0.93,0.737087,0.503039,0.0,0.93,0.402308,0.475,0.0,0.93,0.757399,0.521789,0.0,0.93,0.381996,0.49375,0.0,0.93,0.763649,0.498352,0.0,0.93,0.375746,0.470312,0.0,0.93,0.751149,0.509289,0.0,0.93,0.388246,0.48125,0.0,0.93,0.561683,0.459375,0.0,0.93,0.436683,0.459375,0.0,0.93,0.571058,0.58125,0.0,0.32,0.427308,0.58125,0.0,0.32,0.577308,0.684375,0.0,0.32,0.421058,0.684375,0.0,0.32,0.567933,0.7,0.0,0.32,0.430433,0.7,0.0,0.32,0.611683,0.69375,0.0,0.32,0.386683,0.69375,0.0,0.32,0.737087,0.503039,0.0,0.88,0.768059,0.52463,0.0,0.88,0.776527,0.533576,0.0,0.88,0.784995,0.542523,0.0,0.88,0.793463,0.551469,0.0,0.88,0.759629,0.528646,0.0,0.88,0.766383,0.538409,0.0,0.88,0.773137,0.548172,0.0,0.88,0.779891,0.557935,0.0,0.88,0.751199,0.532662,0.0,0.88,0.75624,0.543241,0.0,0.88,0.76128,0.553821,0.0,0.88,0.76632,0.5644,0.0,0.88,0.74277,0.536678,0.0,0.88,0.746096,0.548074,0.0,0.88,0.749422,0.55947,0.0,0.88,0.752749,0.570866,0.0,0.88,0.73434,0.540694,0.0,0.88,0.735952,0.552907,0.0,0.88,0.737565,0.565119,0.0,0.88,0.739177,0.577332,0.0,0.88,0.402308,0.475,0.0,0.61,0.392931,0.511572,0.0,0.61,0.392354,0.523877,0.0,0.61,0.391776,0.536182,0.0,0.61,0.391198,0.548486,0.0,0.61,0.401939,0.509113,0.0,0.61,0.403193,0.520918,0.0,0.61,0.404447,0.532723,0.0,0.61,0.405701,0.544529,0.0,0.61,0.410947,0.506655,0.0,0.61,0.414033,0.51796,0.0,0.61,0.417118,0.529265,0.0,0.61,0.420203,0.540571,0.0,0.61,0.419955,0.504196,0.0,0.61,0.424872,0.515002,0.0,0.61,0.429789,0.525807,0.0,0.61,0.434706,0.536613,0.0,0.61,0.428963,0.501738,0.0,0.61,0.435712,0.512044,0.0,0.61,0.44246,0.522349,0.0,0.61,0.449208,0.532655,0.0,0.61
fixture/demo,63,2.1,0,0.498778,0.176676,0.0,0.93,0.508153,0.164176,0.0,0.93,0.515965,0.162614,0.0,0.93,0.523778,0.164176,0.0,0.93,0.489403,0.164176,0.0,0.93,0.48159,0.162614,0.0,0.93,0.473778,0.164176,0.0,0.93,0.536278,0.170426,0.0,0.93,0.461278,0.170426,0.0,0.93,0.511278,0.193864,0.0,0.93,0.486278,0.193864,0.0,0.93,0.580028,0.275,0.0,0.93,0.417528,0.275,0.0,0.93,0.676457,0.376495,0.0,0.93,0.376903,0.382908,0.0,0.93,0.736569,0.502933,0.0,0.93,0.401903,0.475,0.0,0.93,0.756882,0.521683,0.0,0.93,0.38159,0.49375,0.0,0.93,0.763132,0.498245,0.0,0.93,0.37534,0.470312,0.0,0.93,0.750632,0.509183,0.0,0.93,0.38784,0.48125,0.0,0.93,0.561278,0.459375,0.0,0.93,0.436278,0.459375,0.0,0.93,0.570653,0.58125,0.0,0.32,0.426903,0.58125,0.0,0.32,0.576903,0.684375,0.0,0.32,0.420653,0.684375,0.0,0.32,0.567528,0.7,0.0,0.32,0.430028,0.7,0.0,0.32,0.611278,0.69375,0.0,0.32,0.386278,0.69375,0.0,0.32,0.736569,0.502933,0.0,0.88,0.767524,0.524548,0.0,0.88,0.775985,0.533501,0.0,0.88,0.784445,0.542455,0.0,0.88,0.792906,0.551408,0.0,0.88,0.759091,0.528557,0.0,0.88,0.765837,0.538326,0.0,0.88,0.772583,0.548094,0.0,0.88,0.77933,0.557862,0.0,0.88,0.750658,0.532567,0.0,0.88,0.75569,0.54315,0.0,0.88,0.760721,0.553734,0.0,0.88,0.765753,0.564317,0.0,0.88,0.742225,0.536576,0.0,0.88,0.745542,0.547974,0.0,0.88,0.748859,0.559373,0.0,0.88,0.752176,0.570772,0.0,0.88,0.733792,0.540585,0.0,0.88,0.735395,0.552799,0.0,0.88,0.736997,0.565013,0.0,0.88,0.7386,0.577226,0.0,0.88,0.401903,0.475,0.0,0.61,0.392477,0.511559,0.0,0.61,0.391882,0.523863,0.0,0.61,0.391288,0.536167,0.0,0.61,0.390694,0.548471,0.0,0.61,0.401488,0.509113,0.0,0.61,0.402726,0.52092,0.0,0.61,0.403964,0.532726,0.0,0.61,0.405202,0.544533,0.0,0.61,0.410499,0.506666,0.0,0.61,0.413569,0.517976,0.0,0.61,0.41664,0.529285,0.0,0.61,0.41971,0.540595,0.0,0.61,0.419511,0.50422,0.0,0.61,0.424413,0.515032,0.0,0.61,0.429315,0.525844,0.0,0.61,0.434218,0.536656,0.0,0.61,0.428522,0.501774,0.0,0.61,0.435256,0.512089,0.0,0.61,0.441991,0.522403,0.0,0.61,0.448725,0.532718,0.0,0.61
fixture/demo,64,2.133333,0,0.498376,0.176218,0.0,0.93,0.507751,0.163718,0.0,0.93,0.515563,0.162156,0.0,0.93,0.523376,0.163718,0.0,0.93,0.489001,0.163718,0.0,0.93,0.481188,0.162156,0.0,0.93,0.473376,0.163718,0.0,0.93,0.535876,0.169968,0.0,0.93,0.460876,0.169968,0.0,0.93,0.510876,0.193406,0.0,0.93,0.485876,0.193406,0.0,0.93,0.579626,0.275,0.0,0.93,0.417126,0.275,0.0,0.93,0.676,0.376365,0.0,0.93,0.376501,0.382426,0.0,0.93,0.735843,0.502784,0.0,0.93,0.401501,0.475,0.0,0.93,0.756156,0.521534,0.0,0.93,0.381188,0.49375,0.0,0.93,0.762406,0.498096,0.0,0.93,0.374938,0.470312,0.0,0.93,0.749906,0.509034,0.0,0.93,0.387438,0.48125,0.0,0.93,0.560876,0.459375,0.0,0.93,0.435876,0.459375,0.0,0.93,0.570251,0.58125,0.0,0.32,0.426501,0.58125,0.0,0.32,0.576501,0.684375,0.0,0.32,0.420251,0.684375,0.0,0.32,0.567126,0.7,0.0,0.32,0.429626,0.7,0.0,0.32,0.610876,0.69375,0.0,0.32,0.385876,0.69375,0.0,0.32,0.735843,0.502784,0.0,0.88,0.766762,0.524451,0.0,0.88,0.775208,0.533418,0.0,0.88,0.783653,0.542386,0.0,0.88,0.792099,0.551353,0.0,0.88,0.758322,0.528446,0.0,0.88,0.765052,0.538226,0.0,0.88,0.771782,0.548005,0.0,0.88,0.778512,0.557785,0.0,0.88,0.749882,0.532441,0.0,0.88,0.754896,0.543033,0.0,0.88,0.75991,0.553625,0.0,0.88,0.764924,0.564217,0.0,0.88,0.741443,0.536436,0.0,0.88,0.744741,0.54784,0.0,0.88,0.748039,0.559245,0.0,0.88,0.751337,0.570649,0.0,0.88,0.733003,0.540431,0.0,0.88,0.734585,0.552648,0.0,0.88,0.736167,0.564864,0.0,0.88,0.73775,0.577081,0.0,0.88,0.401501,0.475,0.0,0.61,0.392026,0.511547,0.0,0.61,0.391416,0.52385,0.0,0.61,0.390806,0.536153,0.0,0.61,0.390195,0.548457,0.0,0.61,0.401041,0.509112,0.0,0.61,0.402263,0.520921,0.0,0.61,0.403486,0.532729,0.0,0.61,0.404708,0.544537,0.0,0.61,0.410055,0.506678,0.0,0.61,0.413111,0.517991,0.0,0.61,0.416166,0.529305,0.0,0.61,0.419221,0.540618,0.0,0.61,0.41907,0.504243,0.0,0.61,0.423958,0.515062,0.0,0.61,0.428846,0.52588,0.0,0.61,0.433734,0.536699,0.0,0.61,0.428085,0.501809,0.0,0.61,0.434805,0.512132,0.0,0.61,0.441526,0.522456,0.0,0.61,0.448247,0.53278,0.0,0.61
fixture/demo,65,2.166667,0,0.497978,0.175781,0.0,0.93,0.507353,0.163281,0.0,0.93,0.515165,0.161719,0.0,0.93,0.522978,0.163281,0.0,0.93,0.488603,0.163281,0.0,0.93,0.48079,0.161719,0.0,0.93,0.472978,0.163281,0.0,0.93,0.535478,0.169531,0.0,0.93,0.460478,0.169531,0.0,0.93,0.510478,0.192969,0.0,0.93,0.485478,0.192969,0.0,0.93,0.579228,0.275,0.0,0.93,0.416728,0.275,0.0,0.93,0.675476,0.376205,0.0,0.93,0.376103,0.381949,0.0,0.93,0.73491,0.502593,0.0,0.93,0.401103,0.475,0.0,0.93,0.755222,0.521343,0.0,0.93,0.38079,0.49375,0.0,0.93,0.761472,0.497905,0.0,0.93,0.37454,0.470312,0.0,0.93,0.748972,0.508843,0.0,0.93,0.38704,0.48125,0.0,0.93,0.560478,0.459375,0.0,0.93,0.435478,0.459375,0.0,0.93,0.569853,0.58125,0.0,0.32,0.426103,0.58125,0.0,0.32,0.576103,0.684375,0.0,0.32,0.419853,0.684375,0.0,0.32,0.566728,0.7,0.0,0.32,0.429228,0.7,0.0,0.32,0.610478,0.69375,0.0,0.32,0.385478,0.69375,0.0,0.32,0.73491,0.502593,0.0,0.88,0.765773,0.524339,0.0,0.88,0.774196,0.533328,0.0,0.88,0.782619,0.542316,0.0,0.88,0.791042,0.551305,0.0,0.88,0.757323,0.528312,0.0,0.88,0.764028,0.538109,0.0,0.88,0.770733,0.547906,0.0,0.88,0.777438,0.557703,0.0,0.88,0.748873,0.532286,0.0,0.88,0.75386,0.54289,0.0,0.88,0.758847,0.553495,0.0,0.88,0.763834,0.5641,0.0,0.88,0.740424,0.536259,0.0,0.88,0.743693,0.547672,0.0,0.88,0.746962,0.559084,0.0,0.88,0.75023,0.570497,0.0,0.88,0.731974,0.540233,0.0,0.88,0.733525,0.552453,0.0,0.88,0.735076,0.564674,0.0,0.88,0.736627,0.576894,0.0,0.88,0.401103,0.475,0.0,0.61,0.391581,0.511534,0.0,0.61,0.390955,0.523837,0.0,0.61,0.390329,0.536139,0.0,0.61,0.389703,0.548442,0.0,0.61,0.400599,0.509112,0.0,0.61,0.401806,0.520921,0.0,0.61,0.403013,0.532731,0.0,0.61,0.404221,0.544541,0.0,0.61,0.409617,0.506689,0.0,0.61,0.412657,0.518006,0.0,0.61,0.415698,0.529324,0.0,0.61,0.418739,0.540641,0.0,0.61,0.418634,0.504266,0.0,0.61,0.423509,0.515091,0.0,0.61,0.428383,0.525916,0.0,0.61,0.433257,0.53674,0.0,0.61,0.427652,0.501843,0.0,0.61,0.43436,0.512175,0.0,0.61,0.441067,0.522508,0.0,0.61,0.447775,0.53284,0.0,0.61
fixture/demo,66,2.2,0,0.497586,0.17537,0.0,0.93,0.506961,0.16287,0.0,0.93,0.514773,0.161307,0.0,0.93,0.522586,0.16287,0.0,0.93,0.488211,0.16287,0.0,0.93,0.480398,0.161307,0.0,0.93,0.472586,0.16287,0.0,0.93,0.535086,0.16912,0.0,0.93,0.460086,0.16912,0.0,0.93,0.510086,0.192557,0.0,0.93,0.485086,0.192557,0.0,0.93,0.578836,0.275,0.0,0.93,0.416336,0.275,0.0,0.93,0.674885,0.376017,0.0,0.93,0.375711,0.381478,0.0,0.93,0.73377,0.50236,0.0,0.93,0.400711,0.475,0.0,0.93,0.754083,0.52111,0.0,0.93,0.380398,0.49375,0.0,0.93,0.760333,0.497673,0.0,0.93,0.374148,0.470312,0.0,0.93,0.747833,0.50861,0.0,0.93,0.386648,0.48125,0.0,0.93,0.560086,0.459375,0.0,0.93,0.435086,0.459375,0.0,0.93,0.569461,0.58125,0.0,0.32,0.425711,0.58125,0.0,0.32,0.575711,0.684375,0.0,0.32,0.419461,0.684375,0.0,0.32,0.566336,0.7,0.0,0.32,0.428836,0.7,0.0,0.32,0.610086,0.69375,0.0,0.32,0.385086,0.69375,0.0,0.32,0.73377,0.50236,0.0,0.88,0.764558,0.524212,0.0,0.88,0.77295,0.53323,0.0,0.88,0.781342,0.542248,0.0,0.88,0.789734,0.551265,0.0,0.88,0.756095,0.528157,0.0,0.88,0.762766,0.537976,0.0,0.88,0.769437,0.547796,0.0,0.88,0.776109,0.557616,0.0,0.88,0.747632,0.532101,0.0,0.88,0.752582,0.542723,0.0,0.88,0.757533,0.553345,0.0,0.88,0.762483,0.563966,0.0,0.88,0.739168,0.536046,0.0,0.88,0.742398,0.547469,0.0,0.88,0.745628,0.558893,0.0,0.88,0.748857,0.570317,0.0,0.88,0.730705,0.53999,0.0,0.88,0.732214,0.552216,0.0,0.88,0.733723,0.564442,0.0,0.88,0.735232,0.576667,0.0,0.88,0.400711,0.475,0.0,0.61,0.391143,0.511522,0.0,0.61,0.390501,0.523824,0.0,0.61,0.38986,0.536126,0.0,0.61,0.389218,0.548428,0.0,0.61,0.400164,0.509111,0.0,0.61,0.401356,0.520922,0.0,0.61,0.402548,0.532734,0.0,0.61,0.403741,0.544545,0.0,0.61,0.409185,0.506699,0.0,0.61,0.412211,0.518021,0.0,0.61,0.415237,0.529342,0.0,0.61,0.418264,0.540663,0.0,0.61,0.418205,0.504288,0.0,0.61,0.423066,0.515119,0.0,0.61,0.427926,0.52595,0.0,0.61,0.432787,0.536781,0.0,0.61,0.427226,0.501877,0.0,0.61,0.433921,0.512217,0.0,0.61,0.440615,0.522558,0.0,0.61,0.447309,0.532899,0.0,0.61
fixture/demo,67,2.233333,0,0.4972,0.174988,0.0,0.93,0.506575,0.162488,0.0,0.93,0.514388,0.160926,0.0,0.93,0.5222,0.162488,0.0,0.93,0.487825,0.162488,0.0,0.93,0.480013,0.160926,0.0,0.93,0.4722,0.162488,0.0,0.93,0.5347,0.168738,0.0,0.93,0.4597,0.168738,0.0,0.93,0.5097,0.192176,0.0,0.93,0.4847,0.192176,0.0,0.93,0.57845,0.275,0.0,0.93,0.41595,0.275,0.0,0.93,0.674231,0.375801,0.0,0.93,0.375325,0.381015,0.0,0.93,0.732426,0.502087,0.0,0.93,0.400325,0.475,0.0,0.93,0.752738,0.520837,0.0,0.93,0.380013,0.49375,0.0,0.93,0.758988,0.4974,0.0,0.93,0.373763,0.470312,0.0,0.93,0.746488,0.508337,0.0,0.93,0.386263,0.48125,0.0,0.93,0.5597,0.459375,0.0,0.93,0.4347,0.459375,0.0,0.93,0.569075,0.58125,0.0,0.32,0.425325,0.58125,0.0,0.32,0.575325,0.684375,0.0,0.32,0.419075,0.684375,0.0,0.32,0.56595,0.7,0.0,0.32,0.42845,0.7,0.0,0.32,0.6097,0.69375,0.0,0.32,0.3847,0.69375,0.0,0.32,0.732426,0.502087,0.0,0.88,0.763119,0.524072,0.0,0.88,0.771472,0.533126,0.0,0.88,0.779825,0.54218,0.0,0.88,0.788178,0.551234,0.0,0.88,0.754639,0.52798,0.0,0.88,0.761267,0.537828,0.0,0.88,0.767896,0.547677,0.0,0.88,0.774525,0.557525,0.0,0.88,0.746158,0.531888,0.0,0.88,0.751063,0.542531,0.0,0.88,0.755967,0.553174,0.0,0.88,0.760872,0.563817,0.0,0.88,0.737678,0.535796,0.0,0.88,0.740858,0.547233,0.0,0.88,0.744039,0.558671,0.0,0.88,0.747219,0.570108,0.0,0.88,0.729197,0.539704,0.0,0.88,0.730654,0.551936,0.0,0.88,0.73211,0.564168,0.0,0.88,0.733566,0.5764,0.0,0.88,0.400325,0.475,0.0,0.61,0.390713,0.51151,0.0,0.61,0.390056,0.523811,0.0,0.61,0.389399,0.536112,0.0,0.61,0.388742,0.548413,0.0,0.61,0.399736,0.50911,0.0,0.61,0.400914,0.520923,0.0,0.61,0.402092,0.532736,0.0,0.61,0.40327,0.544549,0.0,0.61,0.40876,0.50671,0.0,0.61,0.411773,0.518035,0.0,0.61,0.414785,0.52936,0.0,0.61,0.417797,0.540685,0.0,0.61,0.417784,0.50431,0.0,0.61,0.422631,0.515146,0.0,0.61,0.427478,0.525983,0.0,0.61,0.432325,0.53682,0.0,0.61,0.426808,0.501909,0.0,0.61,0.433489,0.512258,0.0,0.61,0.440171,0.522607,0.0,0.61,0.446853,0.532956,0.0,0.61
fixture/demo,68,2.266667,0,0.496822,0.174642,0.0,0.93,0.506197,0.162142,0.0,0.93,0.51401,0.160579,0.0,0.93,0.521822,0.162142,0.0,0.93,0.487447,0.162142,0.0,0.93,0.479635,0.160579,0.0,0.93,0.471822,0.162142,0.0,0.93,0.534322,0.168392,0.0,0.93,0.459322,0.168392,0.0,0.93,0.509322,0.191829,0.0,0.93,0.484322,0.191829,0.0,0.93,0.578072,0.275,0.0,0.93,0.415572,0.275,0.0,0.93,0.673513,0.375559,0.0,0.93,0.374947,0.380562,0.0,0.93,0.730879,0.501774,0.0,0.93,0.399947,0.475,0.0,0.93,0.751191,0.520524,0.0,0.93,0.379635,0.49375,0.0,0.93,0.757441,0.497087,0.0,0.93,0.373385,0.470312,0.0,0.93,0.744941,0.508024,0.0,0.93,0.385885,0.48125,0.0,0.93,0.559322,0.459375,0.0,0.93,0.434322,0.459375,0.0,0.93,0.568697,0.58125,0.0,0.32,0.424947,0.58125,0.0,0.32,0.574947,0.684375,0.0,0.32,0.418697,0.684375,0.0,0.32,0.565572,0.7,0.0,0.32,0.428072,0.7,0.0,0.32,0.609322,0.69375,0.0,0.32,0.384322,0.69375,0.0,0.32,0.730879,0.501774,0.0,0.88,0.761457,0.523919,0.0,0.88,0.769762,0.533016,0.0,0.88,0.778068,0.542114,0.0,0.88,0.786374,0.551211,0.0,0.88,0.752956,0.527782,0.0,0.88,0.759533,0.537665,0.0,0.88,0.766111,0.547548,0.0,0.88,0.772688,0.557431,0.0,0.88,0.744456,0.531646,0.0,0.88,0.749305,0.542314,0.0,0.88,0.754153,0.552983,0.0,0.88,0.759002,0.563651,0.0,0.88,0.735955,0.53551,0.0,0.88,0.739076,0.546964,0.0,0.88,0.742196,0.558418,0.0,0.88,0.745317,0.569872,0.0,0.88,0.727454,0.539373,0.0,0.88,0.728847,0.551613,0.0,0.88,0.730239,0.563852,0.0,0.88,0.731631,0.576092,0.0,0.88,0.399947,0.475,0.0,0.61,0.390291,0.511499,0.0,0.61,0.38962,0.523799,0.0,0.61,0.388948,0.536099,0.0,0.61,0.388277,0.5484,0.0,0.61,0.399318,0.509109,0.0,0.61,0.400482,0.520924,0.0,0.61,0.401645,0.532738,0.0,0.61,0.402809,0.544552,0.0,0.61,0.408344,0.50672,0.0,0.61,0.411343,0.518048,0.0,0.61,0.414342,0.529377,0.0,0.61,0.417341,0.540705,0.0,0.61,0.417371,0.50433,0.0,0.61,0.422205,0.515173,0.0,0.61,0.427039,0.526016,0.0,0.61,0.431873,0.536858,0.0,0.61,0.426398,0.501941,0.0,0.61,0.433067,0.512298,0.0,0.61,0.439736,0.522655,0.0,0.61,0.446406,0.533011,0.0,0.61
fixture/demo,69,2.3,0,0.496453,0.174333,0.0,0.93,0.505828,0.161833,0.0,0.93,0.513641,0.16027,0.0,0.93,0.521453,0.161833,0.0,0.93,0.487078,0.161833,0.0,0.93,0.479266,0.16027,0.0,0.93,0.471453,0.161833,0.0,0.93,0.533953,0.168083,0.0,0.93,0.458953,0.168083,0.0,0.93,0.508953,0.19152,0.0,0.93,0.483953,0.19152,0.0,0.93,0.577703,0.275,0.0,0.93,0.415203,0.275,0.0,0.93,0.672733,0.375293,0.0,0.93,0.374578,0.380119,0.0,0.93,0.729132,0.501422,0.0,0.93,0.399578,0.475,0.0,0.93,0.749445,0.520172,0.0,0.93,0.379266,0.49375,0.0,0.93,0.755695,0.496734,0.0,0.93,0.373016,0.470312,0.0,0.93,0.743195,0.507672,0.0,0.93,0.385516,0.48125,0.0,0.93,0.558953,0.459375,0.0,0.93,0.433953,0.459375,0.0,0.93,0.568328,0.58125,0.0,0.32,0.424578,0.58125,0.0,0.32,0.574578,0.684375,0.0,0.32,0.418328,0.684375,0.0,0.32,0.565203,0.7,0.0,0.32,0.427703,0.7,0.0,0.32,0.608953,0.69375,0.0,0.32,0.383953,0.69375,0.0,0.32,0.729132,0.501422,0.0,0.88,0.759575,0.523753,0.0,0.88,0.767824,0.532901,0.0,0.88,0.776074,0.542049,0.0,0.88,0.784324,0.551197,0.0,0.88,0.75105,0.527565,0.0,0.88,0.757567,0.537488,0.0,0.88,0.764084,0.547411,0.0,0.88,0.7706,0.557334,0.0,0.88,0.742526,0.531376,0.0,0.88,0.74731,0.542074,0.0,0.88,0.752093,0.552772,0.0,0.88,0.756877,0.56347,0.0,0.88,0.734002,0.535188,0.0,0.88,0.737053,0.546661,0.0,0.88,0.740103,0.558134,0.0,0.88,0.743154,0.569607,0.0,0.88,0.725478,0.538999,0.0,0.88,0.726795,0.551247,0.0,0.88,0.728113,0.563495,0.0,0.88,0.72943,0.575743,0.0,0.88,0.399578,0.475,0.0,0.61,0.38988,0.511488,0.0,0.61,0.389194,0.523787,0.0,0.61,0.388508,0.536087,0.0,0.61,0.387823,0.548386,0.0,0.61,0.398909,0.509109,0.0,0.61,0.400059,0.520924,0.0,0.61,0.401209,0.53274,0.0,0.61,0.402359,0.544556,0.0,0.61,0.407939,0.50673,0.0,0.61,0.410924,0.518062,0.0,0.61,0.41391,0.529394,0.0,0.61,0.416896,0.540726,0.0,0.61,0.416968,0.50435,0.0,0.61,0.421789,0.515199,0.0,0.61,0.426611,0.526047,0.0,0.61,0.431433,0.536895,0.0,0.61,0.425997,0.501971,0.0,0.61,0.432655,0.512336,0.0,0.61,0.439312,0.5227,0.0,0.61,0.445969,0.533065,0.0,0.61
fixture/demo,70,2.333333,0,0.496094,0.174066,0.0,0.93,0.505469,0.161566,0.0,0.93,0.513281,0.160003,0.0,0.93,0.521094,0.161566,0.0,0.93,0.486719,0.161566,0.0,0.93,0.478906,0.160003,0.0,0.93,0.471094,0.161566,0.0,0.93,0.533594,0.167816,0.0,0.93,0.458594,0.167816,0.0,0.93,0.508594,0.191253,0.0,0.93,0.483594,0.191253,0.0,0.93,0.577344,0.275,0.0,0.93,0.414844,0.275,0.0,0.93,0.671895,0.375003,0.0,0.93,0.374219,0.379688,0.0,0.93,0.72719,0.501032,0.0,0.93,0.399219,0.475,0.0,0.93,0.747503,0.519782,0.0,0.93,0.378906,0.49375,0.0,0.93,0.753753,0.496344,0.0,0.93,0.372656,0.470312,0.0,0.93,0.741253,0.507282,0.0,0.93,0.385156,0.48125,0.0,0.93,0.558594,0.459375,0.0,0.93,0.433594,0.459375,0.0,0.93,0.567969,0.58125,0.0,0.32,0.424219,0.58125,0.0,0.32,0.574219,0.684375,0.0,0.32,0.417969,0.684375,0.0,0.32,0.564844,0.7,0.0,0.32,0.427344,0.7,0.0,0.32,0.608594,0.69375,0.0,0.32,0.383594,0.69375,0.0,0.32,0.72719,0.501032,0.0,0.88,0.757475,0.523576,0.0,0.88,0.76566,0.532782,0.0,0.88,0.773846,0.541988,0.0,0.88,0.782031,0.551193,0.0,0.88,0.748924,0.527328,0.0,0.88,0.755371,0.537296,0.0,0.88,0.761818,0.547265,0.0,0.88,0.768265,0.557233,0.0,0.88,0.740374,0.531079,0.0,0.88,0.745082,0.541811,0.0,0.88,0.74979,0.552542,0.0,0.88,0.754499,0.563273,0.0,0.88,0.731823,0.534831,0.0,0.88,0.734793,0.546325,0.0,0.88,0.737763,0.557819,0.0,0.88,0.740733,0.569313,0.0,0.88,0.723272,0.538582,0.0,0.88,0.724504,0.550839,0.0,0.88,0.725735,0.563096,0.0,0.88,0.726967,0.575353,0.0,0.88,0.399219,0.475,0.0,0.61,0.38948,0.511477,0.0,0.61,0.38878,0.523776,0.0,0.61,0.388081,0.536074,0.0,0.61,0.387381,0.548373,0.0,0.61,0.398512,0.509108,0.0,0.61,0.399649,0.520925,0.0,0.61,0.400785,0.532742,0.0,0.61,0.401922,0.544559,0.0,0.61,0.407544,0.506739,0.0,0.61,0.410517,0.518074,0.0,0.61,0.41349,0.529409,0.0,0.61,0.416463,0.540745,0.0,0.61,0.416576,0.50437,0.0,0.61,0.421385,0.515223,0.0,0.61,0.426195,0.526077,0.0,0.61,0.431004,0.536931,0.0,0.61,0.425608,0.502001,0.0,0.61,0.432253,0.512373,0.0,0.61,0.438899,0.522745,0.0,0.61,0.445545,0.533117,0.0,0.61
fixture/demo,71,2.366667,0,0.495745,0.173843,0.0,0.93,0.50512,0.161343,0.0,0.93,0.512933,0.15978,0.0,0.93,0.520745,0.161343,0.0,0.93,0.48637,0.161343,0.0,0.93,0.478558,0.15978,0.0,0.93,0.470745,0.161343,0.0,0.93,0.533245,0.167593,0.0,0.93,0.458245,0.167593,0.0,0.93,0.508245,0.19103,0.0,0.93,0.483245,0.19103,0.0,0.93,0.576995,0.275,0.0,0.93,0.414495,0.275,0.0,0.93,0.671,0.374693,0.0,0.93,0.37387,0.379269,0.0,0.93,0.725057,0.500604,0.0,0.93,0.39887,0.475,0.0,0.93,0.74537,0.519354,0.0,0.93,0.378558,0.49375,0.0,0.93,0.75162,0.495917,0.0,0.93,0.372308,0.470312,0.0,0.93,0.73912,0.506854,0.0,0.93,0.384808,0.48125,0.0,0.93,0.558245,0.459375,0.0,0.93,0.433245,0.459375,0.0,0.93,0.56762,0.58125,0.0,0.32,0.42387,0.58125,0.0,0.32,0.57387,0.684375,0.0,0.32,0.41762,0.684375,0.0,0.32,0.564495,0.7,0.0,0.32,0.426995,0.7,0.0,0.32,0.608245,0.69375,0.0,0.32,0.383245,0.69375,0.0,0.32,0.725057,0.500604,0.0,0.88,0.755162,0.523388,0.0,0.88,0.763274,0.532658,0.0,0.88,0.771386,0.541929,0.0,0.88,0.779498,0.551199,0.0,0.88,0.746582,0.527072,0.0,0.88,0.75295,0.537091,0.0,0.88,0.759317,0.54711,0.0,0.88,0.765685,0.55713,0.0,0.88,0.738002,0.530755,0.0,0.88,0.742625,0.541524,0.0,0.88,0.747248,0.552292,0.0,0.88,0.751871,0.56306,0.0,0.88,0.729422,0.534439,0.0,0.88,0.7323,0.545956,0.0,0.88,0.735179,0.557474,0.0,0.88,0.738058,0.568991,0.0,0.88,0.720841,0.538123,0.0,0.88,0.721976,0.550389,0.0,0.88,0.72311,0.562655,0.0,0.88,0.724244,0.574921,0.0,0.88,0.39887,0.475,0.0,0.61,0.389092,0.511466,0.0,0.61,0.388379,0.523764,0.0,0.61,0.387667,0.536062,0.0,0.61,0.386954,0.54836,0.0,0.61,0.398126,0.509107,0.0,0.61,0.399251,0.520925,0.0,0.61,0.400375,0.532743,0.0,0.61,0.401499,0.544562,0.0,0.61,0.407161,0.506748,0.0,0.61,0.410122,0.518086,0.0,0.61,0.413083,0.529425,0.0,0.61,0.416044,0.540763,0.0,0.61,0.416195,0.504388,0.0,0.61,0.420993,0.515247,0.0,0.61,0.425791,0.526106,0.0,0.61,0.430589,0.536965,0.0,0.61,0.42523,0.502029,0.0,0.61,0.431865,0.512408,0.0,0.61,0.438499,0.522787,0.0,0.61,0.445134,0.533166,0.0,0.61
fixture/demo,72,2.4,0,0.495408,0.173667,0.0,0.93,0.504783,0.161167,0.0,0.93,0.512595,0.159604,0.0,0.93,0.520408,0.161167,0.0,0.93,0.486033,0.161167,0.0,0.93,0.47822,0.159604,0.0,0.93,0.470408,0.161167,0.0,0.93,0.532908,0.167417,0.0,0.93,0.457908,0.167417,0.0,0.93,0.507908,0.190854,0.0,0.93,0.482908,0.190854,0.0,0.93,0.576658,0.275,0.0,0.93,0.414158,0.275,0.0,0.93,0.670051,0.374364,0.0,0.93,0.373533,0.378865,0.0,0.93,0.722738,0.500141,0.0,0.93,0.398533,0.475,0.0,0.93,0.74305,0.518891,0.0,0.93,0.37822,0.49375,0.0,0.93,0.7493,0.495453,0.0,0.93,0.37197,0.470312,0.0,0.93,0.7368,0.506391,0.0,0.93,0.38447,0.48125,0.0,0.93,0.557908,0.459375,0.0,0.93,0.432908,0.459375,0.0,0.93,0.567283,0.58125,0.0,0.32,0.423533,0.58125,0.0,0.32,0.573533,0.684375,0.0,0.32,0.417283,0.684375,0.0,0.32,0.564158,0.7,0.0,0.32,0.426658,0.7,0.0,0.32,0.607908,0.69375,0.0,0.32,0.382908,0.69375,0.0,0.32,0.722738,0.500141,0.0,0.88,0.75264,0.52319,0.0,0.88,0.76067,0.532532,0.0,0.88,0.7687,0.541874,0.0,0.88,0.776729,0.551215,0.0,0.88,0.744028,0.526798,0.0,0.88,0.750306,0.536873,0.0,0.88,0.756585,0.546948,0.0,0.88,0.762864,0.557024,0.0,0.88,0.735415,0.530405,0.0,0.88,0.739943,0.541214,0.0,0.88,0.744471,0.552023,0.0,0.88,0.748998,0.562832,0.0,0.88,0.726803,0.534013,0.0,0.88,0.72958,0.545555,0.0,0.88,0.732356,0.557098,0.0,0.88,0.735133,0.56864,0.0,0.88,0.71819,0.537621,0.0,0.88,0.719216,0.549896,0.0,0.88,0.720242,0.562172,0.0,0.88,0.721267,0.574448,0.0,0.88,0.398533,0.475,0.0,0.61,0.388717,0.511456,0.0,0.61,0.387992,0.523754,0.0,0.61,0.387267,0.536051,0.0,0.61,0.386541,0.548348,0.0,0.61,0.397754,0.509106,0.0,0.61,0.398866,0.520926,0.0,0.61,0.399978,0.532745,0.0,0.61,0.40109,0.544564,0.0,0.61,0.406791,0.506756,0.0,0.61,0.409741,0.518098,0.0,0.61,0.41269,0.529439,0.0,0.61,0.415639,0.540781,0.0,0.61,0.415828,0.504406,0.0,0.61,0.420615,0.51527,0.0,0.61,0.425401,0.526134,0.0,0.61,0.430188,0.536997,0.0,0.61,0.424865,0.502056,0.0,0.61,0.431489,0.512442,0.0,0.61,0.438113,0.522828,0.0,0.61,0.444737,0.533214,0.0,0.61
fixture/demo,73,2.433333,0,0.495083,0.17354,0.0,0.93,0.504458,0.16104,0.0,0.93,0.512271,0.159477,0.0,0.93,0.520083,0.16104,0.0,0.93,0.485708,0.16104,0.0,0.93,0.477896,0.159477,0.0,0.93,0.470083,0.16104,0.0,0.93,0.532583,0.16729,0.0,0.93,0.457583,0.16729,0.0,0.93,0.507583,0.190727,0.0,0.93,0.482583,0.190727,0.0,0.93,0.576333,0.275,0.0,0.93,0.413833,0.275,0.0,0.93,0.669051,0.374019,0.0,0.93,0.373208,0.378475,0.0,0.93,0.720238,0.499643,0.0,0.93,0.398208,0.475,0.0,0.93,0.740551,0.518393,0.0,0.93,0.377896,0.49375,0.0,0.93,0.746801,0.494955,0.0,0.93,0.371646,0.470312,0.0,0.93,0.734301,0.505893,0.0,0.93,0.384146,0.48125,0.0,0.93,0.557583,0.459375,0.0,0.93,0.432583,0.459375,0.0,0.93,0.566958,0.58125,0.0,0.32,0.423208,0.58125,0.0,0.32,0.573208,0.684375,0.0,0.32,0.416958,0.684375,0.0,0.32,0.563833,0.7,0.0,0.32,0.426333,0.7,0.0,0.32,0.607583,0.69375,0.0,0.32,0.382583,0.69375,0.0,0.32,0.720238,0.499643,0.0,0.88,0.749914,0.522983,0.0,0.88,0.757852,0.532403,0.0,0.88,0.76579,0.541822,0.0,0.88,0.773729,0.551242,0.0,0.88,0.741267,0.526506,0.0,0.88,0.747447,0.536642,0.0,0.88,0.753627,0.546778,0.0,0.88,0.759807,0.556915,0.0,0.88,0.73262,0.53003,0.0,0.88,0.737042,0.540882,0.0,0.88,0.741464,0.551735,0.0,0.88,0.745885,0.562587,0.0,0.88,0.723972,0.533553,0.0,0.88,0.726636,0.545122,0.0,0.88,0.7293,0.556691,0.0,0.88,0.731964,0.56826,0.0,0.88,0.715325,0.537077,0.0,0.88,0.716231,0.549362,0.0,0.88,0.717137,0.561647,0.0,0.88,0.718042,0.573932,0.0,0.88,0.398208,0.475,0.0,0.61,0.388357,0.511447,0.0,0.61,0.38762,0.523743,0.0,0.61,0.386882,0.53604,0.0,0.61,0.386145,0.548336,0.0,0.61,0.397396,0.509106,0.0,0.61,0.398497,0.520926,0.0,0.61,0.399597,0.532746,0.0,0.61,0.400697,0.544567,0.0,0.61,0.406435,0.506764,0.0,0.61,0.409374,0.518109,0.0,0.61,0.412312,0.529453,0.0,0.61,0.41525,0.540798,0.0,0.61,0.415475,0.504423,0.0,0.61,0.420251,0.515292,0.0,0.61,0.425027,0.52616,0.0,0.61,0.429803,0.537029,0.0,0.61,0.424514,0.502082,0.0,0.61,0.431128,0.512475,0.0,0.61,0.437742,0.522867,0.0,0.61,0.444355,0.533259,0.0,0.61
fixture/demo,74,2.466667,0,0.494772,0.173463,0.0,0.93,0.504147,0.160963,0.0,0.93,0.51196,0.159401,0.0,0.93,0.519772,0.160963,0.0,0.93,0.485397,0.160963,0.0,0.93,0.477585,0.159401,0.0,0.93,0.469772,0.160963,0.0,0.93,0.532272,0.167213,0.0,0.93,0.457272,0.167213,0.0,0.93,0.507272,0.190651,0.0,0.93,0.482272,0.190651,0.0,0.93,0.576022,0.275,0.0,0.93,0.413522,0.275,0.0,0.93,0.668003,0.37366,0.0,0.93,0.372897,0.378102,0.0,0.93,0.717564,0.499112,0.0,0.93,0.397897,0.475,0.0,0.93,0.737877,0.517862,0.0,0.93,0.377585,0.49375,0.0,0.93,0.744127,0.494424,0.0,0.93,0.371335,0.470312,0.0,0.93,0.731627,0.505362,0.0,0.93,0.383835,0.48125,0.0,0.93,0.557272,0.459375,0.0,0.93,0.432272,0.459375,0.0,0.93,0.566647,0.58125,0.0,0.32,0.422897,0.58125,0.0,0.32,0.572897,0.684375,0.0,0.32,0.416647,0.684375,0.0,0.32,0.563522,0.7,0.0,0.32,0.426022,0.7,0.0,0.32,0.607272,0.69375,0.0,0.32,0.382272,0.69375,0.0,0.32,0.717564,0.499112,0.0,0.88,0.746989,0.522767,0.0,0.88,0.754827,0.532271,0.0,0.88,0.762664,0.541775,0.0,0.88,0.770501,0.551279,0.0,0.88,0.738305,0.526198,0.0,0.88,0.744377,0.5364,0.0,0.88,0.750448,0.546601,0.0,0.88,0.75652,0.556803,0.0,0.88,0.729621,0.529629,0.0,0.88,0.733927,0.540528,0.0,0.88,0.738232,0.551427,0.0,0.88,0.742538,0.562326,0.0,0.88,0.720936,0.53306,0.0,0.88,0.723477,0.544656,0.0,0.88,0.726017,0.556253,0.0,0.88,0.728557,0.56785,0.0,0.88,0.712252,0.536491,0.0,0.88,0.713027,0.548785,0.0,0.88,0.713801,0.561079,0.0,0.88,0.714576,0.573373,0.0,0.88,0.397897,0.475,0.0,0.61,0.388012,0.511438,0.0,0.61,0.387263,0.523733,0.0,0.61,0.386514,0.536029,0.0,0.61,0.385765,0.548325,0.0,0.61,0.397053,0.509105,0.0,0.61,0.398143,0.520926,0.0,0.61,0.399232,0.532748,0.0,0.61,0.400321,0.544569,0.0,0.61,0.406095,0.506772,0.0,0.61,0.409022,0.518119,0.0,0.61,0.41195,0.529466,0.0,0.61,0.414878,0.540814,0.0,0.61,0.415136,0.504439,0.0,0.61,0.419902,0.515312,0.0,0.61,0.424668,0.526185,0.0,0.61,0.429434,0.537058,0.0,0.61,0.424178,0.502107,0.0,0.61,0.430782,0.512505,0.0,0.61,0.437386,0.522904,0.0,0.61,0.44399,0.533303,0.0,0.61
fixture/demo,75,2.5,0,0.494476,0.173438,0.0,0.93,0.503851,0.160938,0.0,0.93,0.511663,0.159375,0.0,0.93,0.519476,0.160938,0.0,0.93,0.485101,0.160938,0.0,0.93,0.477288,0.159375,0.0,0.93,0.469476,0.160938,0.0,0.93,0.531976,0.167188,0.0,0.93,0.456976,0.167188,0.0,0.93,0.506976,0.190625,0.0,0.93,0.481976,0.190625,0.0,0.93,0.575726,0.275,0.0,0.93,0.413226,0.275,0.0,0.93,0.666911,0.37329,0.0,0.93,0.372601,0.377746,0.0,0.93,0.714724,0.498549,0.0,0.93,0.397601,0.475,0.0,0.93,0.735036,0.517299,0.0,0.93,0.377288,0.49375,0.0,0.93,0.741286,0.493861,0.0,0.93,0.371038,0.470312,0.0,0.93,0.728786,0.504799,0.0,0.93,0.383538,0.48125,0.0,0.93,0.556976,0.459375,0.0,0.93,0.431976,0.459375,0.0,0.93,0.566351,0.58125,0.0,0.32,0.422601,0.58125,0.0,0.32,0.572601,0.684375,0.0,0.32,0.416351,0.684375,0.0,0.32,0.563226,0.7,0.0,0.32,0.425726,0.7,0.0,0.32,0.606976,0.69375,0.0,0.32,0.381976,0.69375,0.0,0.32,0.714724,0.498549,0.0,0.88,0.743873,0.522544,0.0,0.88,0.751599,0.532138,0.0,0.88,0.759325,0.541732,0.0,0.88,0.767052,0.551326,0.0,0.88,0.735149,0.525874,0.0,0.88,0.741102,0.536145,0.0,0.88,0.747055,0.546416,0.0,0.88,0.753007,0.556687,0.0,0.88,0.726426,0.529204,0.0,0.88,0.730605,0.540152,0.0,0.88,0.734784,0.5511,0.0,0.88,0.738963,0.562048,0.0,0.88,0.717702,0.532534,0.0,0.88,0.720108,0.544159,0.0,0.88,0.722513,0.555784,0.0,0.88,0.724919,0.567409,0.0,0.88,0.708978,0.535863,0.0,0.88,0.70961,0.548166,0.0,0.88,0.710242,0.560468,0.0,0.88,0.710874,0.57277,0.0,0.88,0.397601,0.475,0.0,0.61,0.387683,0.511429,0.0,0.61,0.386923,0.523724,0.0,0.61,0.386163,0.536019,0.0,0.61,0.385404,0.548314,0.0,0.61,0.396726,0.509104,0.0,0.61,0.397805,0.520926,0.0,0.61,0.398884,0.532749,0.0,0.61,0.399963,0.544571,0.0,0.61,0.40577,0.506779,0.0,0.61,0.408687,0.518129,0.0,0.61,0.411605,0.529479,0.0,0.61,0.414523,0.540829,0.0,0.61,0.414813,0.504455,0.0,0.61,0.41957,0.515332,0.0,0.61,0.424326,0.526209,0.0,0.61,0.429082,0.537086,0.0,0.61,0.423857,0.50213,0.0,0.61,0.430452,0.512534,0.0,0.61,0.437047,0.522939,0.0,0.61,0.443641,0.533343,0.0,0.61
fixture/demo,76,2.533333,0,0.494194,0.173463,0.0,0.93,0.503569,0.160963,0.0,0.93,0.511382,0.159401,0.0,0.93,0.519194,0.160963,0.0,0.93,0.484819,0.160963,0.0,0.93,0.477007,0.159401,0.0,0.93,0.469194,0.160963,0.0,0.93,0.531694,0.167213,0.0,0.93,0.456694,0.167213,0.0,0.93,0.506694,0.190651,0.0,0.93,0.481694,0.190651,0.0,0.93,0.575444,0.275,0.0,0.93,0.412944,0.275,0.0,0.93,0.665778,0.372912,0.0,0.93,0.372319,0.377408,0.0,0.93,0.711724,0.497955,0.0,0.93,0.397319,0.475,0.0,0.93,0.732037,0.516705,0.0,0.93,0.377007,0.49375,0.0,0.93,0.738287,0.493268,0.0,0.93,0.370757,0.470312,0.0,0.93,0.725787,0.504205,0.0,0.93,0.383257,0.48125,0.0,0.93,0.556694,0.459375,0.0,0.93,0.431694,0.459375,0.0,0.93,0.566069,0.58125,0.0,0.32,0.422319,0.58125,0.0,0.32,0.572319,0.684375,0.0,0.32,0.416069,0.684375,0.0,0.32,0.562944,0.7,0.0,0.32,0.425444,0.7,0.0,0.32,0.606694,0.69375,0.0,0.32,0.381694,0.69375,0.0,0.32,0.711724,0.497955,0.0,0.88,0.74057,0.522313,0.0,0.88,0.748176,0.532003,0.0,0.88,0.755782,0.541694,0.0,0.88,0.763388,0.551384,0.0,0.88,0.731806,0.525534,0.0,0.88,0.73763,0.535879,0.0,0.88,0.743453,0.546224,0.0,0.88,0.749277,0.556568,0.0,0.88,0.723041,0.528754,0.0,0.88,0.727083,0.539754,0.0,0.88,0.731125,0.550754,0.0,0.88,0.735167,0.561753,0.0,0.88,0.714277,0.531975,0.0,0.88,0.716537,0.543629,0.0,0.88,0.718797,0.555284,0.0,0.88,0.721056,0.566938,0.0,0.88,0.705512,0.535195,0.0,0.88,0.70599,0.547505,0.0,0.88,0.706468,0.559814,0.0,0.88,0.706946,0.572123,0.0,0.88,0.397319,0.475,0.0,0.61,0.387371,0.51142,0.0,0.61,0.386601,0.523715,0.0,0.61,0.385831,0.536009,0.0,0.61,0.385061,0.548304,0.0,0.61,0.396416,0.509103,0.0,0.61,0.397485,0.520927,0.0,0.61,0.398554,0.53275,0.0,0.61,0.399623,0.544573,0.0,0.61,0.405462,0.506786,0.0,0.61,0.40837,0.518138,0.0,0.61,0.411278,0.529491,0.0,0.61,0.414186,0.540843,0.0,0.61,0.414507,0.504469,0.0,0.61,0.419254,0.51535,0.0,0.61,0.424001,0.526231,0.0,0.61,0.428749,0.537112,0.0,0.61,0.423553,0.502152,0.0,0.61,0.430139,0.512562,0.0,0.61,0.436725,0.522972,0.0,0.61,0.443311,0.533382,0.0,0.61
fixture/demo,77,2.566667,0,0.493929,0.17354,0.0,0.93,0.503304,0.16104,0.0,0.93,0.511116,0.159477,0.0,0.93,0.518929,0.16104,0.0,0.93,0.484554,0.16104,0.0,0.93,0.476741,0.159477,0.0,0.93,0.468929,0.16104,0.0,0.93,0.531429,0.16729,0.0,0.93,0.456429,0.16729,0.0,0.93,0.506429,0.190727,0.0,0.93,0.481429,0.190727,0.0,0.93,0.575179,0.275,0.0,0.93,0.412679,0.275,0.0,0.93,0.664607,0.372528,0.0,0.93,0.372054,0.377089,0.0,0.93,0.708574,0.497333,0.0,0.93,0.397054,0.475,0.0,0.93,0.728886,0.516083,0.0,0.93,0.376741,0.49375,0.0,0.93,0.735136,0.492646,0.0,0.93,0.370491,0.470312,0.0,0.93,0.722636,0.503583,0.0,0.93,0.382991,0.48125,0.0,0.93,0.556429,0.459375,0.0,0.93,0.431429,0.459375,0.0,0.93,0.565804,0.58125,0.0,0.32,0.422054,0.58125,0.0,0.32,0.572054,0.684375,0.0,0.32,0.415804,0.684375,0.0,0.32,0.562679,0.7,0.0,0.32,0.425179,0.7,0.0,0.32,0.606429,0.69375,0.0,0.32,0.381429,0.69375,0.0,0.32,0.708574,0.497333,0.0,0.88,0.73709,0.522076,0.0,0.88,0.744565,0.531868,0.0,0.88,0.75204,0.541659,0.0,0.88,0.759515,0.55145,0.0,0.88,0.728283,0.525179,0.0,0.88,0.733968,0.535601,0.0,0.88,0.739652,0.546023,0.0,0.88,0.745336,0.556445,0.0,0.88,0.719476,0.528281,0.0,0.88,0.72337,0.539334,0.0,0.88,0.727264,0.550387,0.0,0.88,0.731158,0.56144,0.0,0.88,0.710669,0.531384,0.0,0.88,0.712772,0.543068,0.0,0.88,0.714876,0.554751,0.0,0.88,0.716979,0.566435,0.0,0.88,0.701862,0.534486,0.0,0.88,0.702175,0.546801,0.0,0.88,0.702488,0.559116,0.0,0.88,0.7028,0.57143,0.0,0.88,0.397054,0.475,0.0,0.61,0.387077,0.511413,0.0,0.61,0.386297,0.523706,0.0,0.61,0.385517,0.536,0.0,0.61,0.384738,0.548294,0.0,0.61,0.396124,0.509103,0.0,0.61,0.397184,0.520927,0.0,0.61,0.398244,0.532751,0.0,0.61,0.399303,0.544575,0.0,0.61,0.405171,0.506792,0.0,0.61,0.40807,0.518147,0.0,0.61,0.41097,0.529501,0.0,0.61,0.413869,0.540856,0.0,0.61,0.414219,0.504482,0.0,0.61,0.418957,0.515367,0.0,0.61,0.423696,0.526252,0.0,0.61,0.428434,0.537137,0.0,0.61,0.423266,0.502172,0.0,0.61,0.429844,0.512587,0.0,0.61,0.436422,0.523003,0.0,0.61,0.443,0.533418,0.0,0.61
fixture/demo,78,2.6,0,0.49368,0.173667,0.0,0.93,0.503055,0.161167,0.0,0.93,0.510867,0.159604,0.0,0.93,0.51868,0.161167,0.0,0.93,0.484305,0.161167,0.0,0.93,0.476492,0.159604,0.0,0.93,0.46868,0.161167,0.0,0.93,0.53118,0.167417,0.0,0.93,0.45618,0.167417,0.0,0.93,0.50618,0.190854,0.0,0.93,0.48118,0.190854,0.0,0.93,0.57493,0.275,0.0,0.93,0.41243,0.275,0.0,0.93,0.663404,0.372142,0.0,0.93,0.371805,0.37679,0.0,0.93,0.705281,0.496684,0.0,0.93,0.396805,0.475,0.0,0.93,0.725594,0.515434,0.0,0.93,0.376492,0.49375,0.0,0.93,0.731844,0.491997,0.0,0.93,0.370242,0.470312,0.0,0.93,0.719344,0.502934,0.0,0.93,0.382742,0.48125,0.0,0.93,0.55618,0.459375,0.0,0.93,0.43118,0.459375,0.0,0.93,0.565555,0.58125,0.0,0.32,0.421805,0.58125,0.0,0.32,0.571805,0.684375,0.0,0.32,0.415555,0.684375,0.0,0.32,0.56243,0.7,0.0,0.32,0.42493,0.7,0.0,0.32,0.60618,0.69375,0.0,0.32,0.38118,0.69375,0.0,0.32,0.705281,0.496684,0.0,0.88,0.73344,0.521833,0.0,0.88,0.740774,0.531731,0.0,0.88,0.748108,0.541628,0.0,0.88,0.755442,0.551526,0.0,0.88,0.72459,0.524809,0.0,0.88,0.730124,0.535312,0.0,0.88,0.735658,0.545815,0.0,0.88,0.741193,0.556317,0.0,0.88,0.715739,0.527785,0.0,0.88,0.719474,0.538893,0.0,0.88,0.723209,0.550001,0.0,0.88,0.726944,0.561108,0.0,0.88,0.706889,0.530761,0.0,0.88,0.708824,0.542474,0.0,0.88,0.71076,0.554187,0.0,0.88,0.712695,0.5659,0.0,0.88,0.698038,0.533738,0.0,0.88,0.698174,0.546055,0.0,0.88,0.69831,0.558373,0.0,0.88,0.698446,0.570691,0.0,0.88,0.396805,0.475,0.0,0.61,0.386801,0.511405,0.0,0.61,0.386013,0.523699,0.0,0.61,0.385224,0.535992,0.0,0.61,0.384435,0.548285,0.0,0.61,0.39585,0.509102,0.0,0.61,0.396901,0.520927,0.0,0.61,0.397952,0.532752,0.0,0.61,0.399004,0.544577,0.0,0.61,0.404899,0.506798,0.0,0.61,0.40779,0.518155,0.0,0.61,0.410681,0.529512,0.0,0.61,0.413572,0.540868,0.0,0.61,0.413948,0.504495,0.0,0.61,0.418679,0.515383,0.0,0.61,0.423409,0.526271,0.0,0.61,0.42814,0.53716,0.0,0.61,0.422997,0.502191,0.0,0.61,0.429567,0.512611,0.0,0.61,0.436138,0.523031,0.0,0.61,0.442708,0.533451,0.0,0.61
fixture/demo,79,2.633333,0,0.493448,0.173843,0.0,0.93,0.502823,0.161343,0.0,0.93,0.510635,0.15978,0.0,0.93,0.518448,0.161343,0.0,0.93,0.484073,0.161343,0.0,0.93,0.47626,0.15978,0.0,0.93,0.468448,0.161343,0.0,0.93,0.530948,0.167593,0.0,0.93,0.455948,0.167593,0.0,0.93,0.505948,0.19103,0.0,0.93,0.480948,0.19103,0.0,0.93,0.574698,0.275,0.0,0.93,0.412198,0.275,0.0,0.93,0.662171,0.371757,0.0,0.93,0.371573,0.376512,0.0,0.93,0.701856,0.49601,0.0,0.93,0.396573,0.475,0.0,0.93,0.722169,0.51476,0.0,0.93,0.37626,0.49375,0.0,0.93,0.728419,0.491322,0.0,0.93,0.37001,0.470312,0.0,0.93,0.715919,0.50226,0.0,0.93,0.38251,0.48125,0.0,0.93,0.555948,0.459375,0.0,0.93,0.430948,0.459375,0.0,0.93,0.565323,0.58125,0.0,0.32,0.421573,0.58125,0.0,0.32,0.571573,0.684375,0.0,0.32,0.415323,0.684375,0.0,0.32,0.562198,0.7,0.0,0.32,0.424698,0.7,0.0,0.32,0.605948,0.69375,0.0,0.32,0.380948,0.69375,0.0,0.32,0.701856,0.49601,0.0,0.88,0.729629,0.521585,0.0,0.88,0.736811,0.531593,0.0,0.88,0.743993,0.541601,0.0,0.88,0.751176,0.551609,0.0,0.88,0.720734,0.524426,0.0,0.88,0.726108,0.535012,0.0,0.88,0.731482,0.545597,0.0,0.88,0.736856,0.556183,0.0,0.88,0.711839,0.527267,0.0,0.88,0.715405,0.53843,0.0,0.88,0.71897,0.549593,0.0,0.88,0.722535,0.560757,0.0,0.88,0.702944,0.530108,0.0,0.88,0.704701,0.541849,0.0,0.88,0.706458,0.553589,0.0,0.88,0.708215,0.56533,0.0,0.88,0.69405,0.532949,0.0,0.88,0.693998,0.545267,0.0,0.88,0.693947,0.557586,0.0,0.88,0.693895,0.569904,0.0,0.88,0.396573,0.475,0.0,0.61,0.386545,0.511399,0.0,0.61,0.385748,0.523691,0.0,0.61,0.384951,0.535984,0.0,0.61,0.384154,0.548277,0.0,0.61,0.395595,0.509101,0.0,0.61,0.396639,0.520927,0.0,0.61,0.397682,0.532752,0.0,0.61,0.398725,0.544578,0.0,0.61,0.404646,0.506804,0.0,0.61,0.407529,0.518162,0.0,0.61,0.410412,0.529521,0.0,0.61,0.413296,0.540879,0.0,0.61,0.413696,0.504506,0.0,0.61,0.41842,0.515398,0.0,0.61,0.423143,0.526289,0.0,0.61,0.427866,0.537181,0.0,0.61,0.422747,0.502209,0.0,0.61,0.42931,0.512633,0.0,0.61,0.435874,0.523058,0.0,0.61,0.442437,0.533482,0.0,0.61
fixture/demo,80,2.666667,0,0.493234,0.174066,0.0,0.93,0.502609,0.161566,0.0,0.93,0.510422,0.160003,0.0,0.93,0.518234,0.161566,0.0,0.93,0.483859,0.161566,0.0,0.93,0.476047,0.160003,0.0,0.93,0.468234,0.161566,0.0,0.93,0.530734,0.167816,0.0,0.93,0.455734,0.167816,0.0,0.93,0.505734,0.191253,0.0,0.93,0.480734,0.191253,0.0,0.93,0.574484,0.275,0.0,0.93,0.411984,0.275,0.0,0.93,0.660914,0.371376,0.0,0.93,0.371359,0.376256,0.0,0.93,0.698309,0.495312,0.0,0.93,0.396359,0.475,0.0,0.93,0.718621,0.514062,0.0,0.93,0.376047,0.49375,0.0,0.93,0.724871,0.490625,0.0,0.93,0.369797,0.470312,0.0,0.93,0.712371,0.501562,0.0,0.93,0.382297,0.48125,0.0,0.93,0.555734,0.459375,0.0,0.93,0.430734,0.459375,0.0,0.93,0.565109,0.58125,0.0,0.32,0.421359,0.58125,0.0,0.32,0.571359,0.684375,0.0,0.32,0.415109,0.684375,0.0,0.32,0.561984,0.7,0.0,0.32,0.424484,0.7,0.0,0.32,0.605734,0.69375,0.0,0.32,0.380734,0.69375,0.0,0.32,0.698309,0.495312,0.0,0.88,0.725666,0.521332,0.0,0.88,0.732686,0.531454,0.0,0.88,0.739706,0.541577,0.0,0.88,0.746726,0.551699,0.0,0.88,0.716726,0.524029,0.0,0.88,0.721929,0.5347,0.0,0.88,0.727131,0.545371,0.0,0.88,0.732334,0.556041,0.0,0.88,0.707787,0.526726,0.0,0.88,0.711172,0.537945,0.0,0.88,0.714557,0.549165,0.0,0.88,0.717942,0.560384,0.0,0.88,0.698847,0.529423,0.0,0.88,0.700415,0.541191,0.0,0.88,0.701982,0.552959,0.0,0.88,0.70355,0.564726,0.0,0.88,0.689908,0.532121,0.0,0.88,0.689658,0.544437,0.0,0.88,0.689408,0.556753,0.0,0.88,0.689158,0.569069,0.0,0.88,0.396359,0.475,0.0,0.61,0.386309,0.511392,0.0,0.61,0.385504,0.523685,0.0,0.61,0.3847,0.535977,0.0,0.61,0.383895,0.548269,0.0,0.61,0.395361,0.509101,0.0,0.61,0.396396,0.520927,0.0,0.61,0.397432,0.532753,0.0,0.61,0.398468,0.544579,0.0,0.61,0.404413,0.506809,0.0,0.61,0.407289,0.518169,0.0,0.61,0.410165,0.529529,0.0,0.61,0.413041,0.54089,0.0,0.61,0.413464,0.504517,0.0,0.61,0.418181,0.515411,0.0,0.61,0.422898,0.526306,0.0,0.61,0.427614,0.5372,0.0,0.61,0.422516,0.502225,0.0,0.61,0.429073,0.512654,0.0,0.61,0.43563,0.523082,0.0,0.61,0.442187,0.533511,0.0,0.61
fixture/demo,81,2.7,0,0.493039,0.174333,0.0,0.93,0.502414,0.161833,0.0,0.93,0.510227,0.16027,0.0,0.93,0.518039,0.161833,0.0,0.93,0.483664,0.161833,0.0,0.93,0.475852,0.16027,0.0,0.93,0.468039,0.161833,0.0,0.93,0.530539,0.168083,0.0,0.93,0.455539,0.168083,0.0,0.93,0.505539,0.19152,0.0,0.93,0.480539,0.19152,0.0,0.93,0.574289,0.275,0.0,0.93,0.411789,0.275,0.0,0.93,0.659637,0.371002,0.0,0.93,0.371164,0.376022,0.0,0.93,0.694649,0.494594,0.0,0.93,0.396164,0.475,0.0,0.93,0.714961,0.513344,0.0,0.93,0.375852,0.49375,0.0,0.93,0.721211,0.489906,0.0,0.93,0.369602,0.470312,0.0,0.93,0.708711,0.500844,0.0,0.93,0.382102,0.48125,0.0,0.93,0.555539,0.459375,0.0,0.93,0.430539,0.459375,0.0,0.93,0.564914,0.58125,0.0,0.32,0.421164,0.58125,0.0,0.32,0.571164,0.684375,0.0,0.32,0.414914,0.684375,0.0,0.32,0.561789,0.7,0.0,0.32,0.424289,0.7,0.0,0.32,0.605539,0.69375,0.0,0.32,0.380539,0.69375,0.0,0.32,0.694649,0.494594,0.0,0.88,0.72156,0.521074,0.0,0.88,0.728408,0.531314,0.0,0.88,0.735255,0.541554,0.0,0.88,0.742102,0.551794,0.0,0.88,0.712576,0.523619,0.0,0.88,0.717597,0.534376,0.0,0.88,0.722618,0.545134,0.0,0.88,0.727638,0.555891,0.0,0.88,0.703592,0.526164,0.0,0.88,0.706787,0.537439,0.0,0.88,0.709981,0.548714,0.0,0.88,0.713175,0.559989,0.0,0.88,0.694608,0.528709,0.0,0.88,0.695976,0.540501,0.0,0.88,0.697344,0.552294,0.0,0.88,0.698711,0.564086,0.0,0.88,0.685625,0.531254,0.0,0.88,0.685166,0.543564,0.0,0.88,0.684707,0.555874,0.0,0.88,0.684248,0.568184,0.0,0.88,0.396164,0.475,0.0,0.61,0.386093,0.511387,0.0,0.61,0.385282,0.523678,0.0,0.61,0.38447,0.53597,0.0,0.61,0.383659,0.548262,0.0,0.61,0.395146,0.5091,0.0,0.61,0.396175,0.520927,0.0,0.61,0.397205,0.532754,0.0,0.61,0.398234,0.544581,0.0,0.61,0.404199,0.506813,0.0,0.61,0.407069,0.518175,0.0,0.61,0.409939,0.529537,0.0,0.61,0.412809,0.540899,0.0,0.61,0.413253,0.504527,0.0,0.61,0.417963,0.515424,0.0,0.61,0.422674,0.526321,0.0,0.61,0.427384,0.537218,0.0,0.61,0.422306,0.50224,0.0,0.61,0.428857,0.512672,0.0,0.61,0.435408,0.523104,0.0,0.61,0.441959,0.533536,0.0,0.61
fixture/demo,82,2.733333,0,0.492863,0.174642,0.0,0.93,0.502238,0.162142,0.0,0.93,0.51005,0.160579,0.0,0.93,0.517863,0.162142,0.0,0.93,0.483488,0.162142,0.0,0.93,0.475675,0.160579,0.0,0.93,0.467863,0.162142,0.0,0.93,0.530363,0.168392,0.0,0.93,0.455363,0.168392,0.0,0.93,0.505363,0.191829,0.0,0.93,0.480363,0.191829,0.0,0.93,0.574113,0.275,0.0,0.93,0.411613,0.275,0.0,0.93,0.658343,0.370639,0.0,0.93,0.370988,0.375811,0.0,0.93,0.690888,0.493855,0.0,0.93,0.395988,0.475,0.0,0.93,0.711201,0.512605,0.0,0.93,0.375675,0.49375,0.0,0.93,0.717451,0.489168,0.0,0.93,0.369425,0.470312,0.0,0.93,0.704951,0.500105,0.0,0.93,0.381925,0.48125,0.0,0.93,0.555363,0.459375,0.0,0.93,0.430363,0.459375,0.0,0.93,0.564738,0.58125,0.0,0.32,0.420988,0.58125,0.0,0.32,0.570988,0.684375,0.0,0.32,0.414738,0.684375,0.0,0.32,0.561613,0.7,0.0,0.32,0.424113,0.7,0.0,0.32,0.605363,0.69375,0.0,0.32,0.380363,0.69375,0.0,0.32,0.690888,0.493855,0.0,0.88,0.717323,0.520811,0.0,0.88,0.723987,0.531171,0.0,0.88,0.730651,0.541532,0.0,0.88,0.737314,0.551892,0.0,0.88,0.708296,0.523195,0.0,0.88,0.713124,0.534041,0.0,0.88,0.717952,0.544886,0.0,0.88,0.72278,0.555731,0.0,0.88,0.699268,0.52558,0.0,0.88,0.70226,0.53691,0.0,0.88,0.705253,0.54824,0.0,0.88,0.708246,0.55957,0.0,0.88,0.69024,0.527964,0.0,0.88,0.691397,0.539779,0.0,0.88,0.692554,0.551594,0.0,0.88,0.693711,0.563409,0.0,0.88,0.681212,0.530349,0.0,0.88,0.680534,0.542649,0.0,0.88,0.679855,0.554948,0.0,0.88,0.679177,0.567248,0.0,0.88,0.395988,0.475,0.0,0.61,0.385899,0.511382,0.0,0.61,0.385081,0.523673,0.0,0.61,0.384263,0.535964,0.0,0.61,0.383446,0.548256,0.0,0.61,0.394953,0.5091,0.0,0.61,0.395976,0.520927,0.0,0.61,0.396999,0.532754,0.0,0.61,0.398023,0.544582,0.0,0.61,0.404007,0.506817,0.0,0.61,0.406871,0.518181,0.0,0.61,0.409735,0.529544,0.0,0.61,0.412599,0.540908,0.0,0.61,0.413062,0.504535,0.0,0.61,0.417767,0.515435,0.0,0.61,0.422471,0.526334,0.0,0.61,0.427176,0.537234,0.0,0.61,0.422116,0.502253,0.0,0.61,0.428662,0.512689,0.0,0.61,0.435208,0.523124,0.0,0.61,0.441753,0.53356,0.0,0.61
fixture/demo,83,2.766667,0,0.492706,0.174988,0.0,0.93,0.502081,0.162488,0.0,0.93,0.509894,0.160926,0.0,0.93,0.517706,0.162488,0.0,0.93,0.483331,0.162488,0.0,0.93,0.475519,0.160926,0.0,0.93,0.467706,0.162488,0.0,0.93,0.530206,0.168738,0.0,0.93,0.455206,0.168738,0.0,0.93,0.505206,0.192176,0.0,0.93,0.480206,0.192176,0.0,0.93,0.573956,0.275,0.0,0.93,0.411456,0.275,0.0,0.93,0.657037,0.370289,0.0,0.93,0.370831,0.375623,0.0,0.93,0.687038,0.493099,0.0,0.93,0.395831,0.475,0.0,0.93,0.70735,0.511849,0.0,0.93,0.375519,0.49375,0.0,0.93,0.7136,0.488412,0.0,0.93,0.369269,0.470312,0.0,0.93,0.7011,0.499349,0.0,0.93,0.381769,0.48125,0.0,0.93,0.555206,0.459375,0.0,0.93,0.430206,0.459375,0.0,0.93,0.564581,0.58125,0.0,0.32,0.420831,0.58125,0.0,0.32,0.570831,0.684375,0.0,0.32,0.414581,0.684375,0.0,0.32,0.561456,0.7,0.0,0.32,0.423956,0.7,0.0,0.32,0.605206,0.69375,0.0,0.32,0.380206,0.69375,0.0,0.32,0.687038,0.493099,0.0,0.88,0.712966,0.520543,0.0,0.88,0.719435,0.531026,0.0,0.88,0.725904,0.541509,0.0,0.88,0.732374,0.551992,0.0,0.88,0.703895,0.522759,0.0,0.88,0.70852,0.533692,0.0,0.88,0.713145,0.544626,0.0,0.88,0.71777,0.555559,0.0,0.88,0.694824,0.524975,0.0,0.88,0.697605,0.536359,0.0,0.88,0.700386,0.547743,0.0,0.88,0.703167,0.559127,0.0,0.88,0.685753,0.527191,0.0,0.88,0.68669,0.539025,0.0,0.88,0.687627,0.55086,0.0,0.88,0.688564,0.562694,0.0,0.88,0.676683,0.529406,0.0,0.88,0.675775,0.541691,0.0,0.88,0.674868,0.553976,0.0,0.88,0.67396,0.566261,0.0,0.88,0.395831,0.475,0.0,0.61,0.385726,0.511377,0.0,0.61,0.384903,0.523668,0.0,0.61,0.384079,0.535959,0.0,0.61,0.383256,0.54825,0.0,0.61,0.394781,0.509099,0.0,0.61,0.395799,0.520927,0.0,0.61,0.396817,0.532755,0.0,0.61,0.397835,0.544582,0.0,0.61,0.403837,0.506821,0.0,0.61,0.406695,0.518186,0.0,0.61,0.409554,0.52955,0.0,0.61,0.412413,0.540915,0.0,0.61,0.412892,0.504543,0.0,0.61,0.417592,0.515445,0.0,0.61,0.422292,0.526346,0.0,0.61,0.426992,0.537248,0.0,0.61,0.421947,0.502265,0.0,0.61,0.428488,0.512703,0.0,0.61,0.435029,0.523142,0.0,0.61,0.441571,0.53358,0.0,0.61
fixture/demo,84,2.8,0,0.49257,0.17537,0.0,0.93,0.501945,0.16287,0.0,0.93,0.509757,0.161307,0.0,0.93,0.51757,0.16287,0.0,0.93,0.483195,0.16287,0.0,0.93,0.475382,0.161307,0.0,0.93,0.46757,0.16287,0.0,0.93,0.53007,0.16912,0.0,0.93,0.45507,0.16912,0.0,0.93,0.50507,0.192557,0.0,0.93,0.48007,0.192557,0.0,0.93,0.57382,0.275,0.0,0.93,0.41132,0.275,0.0,0.93,0.655724,0.369956,0.0,0.93,0.370695,0.375459,0.0,0.93,0.683109,0.492328,0.0,0.93,0.395695,0.475,0.0,0.93,0.703422,0.511078,0.0,0.93,0.375382,0.49375,0.0,0.93,0.709672,0.487641,0.0,0.93,0.369132,0.470312,0.0,0.93,0.697172,0.498578,0.0,0.93,0.381632,0.48125,0.0,0.93,0.55507,0.459375,0.0,0.93,0.43007,0.459375,0.0,0.93,0.564445,0.58125,0.0,0.32,0.420695,0.58125,0.0,0.32,0.570695,0.684375,0.0,0.32,0.414445,0.684375,0.0,0.32,0.56132,0.7,0.0,0.32,0.42382,0.7,0.0,0.32,0.60507,0.69375,0.0,0.32,0.38007,0.69375,0.0,0.32,0.683109,0.492328,0.0,0.88,0.708499,0.520271,0.0,0.88,0.714764,0.530877,0.0,0.88,0.721028,0.541484,0.0,0.88,0.727292,0.552091,0.0,0.88,0.699387,0.52231,0.0,0.88,0.703799,0.533331,0.0,0.88,0.708211,0.544352,0.0,0.88,0.712622,0.555374,0.0,0.88,0.690275,0.524349,0.0,0.88,0.692834,0.535785,0.0,0.88,0.695393,0.547221,0.0,0.88,0.697952,0.558657,0.0,0.88,0.681163,0.526388,0.0,0.88,0.681869,0.538239,0.0,0.88,0.682576,0.550089,0.0,0.88,0.683283,0.561939,0.0,0.88,0.672051,0.528427,0.0,0.88,0.670905,0.540692,0.0,0.88,0.669759,0.552957,0.0,0.88,0.668613,0.565222,0.0,0.88,0.395695,0.475,0.0,0.61,0.385575,0.511373,0.0,0.61,0.384747,0.523664,0.0,0.61,0.383919,0.535954,0.0,0.61,0.383091,0.548245,0.0,0.61,0.394631,0.509099,0.0,0.61,0.395645,0.520927,0.0,0.61,0.396658,0.532755,0.0,0.61,0.397671,0.544583,0.0,0.61,0.403688,0.506824,0.0,0.61,0.406542,0.51819,0.0,0.61,0.409397,0.529556,0.0,0.61,0.412251,0.540921,0.0,0.61,0.412744,0.50455,0.0,0.61,0.41744,0.515453,0.0,0.61,0.422135,0.526356,0.0,0.61,0.426831,0.53726,0.0,0.61,0.4218,0.502275,0.0,0.61,0.428337,0.512716,0.0,0.61,0.434874,0.523157,0.0,0.61,0.441411,0.533598,0.0,0.61
fixture/demo,85,2.833333,0,0.492454,0.175781,0.0,0.93,0.501829,0.163281,0.0,0.93,0.509641,0.161719,0.0,0.93,0.517454,0.163281,0.0,0.93,0.483079,0.163281,0.0,0.93,0.475266,0.161719,0.0,0.93,0.467454,0.163281,0.0,0.93,0.529954,0.169531,0.0,0.93,0.454954,0.169531,0.0,0.93,0.504954,0.192969,0.0,0.93,0.479954,0.192969,0.0,0.93,0.573704,0.275,0.0,0.93,0.411204,0.275,0.0,0.93,0.654408,0.369643,0.0,0.93,0.370579,0.375319,0.0,0.93,0.679115,0.491544,0.0,0.93,0.395579,0.475,0.0,0.93,0.699427,0.510294,0.0,0.93,0.375266,0.49375,0.0,0.93,0.705677,0.486857,0.0,0.93,0.369016,0.470312,0.0,0.93,0.693177,0.497794,0.0,0.93,0.381516,0.48125,0.0,0.93,0.554954,0.459375,0.0,0.93,0.429954,0.459375,0.0,0.93,0.564329,0.58125,0.0,0.32,0.420579,0.58125,0.0,0.32,0.570579,0.684375,0.0,0.32,0.414329,0.684375,0.0,0.32,0.561204,0.7,0.0,0.32,0.423704,0.7,0.0,0.32,0.604954,0.69375,0.0,0.32,0.379954,0.69375,0.0,0.32,0.679115,0.491544,0.0,0.88,0.703936,0.519993,0.0,0.88,0.709985,0.530724,0.0,0.88,0.716034,0.541455,0.0,0.88,0.722083,0.552186,0.0,0.88,0.694784,0.521848,0.0,0.88,0.698973,0.532956,0.0,0.88,0.703161,0.544064,0.0,0.88,0.707349,0.555172,0.0,0.88,0.685633,0.523703,0.0,0.88,0.687961,0.535188,0.0,0.88,0.690288,0.546673,0.0,0.88,0.692616,0.558158,0.0,0.88,0.676481,0.525557,0.0,0.88,0.676949,0.53742,0.0,0.88,0.677416,0.549282,0.0,0.88,0.677883,0.561144,0.0,0.88,0.66733,0.527412,0.0,0.88,0.665936,0.539652,0.0,0.88,0.664543,0.551891,0.0,0.88,0.66315,0.564131,0.0,0.88,0.395579,0.475,0.0,0.61,0.385447,0.51137,0.0,0.61,0.384615,0.52366,0.0,0.61,0.383783,0.535951,0.0,0.61,0.382951,0.548241,0.0,0.61,0.394504,0.509098,0.0,0.61,0.395513,0.520927,0.0,0.61,0.396523,0.532755,0.0,0.61,0.397532,0.544584,0.0,0.61,0.403561,0.506827,0.0,0.61,0.406412,0.518194,0.0,0.61,0.409262,0.52956,0.0,0.61,0.412113,0.540927,0.0,0.61,0.412618,0.504555,0.0,0.61,0.41731,0.51546,0.0,0.61,0.422002,0.526365,0.0,0.61,0.426694,0.53727,0.0,0.61,0.421675,0.502284,0.0,0.61,0.428208,0.512727,0.0,0.61,0.434742,0.52317,0.0,0.61,0.441276,0.533613,0.0,0.61
fixture/demo,86,2.866667,0,0.492358,0.176218,0.0,0.93,0.501733,0.163718,0.0,0.93,0.509546,0.162156,0.0,0.93,0.517358,0.163718,0.0,0.93,0.482983,0.163718,0.0,0.93,0.475171,0.162156,0.0,0.93,0.467358,0.163718,0.0,0.93,0.529858,0.169968,0.0,0.93,0.454858,0.169968,0.0,0.93,0.504858,0.193406,0.0,0.93,0.479858,0.193406,0.0,0.93,0.573608,0.275,0.0,0.93,0.411108,0.275,0.0,0.93,0.653093,0.369352,0.0,0.93,0.370483,0.375205,0.0,0.93,0.675067,0.490749,0.0,0.93,0.395483,0.475,0.0,0.93,0.695379,0.509499,0.0,0.93,0.375171,0.49375,0.0,0.93,0.701629,0.486061,0.0,0.93,0.368921,0.470312,0.0,0.93,0.689129,0.496999,0.0,0.93,0.381421,0.48125,0.0,0.93,0.554858,0.459375,0.0,0.93,0.429858,0.459375,0.0,0.93,0.564233,0.58125,0.0,0.32,0.420483,0.58125,0.0,0.32,0.570483,0.684375,0.0,0.32,0.414233,0.684375,0.0,0.32,0.561108,0.7,0.0,0.32,0.423608,0.7,0.0,0.32,0.604858,0.69375,0.0,0.32,0.379858,0.69375,0.0,0.32,0.675067,0.490749,0.0,0.88,0.699288,0.51971,0.0,0.88,0.705111,0.530565,0.0,0.88,0.710935,0.54142,0.0,0.88,0.716758,0.552275,0.0,0.88,0.6901,0.521373,0.0,0.88,0.694055,0.532566,0.0,0.88,0.69801,0.54376,0.0,0.88,0.701966,0.554953,0.0,0.88,0.680911,0.523036,0.0,0.88,0.682999,0.534568,0.0,0.88,0.685086,0.546099,0.0,0.88,0.687173,0.557631,0.0,0.88,0.671723,0.5247,0.0,0.88,0.671942,0.536569,0.0,0.88,0.672162,0.548439,0.0,0.88,0.672381,0.560308,0.0,0.88,0.662535,0.526363,0.0,0.88,0.660886,0.53857,0.0,0.88,0.659237,0.550778,0.0,0.88,0.657588,0.562986,0.0,0.88,0.395483,0.475,0.0,0.61,0.385342,0.511367,0.0,0.61,0.384506,0.523657,0.0,0.61,0.383671,0.535947,0.0,0.61,0.382835,0.548237,0.0,0.61,0.394399,0.509098,0.0,0.61,0.395405,0.520927,0.0,0.61,0.396412,0.532756,0.0,0.61,0.397418,0.544584,0.0,0.61,0.403457,0.506829,0.0,0.61,0.406305,0.518196,0.0,0.61,0.409152,0.529564,0.0,0.61,0.412,0.540931,0.0,0.61,0.412514,0.50456,0.0,0.61,0.417204,0.515466,0.0,0.61,0.421893,0.526372,0.0,0.61,0.426582,0.537278,0.0,0.61,0.421572,0.502291,0.0,0.61,0.428103,0.512736,0.0,0.61,0.434634,0.523181,0.0,0.61,0.441164,0.533625,0.0,0.61
fixture/demo,87,2.9,0,0.492284,0.176676,0.0,0.93,0.501659,0.164176,0.0,0.93,0.509471,0.162614,0.0,0.93,0.517284,0.164176,0.0,0.93,0.482909,0.164176,0.0,0.93,0.475096,0.162614,0.0,0.93,0.467284,0.164176,0.0,0.93,0.529784,0.170426,0.0,0.93,0.454784,0.170426,0.0,0.93,0.504784,0.193864,0.0,0.93,0.479784,0.193864,0.0,0.93,0.573534,0.275,0.0,0.93,0.411034,0.275,0.0,0.93,0.651783,0.369086,0.0,0.93,0.370409,0.375115,0.0,0.93,0.670978,0.489944,0.0,0.93,0.395409,0.475,0.0,0.93,0.69129,0.508694,0.0,0.93,0.375096,0.49375,0.0,0.93,0.69754,0.485257,0.0,0.93,0.368846,0.470312,0.0,0.93,0.68504,0.496194,0.0,0.93,0.381346,0.48125,0.0,0.93,0.554784,0.459375,0.0,0.93,0.429784,0.459375,0.0,0.93,0.564159,0.58125,0.0,0.32,0.420409,0.58125,0.0,0.32,0.570409,0.684375,0.0,0.32,0.414159,0.684375,0.0,0.32,0.561034,0.7,0.0,0.32,0.423534,0.7,0.0,0.32,0.604784,0.69375,0.0,0.32,0.379784,0.69375,0.0,0.32,0.670978,0.489944,0.0,0.88,0.694569,0.519421,0.0,0.88,0.700157,0.530399,0.0,0.88,0.705745,0.541378,0.0,0.88,0.711333,0.552356,0.0,0.88,0.685347,0.520886,0.0,0.88,0.68906,0.532162,0.0,0.88,0.692773,0.543438,0.0,0.88,0.696486,0.554714,0.0,0.88,0.676125,0.522351,0.0,0.88,0.677963,0.533924,0.0,0.88,0.679801,0.545498,0.0,0.88,0.681639,0.557072,0.0,0.88,0.666903,0.523815,0.0,0.88,0.666866,0.535687,0.0,0.88,0.666829,0.547558,0.0,0.88,0.666793,0.55943,0.0,0.88,0.657681,0.52528,0.0,0.88,0.655769,0.537449,0.0,0.88,0.653858,0.549618,0.0,0.88,0.651946,0.561788,0.0,0.88,0.395409,0.475,0.0,0.61,0.385259,0.511365,0.0,0.61,0.384421,0.523655,0.0,0.61,0.383583,0.535945,0.0,0.61,0.382745,0.548235,0.0,0.61,0.394317,0.509098,0.0,0.61,0.395321,0.520927,0.0,0.61,0.396325,0.532756,0.0,0.61,0.397328,0.544585,0.0,0.61,0.403376,0.506831,0.0,0.61,0.406221,0.518199,0.0,0.61,0.409066,0.529567,0.0,0.61,0.411911,0.540935,0.0,0.61,0.412434,0.504563,0.0,0.61,0.417121,0.515471,0.0,0.61,0.421807,0.526378,0.0,0.61,0.426494,0.537285,0.0,0.61,0.421492,0.502296,0.0,0.61,0.42802,0.512743,0.0,0.61,0.434549,0.523189,0.0,0.61,0.441077,0.533635,0.0,0.61
fixture/demo,88,2.933333,0,0.49223,0.17715,0.0,0.93,0.501605,0.16465,0.0,0.93,0.509418,0.163088,0.0,0.93,0.51723,0.16465,0.0,0.93,0.482855,0.16465,0.0,0.93,0.475043,0.163088,0.0,0.93,0.46723,0.16465,0.0,0.93,0.52973,0.1709,0.0,0.93,0.45473,0.1709,0.0,0.93,0.50473,0.194338,0.0,0.93,0.47973,0.194338,0.0,0.93,0.57348,0.275,0.0,0.93,0.41098,0.275,0.0,0.93,0.650482,0.368848,0.0,0.93,0.370355,0.375051,0.0,0.93,0.666861,0.489133,0.0,0.93,0.395355,0.475,0.0,0.93,0.687173,0.507883,0.0,0.93,0.375043,0.49375,0.0,0.93,0.693423,0.484446,0.0,0.93,0.368793,0.470312,0.0,0.93,0.680923,0.495383,0.0,0.93,0.381293,0.48125,0.0,0.93,0.55473,0.459375,0.0,0.93,0.42973,0.459375,0.0,0.93,0.564105,0.58125,0.0,0.32,0.420355,0.58125,0.0,0.32,0.570355,0.684375,0.0,0.32,0.414105,0.684375,0.0,0.32,0.56098,0.7,0.0,0.32,0.42348,0.7,0.0,0.32,0.60473,0.69375,0.0,0.32,0.37973,0.69375,0.0,0.32,0.666861,0.489133,0.0,0.88,0.689792,0.519126,0.0,0.88,0.695135,0.530225,0.0,0.88,0.700479,0.541325,0.0,0.88,0.705822,0.552424,0.0,0.88,0.68054,0.520386,0.0,0.88,0.684002,0.531741,0.0,0.88,0.687464,0.543097,0.0,0.88,0.690927,0.554452,0.0,0.88,0.671288,0.521646,0.0,0.88,0.672869,0.533257,0.0,0.88,0.67445,0.544869,0.0,0.88,0.676031,0.556481,0.0,0.88,0.662036,0.522906,0.0,0.88,0.661736,0.534773,0.0,0.88,0.661436,0.546641,0.0,0.88,0.661136,0.558509,0.0,0.88,0.652784,0.524165,0.0,0.88,0.650603,0.536289,0.0,0.88,0.648422,0.548413,0.0,0.88,0.646241,0.560537,0.0,0.88,0.395355,0.475,0.0,0.61,0.3852,0.511363,0.0,0.61,0.384361,0.523653,0.0,0.61,0.383521,0.535943,0.0,0.61,0.382681,0.548233,0.0,0.61,0.394259,0.509098,0.0,0.61,0.395261,0.520927,0.0,0.61,0.396263,0.532756,0.0,0.61,0.397265,0.544585,0.0,0.61,0.403317,0.506832,0.0,0.61,0.406161,0.5182,0.0,0.61,0.409005,0.529569,0.0,0.61,0.411848,0.540937,0.0,0.61,0.412376,0.504566,0.0,0.61,0.417061,0.515474,0.0,0.61,0.421746,0.526382,0.0,0.61,0.426432,0.53729,0.0,0.61,0.421434,0.5023,0.0,0.61,0.427961,0.512747,0.0,0.61,0.434488,0.523195,0.0,0.61,0.441015,0.533642,0.0,0.61
fixture/demo,89,2.966667,0,0.492198,0.177635,0.0,0.93,0.501573,0.165135,0.0,0.93,0.509386,0.163573,0.0,0.93,0.517198,0.165135,0.0,0.93,0.482823,0.165135,0.0,0.93,0.475011,0.163573,0.0,0.93,0.467198,0.165135,0.0,0.93,0.529698,0.171385,0.0,0.93,0.454698,0.171385,0.0,0.93,0.504698,0.194823,0.0,0.93,0.479698,0.194823,0.0,0.93,0.573448,0.275,0.0,0.93,0.410948,0.275,0.0,0.93,0.649195,0.36864,0.0,0.93,0.370323,0.375013,0.0,0.93,0.662728,0.488318,0.0,0.93,0.395323,0.475,0.0,0.93,0.683041,0.507068,0.0,0.93,0.375011,0.49375,0.0,0.93,0.689291,0.48363,0.0,0.93,0.368761,0.470312,0.0,0.93,0.676791,0.494568,0.0,0.93,0.381261,0.48125,0.0,0.93,0.554698,0.459375,0.0,0.93,0.429698,0.459375,0.0,0.93,0.564073,0.58125,0.0,0.32,0.420323,0.58125,0.0,0.32,0.570323,0.684375,0.0,0.32,0.414073,0.684375,0.0,0.32,0.560948,0.7,0.0,0.32,0.423448,0.7,0.0,0.32,0.604698,0.69375,0.0,0.32,0.379698,0.69375,0.0,0.32,0.662728,0.488318,0.0,0.88,0.684972,0.518824,0.0,0.88,0.690062,0.530042,0.0,0.88,0.695152,0.54126,0.0,0.88,0.700241,0.552478,0.0,0.88,0.675694,0.519873,0.0,0.88,0.678897,0.531304,0.0,0.88,0.6821,0.542736,0.0,0.88,0.685304,0.554167,0.0,0.88,0.666416,0.520922,0.0,0.88,0.667732,0.532567,0.0,0.88,0.669049,0.544211,0.0,0.88,0.670366,0.555856,0.0,0.88,0.657137,0.521972,0.0,0.88,0.656568,0.53383,0.0,0.88,0.655998,0.545687,0.0,0.88,0.655428,0.557545,0.0,0.88,0.647859,0.523021,0.0,0.88,0.645403,0.535092,0.0,0.88,0.642947,0.547163,0.0,0.88,0.640491,0.559234,0.0,0.88,0.395323,0.475,0.0,0.61,0.385165,0.511362,0.0,0.61,0.384324,0.523652,0.0,0.61,0.383483,0.535942,0.0,0.61,0.382642,0.548232,0.0,0.61,0.394224,0.509098,0.0,0.61,0.395225,0.520927,0.0,0.61,0.396225,0.532756,0.0,0.61,0.397226,0.544585,0.0,0.61,0.403282,0.506833,0.0,0.61,0.406125,0.518201,0.0,0.61,0.408967,0.52957,0.0,0.61,0.41181,0.540939,0.0,0.61,0.412341,0.504568,0.0,0.61,0.417025,0.515476,0.0,0.61,0.42171,0.526384,0.0,0.61,0.426394,0.537292,0.0,0.61,0.4214,0.502303,0.0,0.61,0.427926,0.51275,0.0,0.61,0.434452,0.523198,0.0,0.61,0.440978,0.533646,0.0,0.61
fixture/demo,90,3.0,0,0.492188,0.178125,0.0,0.93,0.501562,0.165625,0.0,0.93,0.509375,0.164062,0.0,0.93,0.517188,0.165625,0.0,0.93,0.482812,0.165625,0.0,0.93,0.475,0.164062,0.0,0.93,0.467188,0.165625,0.0,0.93,0.529688,0.171875,0.0,0.93,0.454688,0.171875,0.0,0.93,0.504687,0.195312,0.0,0.93,0.479688,0.195312,0.0,0.93,0.573438,0.275,0.0,0.93,0.410938,0.275,0.0,0.93,0.647924,0.368463,0.0,0.93,0.370312,0.375,0.0,0.93,0.658594,0.4875,0.0,0.93,0.395312,0.475,0.0,0.93,0.678906,0.50625,0.0,0.93,0.375,0.49375,0.0,0.93,0.685156,0.482812,0.0,0.93,0.36875,0.470312,0.0,0.93,0.672656,0.49375,0.0,0.93,0.38125,0.48125,0.0,0.93,0.554688,0.459375,0.0,0.93,0.429688,0.459375,0.0,0.93,0.564062,0.58125,0.0,0.32,0.420312,0.58125,0.0,0.32,0.570312,0.684375,0.0,0.32,0.414062,0.684375,0.0,0.32,0.560938,0.7,0.0,0.32,0.423438,0.7,0.0,0.32,0.604688,0.69375,0.0,0.32,0.379688,0.69375,0.0,0.32,0.658594,0.4875,0.0,0.88,0.680124,0.518514,0.0,0.88,0.684952,0.529847,0.0,0.88,0.689779,0.54118,0.0,0.88,0.694607,0.552513,0.0,0.88,0.670823,0.519348,0.0,0.88,0.67376,0.53085,0.0,0.88,0.676698,0.542353,0.0,0.88,0.679635,0.553855,0.0,0.88,0.661523,0.520181,0.0,0.88,0.662569,0.531853,0.0,0.88,0.663616,0.543525,0.0,0.88,0.664662,0.555197,0.0,0.88,0.652223,0.521015,0.0,0.88,0.651378,0.532857,0.0,0.88,0.650534,0.544698,0.0,0.88,0.649689,0.556539,0.0,0.88,0.642923,0.521849,0.0,0.88,0.640187,0.53386,0.0,0.88,0.637452,0.545871,0.0,0.88,0.634716,0.557882,0.0,0.88,0.395312,0.475,0.0,0.61,0.385153,0.511362,0.0,0.61,0.384312,0.523652,0.0,0.61,0.383471,0.535942,0.0,0.61,0.382629,0.548231,0.0,0.61,0.394212,0.509097,0.0,0.61,0.395212,0.520927,0.0,0.61,0.396213,0.532756,0.0,0.61,0.397213,0.544585,0.0,0.61,0.403271,0.506833,0.0,0.61,0.406113,0.518202,0.0,0.61,0.408955,0.529571,0.0,0.61,0.411797,0.540939,0.0,0.61,0.412329,0.504568,0.0,0.61,0.417013,0.515477,0.0,0.61,0.421697,0.526385,0.0,0.61,0.426381,0.537293,0.0,0.61,0.421388,0.502303,0.0,0.61,0.427914,0.512751,0.0,0.61,0.43444,0.523199,0.0,0.61,0.440965,0.533647,0.0,0.61
fixture/demo,91,3.033333,0,0.492198,0.178615,0.0,0.93,0.501573,0.166115,0.0,0.93,0.509386,0.164552,0.0,0.93,0.517198,0.166115,0.0,0.93,0.482823,0.166115,0.0,0.93,0.475011,0.164552,0.0,0.93,0.467198,0.166115,0.0,0.93,0.529698,0.172365,0.0,0.93,0.454698,0.172365,0.0,0.93,0.504698,0.195802,0.0,0.93,0.479698,0.195802,0.0,0.93,0.573448,0.275,0.0,0.93,0.410948,0.275,0.0,0.93,0.646674,0.36832,0.0,0.93,0.370323,0.375013,0.0,0.93,0.65447,0.486682,0.0,0.93,0.395323,0.475,0.0,0.93,0.674782,0.505432,0.0,0.93,0.375011,0.49375,0.0,0.93,0.681032,0.481995,0.0,0.93,0.368761,0.470312,0.0,0.93,0.668532,0.492932,0.0,0.93,0.381261,0.48125,0.0,0.93,0.554698,0.459375,0.0,0.93,0.429698,0.459375,0.0,0.93,0.564073,0.58125,0.0,0.32,0.420323,0.58125,0.0,0.32,0.570323,0.684375,0.0,0.32,0.414073,0.684375,0.0,0.32,0.560948,0.7,0.0,0.32,0.423448,0.7,0.0,0.32,0.604698,0.69375,0.0,0.32,0.379698,0.69375,0.0,0.32,0.65447,0.486682,0.0,0.88,0.675261,0.518196,0.0,0.88,0.67982,0.52964,0.0,0.88,0.684379,0.541084,0.0,0.88,0.688937,0.552528,0.0,0.88,0.665944,0.51881,0.0,0.88,0.668608,0.530379,0.0,0.88,0.671273,0.541947,0.0,0.88,0.673937,0.553516,0.0,0.88,0.656626,0.519424,0.0,0.88,0.657396,0.531117,0.0,0.88,0.658167,0.542811,0.0,0.88,0.658937,0.554504,0.0,0.88,0.647309,0.520037,0.0,0.88,0.646185,0.531856,0.0,0.88,0.645061,0.543674,0.0,0.88,0.643937,0.555492,0.0,0.88,0.637992,0.520651,0.0,0.88,0.634973,0.532594,0.0,0.88,0.631955,0.544537,0.0,0.88,0.628936,0.55648,0.0,0.88,0.395323,0.475,0.0,0.61,0.385165,0.511362,0.0,0.61,0.384324,0.523652,0.0,0.61,0.383483,0.535942,0.0,0.61,0.382642,0.548232,0.0,0.61,0.394224,0.509098,0.0,0.61,0.395225,0.520927,0.0,0.61,0.396225,0.532756,0.0,0.61,0.397226,0.544585,0.0,0.61,0.403282,0.506833,0.0,0.61,0.406125,0.518201,0.0,0.61,0.408967,0.52957,0.0,0.61,0.41181,0.540939,0.0,0.61,0.412341,0.504568,0.0,0.61,0.417025,0.515476,0.0,0.61,0.42171,0.526384,0.0,0.61,0.426394,0.537292,0.0,0.61,0.4214,0.502303,0.0,0.61,0.427926,0.51275,0.0,0.61,0.434452,0.523198,0.0,0.61,0.440978,0.533646,0.0,0.61
fixture/demo,92,3.066667,0,0.49223,0.1791,0.0,0.93,0.501605,0.1666,0.0,0.93,0.509418,0.165037,0.0,0.93,0.51723,0.1666,0.0,0.93,0.482855,0.1666,0.0,0.93,0.475043,0.165037,0.0,0.93,0.46723,0.1666,0.0,0.93,0.52973,0.17285,0.0,0.93,0.45473,0.17285,0.0,0.93,0.50473,0.196287,0.0,0.93,0.47973,0.196287,0.0,0.93,0.57348,0.275,0.0,0.93,0.41098,0.275,0.0,0.93,0.645447,0.36821,0.0,0.93,0.370355,0.375051,0.0,0.93,0.650369,0.485867,0.0,0.93,0.395355,0.475,0.0,0.93,0.670682,0.504617,0.0,0.93,0.375043,0.49375,0.0,0.93,0.676932,0.481179,0.0,0.93,0.368793,0.470312,0.0,0.93,0.664432,0.492117,0.0,0.93,0.381293,0.48125,0.0,0.93,0.55473,0.459375,0.0,0.93,0.42973,0.459375,0.0,0.93,0.564105,0.58125,0.0,0.32,0.420355,0.58125,0.0,0.32,0.570355,0.684375,0.0,0.32,0.414105,0.684375,0.0,0.32,0.56098,0.7,0.0,0.32,0.42348,0.7,0.0,0.32,0.60473,0.69375,0.0,0.32,0.37973,0.69375,0.0,0.32,0.650369,0.485867,0.0,0.88,0.6704,0.51787,0.0,0.88,0.674683,0.52942,0.0,0.88,0.678966,0.54097,0.0,0.88,0.68325,0.552519,0.0,0.88,0.66107,0.51826,0.0,0.88,0.663457,0.529889,0.0,0.88,0.665843,0.541519,0.0,0.88,0.66823,0.553148,0.0,0.88,0.651741,0.518651,0.0,0.88,0.652231,0.530359,0.0,0.88,0.652721,0.542068,0.0,0.88,0.65321,0.553776,0.0,0.88,0.642412,0.519041,0.0,0.88,0.641005,0.530829,0.0,0.88,0.639598,0.542617,0.0,0.88,0.638191,0.554404,0.0,0.88,0.633082,0.519431,0.0,0.88,0.629778,0.531298,0.0,0.88,0.626475,0.543166,0.0,0.88,0.623171,0.555033,0.0,0.88,0.395355,0.475,0.0,0.61,0.3852,0.511363,0.0,0.61,0.384361,0.523653,0.0,0.61,0.383521,0.535943,0.0,0.61,0.382681,0.548233,0.0,0.61,0.394259,0.509098,0.0,0.61,0.395261,0.520927,0.0,0.61,0.396263,0.532756,0.0,0.61,0.397265,0.544585,0.0,0.61,0.403317,0.506832,0.0,0.61,0.406161,0.5182,0.0,0.61,0.409005,0.529569,0.0,0.61,0.411848,0.540937,0.0,0.61,0.412376,0.504566,0.0,0.61,0.417061,0.515474,0.0,0.61,0.421746,0.526382,0.0,0.61,0.426432,0.53729,0.0,0.61,0.421434,0.5023,0.0,0.61,0.427961,0.512747,0.0,0.61,0.434488,0.523195,0.0,0.61,0.441015,0.533642,0.0,0.61
fixture/demo,93,3.1,0,0.492284,0.179574,0.0,0.93,0.501659,0.167074,0.0,0.93,0.509471,0.165511,0.0,0.93,0.517284,0.167074,0.0,0.93,0.482909,0.167074,0.0,0.93,0.475096,0.165511,0.0,0.93,0.467284,0.167074,0.0,0.93,0.529784,0.173324,0.0,0.93,0.454784,0.173324,0.0,0.93,0.504784,0.196761,0.0,0.93,0.479784,0.196761,0.0,0.93,0.573534,0.275,0.0,0.93,0.411034,0.275,0.0,0.93,0.644248,0.368135,0.0,0.93,0.370409,0.375115,0.0,0.93,0.646306,0.485056,0.0,0.93,0.395409,0.475,0.0,0.93,0.666618,0.503806,0.0,0.93,0.375096,0.49375,0.0,0.93,0.672868,0.480368,0.0,0.93,0.368846,0.470312,0.0,0.93,0.660368,0.491306,0.0,0.93,0.381346,0.48125,0.0,0.93,0.554784,0.459375,0.0,0.93,0.429784,0.459375,0.0,0.93,0.564159,0.58125,0.0,0.32,0.420409,0.58125,0.0,0.32,0.570409,0.684375,0.0,0.32,0.414159,0.684375,0.0,0.32,0.561034,0.7,0.0,0.32,0.423534,0.7,0.0,0.32,0.604784,0.69375,0.0,0.32,0.379784,0.69375,0.0,0.32,0.646306,0.485056,0.0,0.88,0.665555,0.517535,0.0,0.88,0.669558,0.529185,0.0,0.88,0.67356,0.540835,0.0,0.88,0.677562,0.552485,0.0,0.88,0.656219,0.517699,0.0,0.88,0.658323,0.529382,0.0,0.88,0.660428,0.541066,0.0,0.88,0.662532,0.552749,0.0,0.88,0.646883,0.517863,0.0,0.88,0.647089,0.52958,0.0,0.88,0.647295,0.541297,0.0,0.88,0.647501,0.553014,0.0,0.88,0.637547,0.518027,0.0,0.88,0.635855,0.529778,0.0,0.88,0.634163,0.541528,0.0,0.88,0.632471,0.553278,0.0,0.88,0.628211,0.518192,0.0,0.88,0.624621,0.529975,0.0,0.88,0.621031,0.541759,0.0,0.88,0.617441,0.553543,0.0,0.88,0.395409,0.475,0.0,0.61,0.385259,0.511365,0.0,0.61,0.384421,0.523655,0.0,0.61,0.383583,0.535945,0.0,0.61,0.382745,0.548235,0.0,0.61,0.394317,0.509098,0.0,0.61,0.395321,0.520927,0.0,0.61,0.396325,0.532756,0.0,0.61,0.397328,0.544585,0.0,0.61,0.403376,0.506831,0.0,0.61,0.406221,0.518199,0.0,0.61,0.409066,0.529567,0.0,0.61,0.411911,0.540935,0.0,0.61,0.412434,0.504563,0.0,0.61,0.417121,0.515471,0.0,0.61,0.421807,0.526378,0.0,0.61,0.426494,0.537285,0.0,0.61,0.421492,0.502296,0.0,0.61,0.42802,0.512743,0.0,0.61,0.434549,0.523189,0.0,0.61,0.441077,0.533635,0.0,0.61
fixture/demo,94,3.133333,0,0.492358,0.180032,0.0,0.93,0.501733,0.167532,0.0,0.93,0.509546,0.165969,0.0,0.93,0.517358,0.167532,0.0,0.93,0.482983,0.167532,0.0,0.93,0.475171,0.165969,0.0,0.93,0.467358,0.167532,0.0,0.93,0.529858,0.173782,0.0,0.93,0.454858,0.173782,0.0,0.93,0.504858,0.197219,0.0,0.93,0.479858,0.197219,0.0,0.93,0.573608,0.275,0.0,0.93,0.411108,0.275,0.0,0.93,0.64308,0.368095,0.0,0.93,0.370483,0.375205,0.0,0.93,0.642291,0.484251,0.0,0.93,0.395483,0.475,0.0,0.93,0.662604,0.503001,0.0,0.93,0.375171,0.49375,0.0,0.93,0.668854,0.479564,0.0,0.93,0.368921,0.470312,0.0,0.93,0.656354,0.490501,0.0,0.93,0.381421,0.48125,0.0,0.93,0.554858,0.459375,0.0,0.93,0.429858,0.459375,0.0,0.93,0.564233,0.58125,0.0,0.32,0.420483,0.58125,0.0,0.32,0.570483,0.684375,0.0,0.32,0.414233,0.684375,0.0,0.32,0.561108,0.7,0.0,0.32,0.423608,0.7,0.0,0.32,0.604858,0.69375,0.0,0.32,0.379858,0.69375,0.0,0.32,0.642291,0.484251,0.0,0.88,0.660743,0.51719,0.0,0.88,0.66446,0.528934,0.0,0.88,0.668178,0.540678,0.0,0.88,0.671895,0.552423,0.0,0.88,0.651406,0.517126,0.0,0.88,0.653225,0.528858,0.0,0.88,0.655044,0.540589,0.0,0.88,0.656863,0.552321,0.0,0.88,0.642069,0.517063,0.0,0.88,0.641989,0.528782,0.0,0.88,0.64191,0.5405,0.0,0.88,0.64183,0.552219,0.0,0.88,0.632731,0.517,0.0,0.88,0.630753,0.528705,0.0,0.88,0.628775,0.540411,0.0,0.88,0.626798,0.552117,0.0,0.88,0.623394,0.516936,0.0,0.88,0.619518,0.528629,0.0,0.88,0.615641,0.540322,0.0,0.88,0.611765,0.552015,0.0,0.88,0.395483,0.475,0.0,0.61,0.385342,0.511367,0.0,0.61,0.384506,0.523657,0.0,0.61,0.383671,0.535947,0.0,0.61,0.382835,0.548237,0.0,0.61,0.394399,0.509098,0.0,0.61,0.395405,0.520927,0.0,0.61,0.396412,0.532756,0.0,0.61,0.397418,0.544584,0.0,0.61,0.403457,0.506829,0.0,0.61,0.406305,0.518196,0.0,0.61,0.409152,0.529564,0.0,0.61,0.412,0.540931,0.0,0.61,0.412514,0.50456,0.0,0.61,0.417204,0.515466,0.0,0.61,0.421893,0.526372,0.0,0.61,0.426582,0.537278,0.0,0.61,0.421572,0.502291,0.0,0.61,0.428103,0.512736,0.0,0.61,0.434634,0.523181,0.0,0.61,0.441164,0.533625,0.0,0.61
fixture/demo,95,3.166667,0,0.492454,0.180469,0.0,0.93,0.501829,0.167969,0.0,0.93,0.509641,0.166406,0.0,0.93,0.517454,0.167969,0.0,0.93,0.483079,0.167969,0.0,0.93,0.475266,0.166406,0.0,0.93,0.467454,0.167969,0.0,0.93,0.529954,0.174219,0.0,0.93,0.454954,0.174219,0.0,0.93,0.504954,0.197656,0.0,0.93,0.479954,0.197656,0.0,0.93,0.573704,0.275,0.0,0.93,0.411204,0.275,0.0,0.93,0.641944,0.368089,0.0,0.93,0.370579,0.375319,0.0,0.93,0.638339,0.483456,0.0,0.93,0.395579,0.475,0.0,0.93,0.658651,0.502206,0.0,0.93,0.375266,0.49375,0.0,0.93,0.664901,0.478768,0.0,0.93,0.369016,0.470312,0.0,0.93,0.652401,0.489706,0.0,0.93,0.381516,0.48125,0.0,0.93,0.554954,0.459375,0.0,0.93,0.429954,0.459375,0.0,0.93,0.564329,0.58125,0.0,0.32,0.420579,0.58125,0.0,0.32,0.570579,0.684375,0.0,0.32,0.414329,0.684375,0.0,0.32,0.561204,0.7,0.0,0.32,0.423704,0.7,0.0,0.32,0.604954,0.69375,0.0,0.32,0.379954,0.69375,0.0,0.32,0.638339,0.483456,0.0,0.88,0.65598,0.516836,0.0,0.88,0.659409,0.528667,0.0,0.88,0.662838,0.540499,0.0,0.88,0.666267,0.552331,0.0,0.88,0.646647,0.516544,0.0,0.88,0.648178,0.528316,0.0,0.88,0.64971,0.540089,0.0,0.88,0.651241,0.551861,0.0,0.88,0.637314,0.516252,0.0,0.88,0.636948,0.527965,0.0,0.88,0.636582,0.539679,0.0,0.88,0.636216,0.551392,0.0,0.88,0.627981,0.515961,0.0,0.88,0.625717,0.527614,0.0,0.88,0.623454,0.539268,0.0,0.88,0.62119,0.550922,0.0,0.88,0.618648,0.515669,0.0,0.88,0.614487,0.527264,0.0,0.88,0.610326,0.538858,0.0,0.88,0.606165,0.550452,0.0,0.88,0.395579,0.475,0.0,0.61,0.385447,0.51137,0.0,0.61,0.384615,0.52366,0.0,0.61,0.383783,0.535951,0.0,0.61,0.382951,0.548241,0.0,0.61,0.394504,0.509098,0.0,0.61,0.395513,0.520927,0.0,0.61,0.396523,0.532755,0.0,0.61,0.397532,0.544584,0.0,0.61,0.403561,0.506827,0.0,0.61,0.406412,0.518194,0.0,0.61,0.409262,0.52956,0.0,0.61,0.412113,0.540927,0.0,0.61,0.412618,0.504555,0.0,0.61,0.41731,0.51546,0.0,0.61,0.422002,0.526365,0.0,0.61,0.426694,0.53727,0.0,0.61,0.421675,0.502284,0.0,0.61,0.428208,0.512727,0.0,0.61,0.434742,0.52317,0.0,0.61,0.441276,0.533613,0.0,0.61
fixture/demo,96,3.2,0,0.49257,0.18088,0.0,0.93,0.501945,0.16838,0.0,0.93,0.509757,0.166818,0.0,0.93,0.51757,0.16838,0.0,0.93,0.483195,0.16838,0.0,0.93,0.475382,0.166818,0.0,0.93,0.46757,0.16838,0.0,0.93,0.53007,0.17463,0.0,0.93,0.45507,0.17463,0.0,0.93,0.50507,0.198068,0.0,0.93,0.48007,0.198068,0.0,0.93,0.57382,0.275,0.0,0.93,0.41132,0.275,0.0,0.93,0.640845,0.368118,0.0,0.93,0.370695,0.375459,0.0,0.93,0.634461,0.482672,0.0,0.93,0.395695,0.475,0.0,0.93,0.654773,0.501422,0.0,0.93,0.375382,0.49375,0.0,0.93,0.661023,0.477984,0.0,0.93,0.369132,0.470312,0.0,0.93,0.648523,0.488922,0.0,0.93,0.381632,0.48125,0.0,0.93,0.55507,0.459375,0.0,0.93,0.43007,0.459375,0.0,0.93,0.564445,0.58125,0.0,0.32,0.420695,0.58125,0.0,0.32,0.570695,0.684375,0.0,0.32,0.414445,0.684375,0.0,0.32,0.56132,0.7,0.0,0.32,0.42382,0.7,0.0,0.32,0.60507,0.69375,0.0,0.32,0.38007,0.69375,0.0,0.32,0.634461,0.482672,0.0,0.88,0.651281,0.516472,0.0,0.88,0.65442,0.528384,0.0,0.88,0.657559,0.540296,0.0,0.88,0.660697,0.552208,0.0,0.88,0.641958,0.515953,0.0,0.88,0.643201,0.527759,0.0,0.88,0.644445,0.539565,0.0,0.88,0.645688,0.551372,0.0,0.88,0.632635,0.515433,0.0,0.88,0.631983,0.527134,0.0,0.88,0.63133,0.538834,0.0,0.88,0.630678,0.550535,0.0,0.88,0.623312,0.514914,0.0,0.88,0.620764,0.526509,0.0,0.88,0.618216,0.538104,0.0,0.88,0.615669,0.549699,0.0,0.88,0.613989,0.514394,0.0,0.88,0.609546,0.525883,0.0,0.88,0.605102,0.537373,0.0,0.88,0.600659,0.548862,0.0,0.88,0.395695,0.475,0.0,0.61,0.385575,0.511373,0.0,0.61,0.384747,0.523664,0.0,0.61,0.383919,0.535954,0.0,0.61,0.383091,0.548245,0.0,0.61,0.394631,0.509099,0.0,0.61,0.395645,0.520927,0.0,0.61,0.396658,0.532755,0.0,0.61,0.397671,0.544583,0.0,0.61,0.403688,0.506824,0.0,0.61,0.406542,0.51819,0.0,0.61,0.409397,0.529556,0.0,0.61,0.412251,0.540921,0.0,0.61,0.412744,0.50455,0.0,0.61,0.41744,0.515453,0.0,0.61,0.422135,0.526356,0.0,0.61,0.426831,0.53726,0.0,0.61,0.4218,0.502275,0.0,0.61,0.428337,0.512716,0.0,0.61,0.434874,0.523157,0.0,0.61,0.441411,0.533598,0.0,0.61
fixture/demo,97,3.233333,0,0.492706,0.181262,0.0,0.93,0.502081,0.168762,0.0,0.93,0.509894,0.167199,0.0,0.93,0.517706,0.168762,0.0,0.93,0.483331,0.168762,0.0,0.93,0.475519,0.167199,0.0,0.93,0.467706,0.168762,0.0,0.93,0.530206,0.175012,0.0,0.93,0.455206,0.175012,0.0,0.93,0.505206,0.198449,0.0,0.93,0.480206,0.198449,0.0,0.93,0.573956,0.275,0.0,0.93,0.411456,0.275,0.0,0.93,0.639785,0.368179,0.0,0.93,0.370831,0.375623,0.0,0.93,0.630669,0.481901,0.0,0.93,0.395831,0.475,0.0,0.93,0.650981,0.500651,0.0,0.93,0.375519,0.49375,0.0,0.93,0.657231,0.477213,0.0,0.93,0.369269,0.470312,0.0,0.93,0.644731,0.488151,0.0,0.93,0.381769,0.48125,0.0,0.93,0.555206,0.459375,0.0,0.93,0.430206,0.459375,0.0,0.93,0.564581,0.58125,0.0,0.32,0.420831,0.58125,0.0,0.32,0.570831,0.684375,0.0,0.32,0.414581,0.684375,0.0,0.32,0.561456,0.7,0.0,0.32,0.423956,0.7,0.0,0.32,0.605206,0.69375,0.0,0.32,0.380206,0.69375,0.0,0.32,0.630669,0.481901,0.0,0.88,0.646662,0.5161,0.0,0.88,0.64951,0.528085,0.0,0.88,0.652359,0.54007,0.0,0.88,0.655207,0.552054,0.0,0.88,0.637354,0.515354,0.0,0.88,0.63831,0.527187,0.0,0.88,0.639266,0.53902,0.0,0.88,0.640222,0.550853,0.0,0.88,0.628047,0.514608,0.0,0.88,0.62711,0.526289,0.0,0.88,0.626174,0.537971,0.0,0.88,0.625238,0.549652,0.0,0.88,0.618739,0.513862,0.0,0.88,0.61591,0.525392,0.0,0.88,0.613082,0.536921,0.0,0.88,0.610253,0.548451,0.0,0.88,0.609431,0.513116,0.0,0.88,0.60471,0.524494,0.0,0.88,0.599989,0.535872,0.0,0.88,0.595268,0.547249,0.0,0.88,0.395831,0.475,0.0,0.61,0.385726,0.511377,0.0,0.61,0.384903,0.523668,0.0,0.61,0.384079,0.535959,0.0,0.61,0.383256,0.54825,0.0,0.61,0.394781,0.509099,0.0,0.61,0.395799,0.520927,0.0,0.61,0.396817,0.532755,0.0,0.61,0.397835,0.544582,0.0,0.61,0.403837,0.506821,0.0,0.61,0.406695,0.518186,0.0,0.61,0.409554,0.52955,0.0,0.61,0.412413,0.540915,0.0,0.61,0.412892,0.504543,0.0,0.61,0.417592,0.515445,0.0,0.61,0.422292,0.526346,0.0,0.61,0.426992,0.537248,0.0,0.61,0.421947,0.502265,0.0,0.61,0.428488,0.512703,0.0,0.61,0.435029,0.523142,0.0,0.61,0.441571,0.53358,0.0,0.61
fixture/demo,98,3.266667,0,0.492863,0.181608,0.0,0.93,0.502238,0.169108,0.0,0.93,0.51005,0.167546,0.0,0.93,0.517863,0.169108,0.0,0.93,0.483488,0.169108,0.0,0.93,0.475675,0.167546,0.0,0.93,0.467863,0.169108,0.0,0.93,0.530363,0.175358,0.0,0.93,0.455363,0.175358,0.0,0.93,0.505363,0.198796,0.0,0.93,0.480363,0.198796,0.0,0.93,0.574113,0.275,0.0,0.93,0.411613,0.275,0.0,0.93,0.638766,0.368271,0.0,0.93,0.370988,0.375811,0.0,0.93,0.626975,0.481145,0.0,0.93,0.395988,0.475,0.0,0.93,0.647287,0.499895,0.0,0.93,0.375675,0.49375,0.0,0.93,0.653537,0.476457,0.0,0.93,0.369425,0.470312,0.0,0.93,0.641037,0.487395,0.0,0.93,0.381925,0.48125,0.0,0.93,0.555363,0.459375,0.0,0.93,0.430363,0.459375,0.0,0.93,0.564738,0.58125,0.0,0.32,0.420988,0.58125,0.0,0.32,0.570988,0.684375,0.0,0.32,0.414738,0.684375,0.0,0.32,0.561613,0.7,0.0,0.32,0.424113,0.7,0.0,0.32,0.605363,0.69375,0.0,0.32,0.380363,0.69375,0.0,0.32,0.626975,0.481145,0.0,0.88,0.642139,0.51572,0.0,0.88,0.644698,0.52777,0.0,0.88,0.647257,0.53982,0.0,0.88,0.649816,0.551869,0.0,0.88,0.632852,0.51475,0.0,0.88,0.633523,0.526602,0.0,0.88,0.634194,0.538455,0.0,0.88,0.634864,0.550308,0.0,0.88,0.623565,0.51378,0.0,0.88,0.622348,0.525435,0.0,0.88,0.62113,0.53709,0.0,0.88,0.619913,0.548746,0.0,0.88,0.614279,0.512809,0.0,0.88,0.611173,0.524268,0.0,0.88,0.608067,0.535726,0.0,0.88,0.604961,0.547184,0.0,0.88,0.604992,0.511839,0.0,0.88,0.599998,0.5231,0.0,0.88,0.595004,0.534361,0.0,0.88,0.59001,0.545622,0.0,0.88,0.395988,0.475,0.0,0.61,0.385899,0.511382,0.0,0.61,0.385081,0.523673,0.0,0.61,0.384263,0.535964,0.0,0.61,0.383446,0.548256,0.0,0.61,0.394953,0.5091,0.0,0.61,0.395976,0.520927,0.0,0.61,0.396999,0.532754,0.0,0.61,0.398023,0.544582,0.0,0.61,0.404007,0.506817,0.0,0.61,0.406871,0.518181,0.0,0.61,0.409735,0.529544,0.0,0.61,0.412599,0.540908,0.0,0.61,0.413062,0.504535,0.0,0.61,0.417767,0.515435,0.0,0.61,0.422471,0.526334,0.0,0.61,0.427176,0.537234,0.0,0.61,0.422116,0.502253,0.0,0.61,0.428662,0.512689,0.0,0.61,0.435208,0.523124,0.0,0.61,0.441753,0.53356,0.0,0.61
fixture/demo,99,3.3,0,0.493039,0.181917,0.0,0.93,0.502414,0.169417,0.0,0.93,0.510227,0.167855,0.0,0.93,0.518039,0.169417,0.0,0.93,0.483664,0.169417,0.0,0.93,0.475852,0.167855,0.0,0.93,0.468039,0.169417,0.0,0.93,0.530539,0.175667,0.0,0.93,0.455539,0.175667,0.0,0.93,0.505539,0.199105,0.0,0.93,0.480539,0.199105,0.0,0.93,0.574289,0.275,0.0,0.93,0.411789,0.275,0.0,0.93,0.637792,0.368392,0.0,0.93,0.371164,0.376022,0.0,0.93,0.62339,0.480406,0.0,0.93,0.396164,0.475,0.0,0.93,0.643703,0.499156,0.0,0.93,0.375852,0.49375,0.0,0.93,0.649953,0.475719,0.0,0.93,0.369602,0.470312,0.0,0.93,0.637453,0.486656,0.0,0.93,0.382102,0.48125,0.0,0.93,0.555539,0.459375,0.0,0.93,0.430539,0.459375,0.0,0.93,0.564914,0.58125,0.0,0.32,0.421164,0.58125,0.0,0.32,0.571164,0.684375,0.0,0.32,0.414914,0.684375,0.0,0.32,0.561789,0.7,0.0,0.32,0.424289,0.7,0.0,0.32,0.605539,0.69375,0.0,0.32,0.380539,0.69375,0.0,0.32,0.62339,0.480406,0.0,0.88,0.637728,0.515332,0.0,0.88,0.64,0.52744,0.0,0.88,0.642271,0.539547,0.0,0.88,0.644543,0.551654,0.0,0.88,0.628467,0.514142,0.0,0.88,0.628856,0.526007,0.0,0.88,0.629244,0.537872,0.0,0.88,0.629633,0.549737,0.0,0.88,0.619206,0.512951,0.0,0.88,0.617711,0.524574,0.0,0.88,0.616217,0.536197,0.0,0.88,0.614723,0.54782,0.0,0.88,0.609945,0.51176,0.0,0.88,0.606567,0.523141,0.0,0.88,0.60319,0.534522,0.0,0.88,0.599813,0.545903,0.0,0.88,0.600683,0.51057,0.0,0.88,0.595423,0.521708,0.0,0.88,0.590163,0.532847,0.0,0.88,0.584902,0.543986,0.0,0.88,0.396164,0.475,0.0,0.61,0.386093,0.511387,0.0,0.61,0.385282,0.523678,0.0,0.61,0.38447,0.53597,0.0,0.61,0.383659,0.548262,0.0,0.61,0.395146,0.5091,0.0,0.61,0.396175,0.520927,0.0,0.61,0.397205,0.532754,0.0,0.61,0.398234,0.544581,0.0,0.61,0.404199,0.506813,0.0,0.61,0.407069,0.518175,0.0,0.61,0.409939,0.529537,0.0,0.61,0.412809,0.540899,0.0,0.61,0.413253,0.504527,0.0,0.61,0.417963,0.515424,0.0,0.61,0.422674,0.526321,0.0,0.61,0.427384,0.537218,0.0,0.61,0.422306,0.50224,0.0,0.61,0.428857,0.512672,0.0,0.61,0.435408,0.523104,0.0,0.61,0.441959,0.533536,0.0,0.61
fixture/demo,100,3.333333,0,0.493234,0.182184,0.0,0.93,0.502609,0.169684,0.0,0.93,0.510422,0.168122,0.0,0.93,0.518234,0.169684,0.0,0.93,0.483859,0.169684,0.0,0.93,0.476047,0.168122,0.0,0.93,0.468234,0.169684,0.0,0.93,0.530734,0.175934,0.0,0.93,0.455734,0.175934,0.0,0.93,0.505734,0.199372,0.0,0.93,0.480734,0.199372,0.0,0.93,0.574484,0.275,0.0,0.93,0.411984,0.275,0.0,0.93,0.636864,0.368539,0.0,0.93,0.371359,0.376256,0.0,0.93,0.619926,0.479688,0.0,0.93,0.396359,0.475,0.0,0.93,0.640238,0.498438,0.0,0.93,0.376047,0.49375,0.0,0.93,0.646488,0.475,0.0,0.93,0.369797,0.470312,0.0,0.93,0.633988,0.485938,0.0,0.93,0.382297,0.48125,0.0,0.93,0.555734,0.459375,0.0,0.93,0.430734,0.459375,0.0,0.93,0.565109,0.58125,0.0,0.32,0.421359,0.58125,0.0,0.32,0.571359,0.684375,0.0,0.32,0.415109,0.684375,0.0,0.32,0.561984,0.7,0.0,0.32,0.424484,0.7,0.0,0.32,0.605734,0.69375,0.0,0.32,0.380734,0.69375,0.0,0.32,0.619926,0.479688,0.0,0.88,0.633444,0.514939,0.0,0.88,0.635432,0.527096,0.0,0.88,0.63742,0.539253,0.0,0.88,0.639408,0.55141,0.0,0.88,0.624213,0.513532,0.0,0.88,0.624324,0.525403,0.0,0.88,0.624436,0.537274,0.0,0.88,0.624547,0.549145,0.0,0.88,0.614982,0.512125,0.0,0.88,0.613217,0.52371,0.0,0.88,0.611451,0.535295,0.0,0.88,0.609686,0.54688,0.0,0.88,0.605751,0.510719,0.0,0.88,0.602109,0.522018,0.0,0.88,0.598467,0.533317,0.0,0.88,0.594824,0.544616,0.0,0.88,0.59652,0.509312,0.0,0.88,0.591001,0.520325,0.0,0.88,0.585482,0.531338,0.0,0.88,0.579963,0.542351,0.0,0.88,0.396359,0.475,0.0,0.61,0.386309,0.511392,0.0,0.61,0.385504,0.523685,0.0,0.61,0.3847,0.535977,0.0,0.61,0.383895,0.548269,0.0,0.61,0.395361,0.509101,0.0,0.61,0.396396,0.520927,0.0,0.61,0.397432,0.532753,0.0,0.61,0.398468,0.544579,0.0,0.61,0.404413,0.506809,0.0,0.61,0.407289,0.518169,0.0,0.61,0.410165,0.529529,0.0,0.61,0.413041,0.54089,0.0,0.61,0.413464,0.504517,0.0,0.61,0.418181,0.515411,0.0,0.61,0.422898,0.526306,0.0,0.61,0.427614,0.5372,0.0,0.61,0.422516,0.502225,0.0,0.61,0.429073,0.512654,0.0,0.61,0.43563,0.523082,0.0,0.61,0.442187,0.533511,0.0,0.61
fixture/demo,101,3.366667,0,0.493448,0.182407,0.0,0.93,0.502823,0.169907,0.0,0.93,0.510635,0.168345,0.0,0.93,0.518448,0.169907,0.0,0.93,0.484073,0.169907,0.0,0.93,0.47626,0.168345,0.0,0.93,0.468448,0.169907,0.0,0.93,0.530948,0.176157,0.0,0.93,0.455948,0.176157,0.0,0.93,0.505948,0.199595,0.0,0.93,0.480948,0.199595,0.0,0.93,0.574698,0.275,0.0,0.93,0.412198,0.275,0.0,0.93,0.635986,0.36871,0.0,0.93,0.371573,0.376512,0.0,0.93,0.616592,0.47899,0.0,0.93,0.396573,0.475,0.0,0.93,0.636904,0.49774,0.0,0.93,0.37626,0.49375,0.0,0.93,0.643154,0.474303,0.0,0.93,0.37001,0.470312,0.0,0.93,0.630654,0.48524,0.0,0.93,0.38251,0.48125,0.0,0.93,0.555948,0.459375,0.0,0.93,0.430948,0.459375,0.0,0.93,0.565323,0.58125,0.0,0.32,0.421573,0.58125,0.0,0.32,0.571573,0.684375,0.0,0.32,0.415323,0.684375,0.0,0.32,0.562198,0.7,0.0,0.32,0.424698,0.7,0.0,0.32,0.605948,0.69375,0.0,0.32,0.380948,0.69375,0.0,0.32,0.616592,0.47899,0.0,0.88,0.629301,0.514541,0.0,0.88,0.631011,0.52674,0.0,0.88,0.632721,0.53894,0.0,0.88,0.63443,0.551139,0.0,0.88,0.620105,0.512924,0.0,0.88,0.619945,0.524794,0.0,0.88,0.619785,0.536665,0.0,0.88,0.619625,0.548535,0.0,0.88,0.610908,0.511307,0.0,0.88,0.608879,0.522848,0.0,0.88,0.606849,0.53439,0.0,0.88,0.604819,0.545931,0.0,0.88,0.601712,0.509689,0.0,0.88,0.597813,0.520902,0.0,0.88,0.593913,0.532115,0.0,0.88,0.590014,0.543328,0.0,0.88,0.592516,0.508072,0.0,0.88,0.586747,0.518956,0.0,0.88,0.580977,0.52984,0.0,0.88,0.575208,0.540724,0.0,0.88,0.396573,0.475,0.0,0.61,0.386545,0.511399,0.0,0.61,0.385748,0.523691,0.0,0.61,0.384951,0.535984,0.0,0.61,0.384154,0.548277,0.0,0.61,0.395595,0.509101,0.0,0.61,0.396639,0.520927,0.0,0.61,0.397682,0.532752,0.0,0.61,0.398725,0.544578,0.0,0.61,0.404646,0.506804,0.0,0.61,0.407529,0.518162,0.0,0.61,0.410412,0.529521,0.0,0.61,0.413296,0.540879,0.0,0.61,0.413696,0.504506,0.0,0.61,0.41842,0.515398,0.0,0.61,0.423143,0.526289,0.0,0.61,0.427866,0.537181,0.0,0.61,0.422747,0.502209,0.0,0.61,0.42931,0.512633,0.0,0.61,0.435874,0.523058,0.0,0.61,0.442437,0.533482,0.0,0.61
fixture/demo,102,3.4,0,0.49368,0.182583,0.0,0.93,0.503055,0.170083,0.0,0.93,0.510867,0.168521,0.0,0.93,0.51868,0.170083,0.0,0.93,0.484305,0.170083,0.0,0.93,0.476492,0.168521,0.0,0.93,0.46868,0.170083,0.0,0.93,0.53118,0.176333,0.0,0.93,0.45618,0.176333,0.0,0.93,0.50618,0.199771,0.0,0.93,0.48118,0.199771,0.0,0.93,0.57493,0.275,0.0,0.93,0.41243,0.275,0.0,0.93,0.635159,0.368901,0.0,0.93,0.371805,0.37679,0.0,0.93,0.613398,0.478316,0.0,0.93,0.396805,0.475,0.0,0.93,0.633711,0.497066,0.0,0.93,0.376492,0.49375,0.0,0.93,0.639961,0.473628,0.0,0.93,0.370242,0.470312,0.0,0.93,0.627461,0.484566,0.0,0.93,0.382742,0.48125,0.0,0.93,0.55618,0.459375,0.0,0.93,0.43118,0.459375,0.0,0.93,0.565555,0.58125,0.0,0.32,0.421805,0.58125,0.0,0.32,0.571805,0.684375,0.0,0.32,0.415555,0.684375,0.0,0.32,0.56243,0.7,0.0,0.32,0.42493,0.7,0.0,0.32,0.60618,0.69375,0.0,0.32,0.38118,0.69375,0.0,0.32,0.613398,0.478316,0.0,0.88,0.625314,0.514141,0.0,0.88,0.626752,0.526375,0.0,0.88,0.62819,0.538609,0.0,0.88,0.629628,0.550844,0.0,0.88,0.616156,0.512319,0.0,0.88,0.615732,0.524183,0.0,0.88,0.615308,0.536047,0.0,0.88,0.614884,0.547911,0.0,0.88,0.606998,0.510498,0.0,0.88,0.604712,0.521992,0.0,0.88,0.602426,0.533485,0.0,0.88,0.60014,0.544979,0.0,0.88,0.59784,0.508677,0.0,0.88,0.593692,0.5198,0.0,0.88,0.589544,0.530923,0.0,0.88,0.585396,0.542047,0.0,0.88,0.588682,0.506855,0.0,0.88,0.582672,0.517608,0.0,0.88,0.576662,0.528361,0.0,0.88,0.570652,0.539114,0.0,0.88,0.396805,0.475,0.0,0.61,0.386801,0.511405,0.0,0.61,0.386013,0.523699,0.0,0.61,0.385224,0.535992,0.0,0.61,0.384435,0.548285,0.0,0.61,0.39585,0.509102,0.0,0.61,0.396901,0.520927,0.0,0.61,0.397952,0.532752,0.0,0.61,0.399004,0.544577,0.0,0.61,0.404899,0.506798,0.0,0.61,0.40779,0.518155,0.0,0.61,0.410681,0.529512,0.0,0.61,0.413572,0.540868,0.0,0.61,0.413948,0.504495,0.0,0.61,0.418679,0.515383,0.0,0.61,0.423409,0.526271,0.0,0.61,0.42814,0.53716,0.0,0.61,0.422997,0.502191,0.0,0.61,0.429567,0.512611,0.0,0.61,0.436138,0.523031,0.0,0.61,0.442708,0.533451,0.0,0.61
fixture/demo,103,3.433333,0,0.493929,0.18271,0.0,0.93,0.503304,0.17021,0.0,0.93,0.511116,0.168648,0.0,0.93,0.518929,0.17021,0.0,0.93,0.484554,0.17021,0.0,0.93,0.476741,0.168648,0.0,0.93,0.468929,0.17021,0.0,0.93,0.531429,0.17646,0.0,0.93,0.456429,0.17646,0.0,0.93,0.506429,0.199898,0.0,0.93,0.481429,0.199898,0.0,0.93,0.575179,0.275,0.0,0.93,0.412679,0.275,0.0,0.93,0.634386,0.36911,0.0,0.93,0.372054,0.377089,0.0,0.93,0.610355,0.477667,0.0,0.93,0.397054,0.475,0.0,0.93,0.630667,0.496417,0.0,0.93,0.376741,0.49375,0.0,0.93,0.636917,0.472979,0.0,0.93,0.370491,0.470312,0.0,0.93,0.624417,0.483917,0.0,0.93,0.382991,0.48125,0.0,0.93,0.556429,0.459375,0.0,0.93,0.431429,0.459375,0.0,0.93,0.565804,0.58125,0.0,0.32,0.422054,0.58125,0.0,0.32,0.572054,0.684375,0.0,0.32,0.415804,0.684375,0.0,0.32,0.562679,0.7,0.0,0.32,0.425179,0.7,0.0,0.32,0.606429,0.69375,0.0,0.32,0.381429,0.69375,0.0,0.32,0.610355,0.477667,0.0,0.88,0.621496,0.51374,0.0,0.88,0.622671,0.526003,0.0,0.88,0.623845,0.538265,0.0,0.88,0.625019,0.550527,0.0,0.88,0.61238,0.511722,0.0,0.88,0.6117,0.523574,0.0,0.88,0.611021,0.535426,0.0,0.88,0.610342,0.547278,0.0,0.88,0.603263,0.509704,0.0,0.88,0.60073,0.521146,0.0,0.88,0.598197,0.532587,0.0,0.88,0.595664,0.544029,0.0,0.88,0.594146,0.507686,0.0,0.88,0.58976,0.518717,0.0,0.88,0.585373,0.529748,0.0,0.88,0.580987,0.54078,0.0,0.88,0.585029,0.505667,0.0,0.88,0.578789,0.516289,0.0,0.88,0.572549,0.52691,0.0,0.88,0.566309,0.537531,0.0,0.88,0.397054,0.475,0.0,0.61,0.387077,0.511413,0.0,0.61,0.386297,0.523706,0.0,0.61,0.385517,0.536,0.0,0.61,0.384738,0.548294,0.0,0.61,0.396124,0.509103,0.0,0.61,0.397184,0.520927,0.0,0.61,0.398244,0.532751,0.0,0.61,0.399303,0.544575,0.0,0.61,0.405171,0.506792,0.0,0.61,0.40807,0.518147,0.0,0.61,0.41097,0.529501,0.0,0.61,0.413869,0.540856,0.0,0.61,0.414219,0.504482,0.0,0.61,0.418957,0.515367,0.0,0.61,0.423696,0.526252,0.0,0.61,0.428434,0.537137,0.0,0.61,0.423266,0.502172,0.0,0.61,0.429844,0.512587,0.0,0.61,0.436422,0.523003,0.0,0.61,0.443,0.533418,0.0,0.61
fixture/demo,104,3.466667,0,0.494194,0.182787,0.0,0.93,0.503569,0.170287,0.0,0.93,0.511382,0.168724,0.0,0.93,0.519194,0.170287,0.0,0.93,0.484819,0.170287,0.0,0.93,0.477007,0.168724,0.0,0.93,0.469194,0.170287,0.0,0.93,0.531694,0.176537,0.0,0.93,0.456694,0.176537,0.0,0.93,0.506694,0.199974,0.0,0.93,0.481694,0.199974,0.0,0.93,0.575444,0.275,0.0,0.93,0.412944,0.275,0.0,0.93,0.633669,0.369331,0.0,0.93,0.372319,0.377408,0.0,0.93,0.60747,0.477045,0.0,0.93,0.397319,0.475,0.0,0.93,0.627782,0.495795,0.0,0.93,0.377007,0.49375,0.0,0.93,0.634032,0.472357,0.0,0.93,0.370757,0.470312,0.0,0.93,0.621532,0.483295,0.0,0.93,0.383257,0.48125,0.0,0.93,0.556694,0.459375,0.0,0.93,0.431694,0.459375,0.0,0.93,0.566069,0.58125,0.0,0.32,0.422319,0.58125,0.0,0.32,0.572319,0.684375,0.0,0.32,0.416069,0.684375,0.0,0.32,0.562944,0.7,0.0,0.32,0.425444,0.7,0.0,0.32,0.606694,0.69375,0.0,0.32,0.381694,0.69375,0.0,0.32,0.60747,0.477045,0.0,0.88,0.617861,0.513341,0.0,0.88,0.618781,0.525626,0.0,0.88,0.6197,0.53791,0.0,0.88,0.62062,0.550194,0.0,0.88,0.608788,0.511135,0.0,0.88,0.607863,0.52297,0.0,0.88,0.606938,0.534805,0.0,0.88,0.606013,0.546641,0.0,0.88,0.599715,0.508928,0.0,0.88,0.596945,0.520315,0.0,0.88,0.594176,0.531701,0.0,0.88,0.591406,0.543088,0.0,0.88,0.590642,0.506721,0.0,0.88,0.586028,0.517659,0.0,0.88,0.581413,0.528597,0.0,0.88,0.576799,0.539535,0.0,0.88,0.581569,0.504514,0.0,0.88,0.57511,0.515004,0.0,0.88,0.568651,0.525493,0.0,0.88,0.562192,0.535982,0.0,0.88,0.397319,0.475,0.0,0.61,0.387371,0.51142,0.0,0.61,0.386601,0.523715,0.0,0.61,0.385831,0.536009,0.0,0.61,0.385061,0.548304,0.0,0.61,0.396416,0.509103,0.0,0.61,0.397485,0.520927,0.0,0.61,0.398554,0.53275,0.0,0.61,0.399623,0.544573,0.0,0.61,0.405462,0.506786,0.0,0.61,0.40837,0.518138,0.0,0.61,0.411278,0.529491,0.0,0.61,0.414186,0.540843,0.0,0.61,0.414507,0.504469,0.0,0.61,0.419254,0.51535,0.0,0.61,0.424001,0.526231,0.0,0.61,0.428749,0.537112,0.0,0.61,0.423553,0.502152,0.0,0.61,0.430139,0.512562,0.0,0.61,0.436725,0.522972,0.0,0.61,0.443311,0.533382,0.0,0.61
fixture/demo,105,3.5,0,0.494476,0.182812,0.0,0.93,0.503851,0.170312,0.0,0.93,0.511663,0.16875,0.0,0.93,0.519476,0.170312,0.0,0.93,0.485101,0.170312,0.0,0.93,0.477288,0.16875,0.0,0.93,0.469476,0.170312,0.0,0.93,0.531976,0.176562,0.0,0.93,0.456976,0.176562,0.0,0.93,0.506976,0.2,0.0,0.93,0.481976,0.2,0.0,0.93,0.575726,0.275,0.0,0.93,0.413226,0.275,0.0,0.93,0.633011,0.369563,0.0,0.93,0.372601,0.377746,0.0,0.93,0.604752,0.476451,0.0,0.93,0.397601,0.475,0.0,0.93,0.625064,0.495201,0.0,0.93,0.377288,0.49375,0.0,0.93,0.631314,0.471764,0.0,0.93,0.371038,0.470312,0.0,0.93,0.618814,0.482701,0.0,0.93,0.383538,0.48125,0.0,0.93,0.556976,0.459375,0.0,0.93,0.431976,0.459375,0.0,0.93,0.566351,0.58125,0.0,0.32,0.422601,0.58125,0.0,0.32,0.572601,0.684375,0.0,0.32,0.416351,0.684375,0.0,0.32,0.563226,0.7,0.0,0.32,0.425726,0.7,0.0,0.32,0.606976,0.69375,0.0,0.32,0.381976,0.69375,0.0,0.32,0.604752,0.476451,0.0,0.88,0.61442,0.512947,0.0,0.88,0.615095,0.525247,0.0,0.88,0.615771,0.537547,0.0,0.88,0.616446,0.549847,0.0,0.88,0.605392,0.510561,0.0,0.88,0.604232,0.522375,0.0,0.88,0.603072,0.53419,0.0,0.88,0.601913,0.546005,0.0,0.88,0.596365,0.508174,0.0,0.88,0.59337,0.519504,0.0,0.88,0.590374,0.530833,0.0,0.88,0.587379,0.542163,0.0,0.88,0.587338,0.505787,0.0,0.88,0.582507,0.516632,0.0,0.88,0.577676,0.527476,0.0,0.88,0.572846,0.53832,0.0,0.88,0.57831,0.503401,0.0,0.88,0.571644,0.51376,0.0,0.88,0.564978,0.524119,0.0,0.88,0.558312,0.534478,0.0,0.88,0.397601,0.475,0.0,0.61,0.387683,0.511429,0.0,0.61,0.386923,0.523724,0.0,0.61,0.386163,0.536019,0.0,0.61,0.385404,0.548314,0.0,0.61,0.396726,0.509104,0.0,0.61,0.397805,0.520926,0.0,0.61,0.398884,0.532749,0.0,0.61,0.399963,0.544571,0.0,0.61,0.40577,0.506779,0.0,0.61,0.408687,0.518129,0.0,0.61,0.411605,0.529479,0.0,0.61,0.414523,0.540829,0.0,0.61,0.414813,0.504455,0.0,0.61,0.41957,0.515332,0.0,0.61,0.424326,0.526209,0.0,0.61,0.429082,0.537086,0.0,0.61,0.423857,0.50213,0.0,0.61,0.430452,0.512534,0.0,0.61,0.437047,0.522939,0.0,0.61,0.443641,0.533343,0.0,0.61
fixture/demo,106,3.533333,0,0.494772,0.182787,0.0,0.93,0.504147,0.170287,0.0,0.93,0.51196,0.168724,0.0,0.93,0.519772,0.170287,0.0,0.93,0.485397,0.170287,0.0,0.93,0.477585,0.168724,0.0,0.93,0.469772,0.170287,0.0,0.93,0.532272,0.176537,0.0,0.93,0.457272,0.176537,0.0,0.93,0.507272,0.199974,0.0,0.93,0.482272,0.199974,0.0,0.93,0.576022,0.275,0.0,0.93,0.413522,0.275,0.0,0.93,0.632413,0.3698,0.0,0.93,0.372897,0.378102,0.0,0.93,0.602208,0.475888,0.0,0.93,0.397897,0.475,0.0,0.93,0.62252,0.494638,0.0,0.93,0.377585,0.49375,0.0,0.93,0.62877,0.471201,0.0,0.93,0.371335,0.470312,0.0,0.93,0.61627,0.482138,0.0,0.93,0.383835,0.48125,0.0,0.93,0.557272,0.459375,0.0,0.93,0.432272,0.459375,0.0,0.93,0.566647,0.58125,0.0,0.32,0.422897,0.58125,0.0,0.32,0.572897,0.684375,0.0,0.32,0.416647,0.684375,0.0,0.32,0.563522,0.7,0.0,0.32,0.426022,0.7,0.0,0.32,0.607272,0.69375,0.0,0.32,0.382272,0.69375,0.0,0.32,0.602208,0.475888,0.0,0.88,0.611184,0.512561,0.0,0.88,0.611627,0.524871,0.0,0.88,0.612069,0.537182,0.0,0.88,0.612512,0.549492,0.0,0.88,0.602203,0.510004,0.0,0.88,0.60082,0.521794,0.0,0.88,0.599437,0.533585,0.0,0.88,0.598054,0.545376,0.0,0.88,0.593223,0.507447,0.0,0.88,0.590014,0.518717,0.0,0.88,0.586805,0.529988,0.0,0.88,0.583596,0.541259,0.0,0.88,0.584242,0.50489,0.0,0.88,0.579207,0.515641,0.0,0.88,0.574172,0.526392,0.0,0.88,0.569137,0.537143,0.0,0.88,0.575262,0.502333,0.0,0.88,0.568401,0.512564,0.0,0.88,0.56154,0.522795,0.0,0.88,0.554679,0.533026,0.0,0.88,0.397897,0.475,0.0,0.61,0.388012,0.511438,0.0,0.61,0.387263,0.523733,0.0,0.61,0.386514,0.536029,0.0,0.61,0.385765,0.548325,0.0,0.61,0.397053,0.509105,0.0,0.61,0.398143,0.520926,0.0,0.61,0.399232,0.532748,0.0,0.61,0.400321,0.544569,0.0,0.61,0.406095,0.506772,0.0,0.61,0.409022,0.518119,0.0,0.61,0.41195,0.529466,0.0,0.61,0.414878,0.540814,0.0,0.61,0.415136,0.504439,0.0,0.61,0.419902,0.515312,0.0,0.61,0.424668,0.526185,0.0,0.61,0.429434,0.537058,0.0,0.61,0.424178,0.502107,0.0,0.61,0.430782,0.512505,0.0,0.61,0.437386,0.522904,0.0,0.61,0.44399,0.533303,0.0,0.61
fixture/demo,107,3.566667,0,0.495083,0.18271,0.0,0.93,0.504458,0.17021,0.0,0.93,0.512271,0.168648,0.0,0.93,0.520083,0.17021,0.0,0.93,0.485708,0.17021,0.0,0.93,0.477896,0.168648,0.0,0.93,0.470083,0.17021,0.0,0.93,0.532583,0.17646,0.0,0.93,0.457583,0.17646,0.0,0.93,0.507583,0.199898,0.0,0.93,0.482583,0.199898,0.0,0.93,0.576333,0.275,0.0,0.93,0.413833,0.275,0.0,0.93,0.631878,0.37004,0.0,0.93,0.373208,0.378475,0.0,0.93,0.599845,0.475357,0.0,0.93,0.398208,0.475,0.0,0.93,0.620158,0.494107,0.0,0.93,0.377896,0.49375,0.0,0.93,0.626408,0.47067,0.0,0.93,0.371646,0.470312,0.0,0.93,0.613908,0.481607,0.0,0.93,0.384146,0.48125,0.0,0.93,0.557583,0.459375,0.0,0.93,0.432583,0.459375,0.0,0.93,0.566958,0.58125,0.0,0.32,0.423208,0.58125,0.0,0.32,0.573208,0.684375,0.0,0.32,0.416958,0.684375,0.0,0.32,0.563833,0.7,0.0,0.32,0.426333,0.7,0.0,0.32,0.607583,0.69375,0.0,0.32,0.382583,0.69375,0.0,0.32,0.599845,0.475357,0.0,0.88,0.608164,0.512184,0.0,0.88,0.608386,0.5245,0.0,0.88,0.608609,0.536817,0.0,0.88,0.608831,0.549133,0.0,0.88,0.599231,0.509467,0.0,0.88,0.597637,0.521231,0.0,0.88,0.596043,0.532995,0.0,0.88,0.594449,0.544759,0.0,0.88,0.590297,0.50675,0.0,0.88,0.586887,0.517961,0.0,0.88,0.583477,0.529173,0.0,0.88,0.580067,0.540384,0.0,0.88,0.581364,0.504032,0.0,0.88,0.576137,0.514692,0.0,0.88,0.570911,0.525351,0.0,0.88,0.565685,0.53601,0.0,0.88,0.57243,0.501315,0.0,0.88,0.565388,0.511422,0.0,0.88,0.558345,0.521529,0.0,0.88,0.551302,0.531636,0.0,0.88,0.398208,0.475,0.0,0.61,0.388357,0.511447,0.0,0.61,0.38762,0.523743,0.0,0.61,0.386882,0.53604,0.0,0.61,0.386145,0.548336,0.0,0.61,0.397396,0.509106,0.0,0.61,0.398497,0.520926,0.0,0.61,0.399597,0.532746,0.0,0.61,0.400697,0.544567,0.0,0.61,0.406435,0.506764,0.0,0.61,0.409374,0.518109,0.0,0.61,0.412312,0.529453,0.0,0.61,0.41525,0.540798,0.0,0.61,0.415475,0.504423,0.0,0.61,0.420251,0.515292,0.0,0.61,0.425027,0.52616,0.0,0.61,0.429803,0.537029,0.0,0.61,0.424514,0.502082,0.0,0.61,0.431128,0.512475,0.0,0.61,0.437742,0.522867,0.0,0.61,0.444355,0.533259,0.0,0.61
fixture/demo,108,3.6,0,0.495408,0.182583,0.0,0.93,0.504783,0.170083,0.0,0.93,0.512595,0.168521,0.0,0.93,0.520408,0.170083,0.0,0.93,0.486033,0.170083,0.0,0.93,0.47822,0.168521,0.0,0.93,0.470408,0.170083,0.0,0.93,0.532908,0.176333,0.0,0.93,0.457908,0.176333,0.0,0.93,0.507908,0.199771,0.0,0.93,0.482908,0.199771,0.0,0.93,0.576658,0.275,0.0,0.93,0.414158,0.275,0.0,0.93,0.631408,0.370278,0.0,0.93,0.373533,0.378865,0.0,0.93,0.59767,0.474859,0.0,0.93,0.398533,0.475,0.0,0.93,0.617983,0.493609,0.0,0.93,0.37822,0.49375,0.0,0.93,0.624233,0.470172,0.0,0.93,0.37197,0.470312,0.0,0.93,0.611733,0.481109,0.0,0.93,0.38447,0.48125,0.0,0.93,0.557908,0.459375,0.0,0.93,0.432908,0.459375,0.0,0.93,0.567283,0.58125,0.0,0.32,0.423533,0.58125,0.0,0.32,0.573533,0.684375,0.0,0.32,0.417283,0.684375,0.0,0.32,0.564158,0.7,0.0,0.32,0.426658,0.7,0.0,0.32,0.607908,0.69375,0.0,0.32,0.382908,0.69375,0.0,0.32,0.59767,0.474859,0.0,0.88,0.605369,0.51182,0.0,0.88,0.605385,0.524139,0.0,0.88,0.6054,0.536457,0.0,0.88,0.605416,0.548776,0.0,0.88,0.596483,0.508954,0.0,0.88,0.594692,0.520689,0.0,0.88,0.5929,0.532425,0.0,0.88,0.591109,0.544161,0.0,0.88,0.587596,0.506087,0.0,0.88,0.583998,0.51724,0.0,0.88,0.5804,0.528392,0.0,0.88,0.576803,0.539545,0.0,0.88,0.57871,0.50322,0.0,0.88,0.573305,0.51379,0.0,0.88,0.5679,0.52436,0.0,0.88,0.562496,0.53493,0.0,0.88,0.569823,0.500353,0.0,0.88,0.562612,0.51034,0.0,0.88,0.5554,0.520327,0.0,0.88,0.548189,0.530315,0.0,0.88,0.398533,0.475,0.0,0.61,0.388717,0.511456,0.0,0.61,0.387992,0.523754,0.0,0.61,0.387267,0.536051,0.0,0.61,0.386541,0.548348,0.0,0.61,0.397754,0.509106,0.0,0.61,0.398866,0.520926,0.0,0.61,0.399978,0.532745,0.0,0.61,0.40109,0.544564,0.0,0.61,0.406791,0.506756,0.0,0.61,0.409741,0.518098,0.0,0.61,0.41269,0.529439,0.0,0.61,0.415639,0.540781,0.0,0.61,0.415828,0.504406,0.0,0.61,0.420615,0.51527,0.0,0.61,0.425401,0.526134,0.0,0.61,0.430188,0.536997,0.0,0.61,0.424865,0.502056,0.0,0.61,0.431489,0.512442,0.0,0.61,0.438113,0.522828,0.0,0.61,0.444737,0.533214,0.0,0.61
fixture/demo,109,3.633333,0,0.495745,0.182407,0.0,0.93,0.50512,0.169907,0.0,0.93,0.512933,0.168345,0.0,0.93,0.520745,0.169907,0.0,0.93,0.48637,0.169907,0.0,0.93,0.478558,0.168345,0.0,0.93,0.470745,0.169907,0.0,0.93,0.533245,0.176157,0.0,0.93,0.458245,0.176157,0.0,0.93,0.508245,0.199595,0.0,0.93,0.483245,0.199595,0.0,0.93,0.576995,0.275,0.0,0.93,0.414495,0.275,0.0,0.93,0.631004,0.370511,0.0,0.93,0.37387,0.379269,0.0,0.93,0.595688,0.474396,0.0,0.93,0.39887,0.475,0.0,0.93,0.616,0.493146,0.0,0.93,0.378558,0.49375,0.0,0.93,0.62225,0.469708,0.0,0.93,0.372308,0.470312,0.0,0.93,0.60975,0.480646,0.0,0.93,0.384808,0.48125,0.0,0.93,0.558245,0.459375,0.0,0.93,0.433245,0.459375,0.0,0.93,0.56762,0.58125,0.0,0.32,0.42387,0.58125,0.0,0.32,0.57387,0.684375,0.0,0.32,0.41762,0.684375,0.0,0.32,0.564495,0.7,0.0,0.32,0.426995,0.7,0.0,0.32,0.608245,0.69375,0.0,0.32,0.383245,0.69375,0.0,0.32,0.595688,0.474396,0.0,0.88,0.602808,0.511473,0.0,0.88,0.602631,0.52379,0.0,0.88,0.602454,0.536107,0.0,0.88,0.602277,0.548425,0.0,0.88,0.593967,0.508468,0.0,0.88,0.591993,0.520174,0.0,0.88,0.590019,0.53188,0.0,0.88,0.588044,0.543586,0.0,0.88,0.585127,0.505462,0.0,0.88,0.581355,0.516557,0.0,0.88,0.577583,0.527652,0.0,0.88,0.573811,0.538748,0.0,0.88,0.576286,0.502457,0.0,0.88,0.570717,0.512941,0.0,0.88,0.565148,0.523425,0.0,0.88,0.559578,0.533909,0.0,0.88,0.567446,0.499451,0.0,0.88,0.560079,0.509324,0.0,0.88,0.552712,0.519198,0.0,0.88,0.545346,0.529071,0.0,0.88,0.39887,0.475,0.0,0.61,0.389092,0.511466,0.0,0.61,0.388379,0.523764,0.0,0.61,0.387667,0.536062,0.0,0.61,0.386954,0.54836,0.0,0.61,0.398126,0.509107,0.0,0.61,0.399251,0.520925,0.0,0.61,0.400375,0.532743,0.0,0.61,0.401499,0.544562,0.0,0.61,0.407161,0.506748,0.0,0.61,0.410122,0.518086,0.0,0.61,0.413083,0.529425,0.0,0.61,0.416044,0.540763,0.0,0.61,0.416195,0.504388,0.0,0.61,0.420993,0.515247,0.0,0.61,0.425791,0.526106,0.0,0.61,0.430589,0.536965,0.0,0.61,0.42523,0.502029,0.0,0.61,0.431865,0.512408,0.0,0.61,0.438499,0.522787,0.0,0.61,0.445134,0.533166,0.0,0.61
fixture/demo,110,3.666667,0,0.496094,0.182184,0.0,0.93,0.505469,0.169684,0.0,0.93,0.513281,0.168122,0.0,0.93,0.521094,0.169684,0.0,0.93,0.486719,0.169684,0.0,0.93,0.478906,0.168122,0.0,0.93,0.471094,0.169684,0.0,0.93,0.533594,0.175934,0.0,0.93,0.458594,0.175934,0.0,0.93,0.508594,0.199372,0.0,0.93,0.483594,0.199372,0.0,0.93,0.577344,0.275,0.0,0.93,0.414844,0.275,0.0,0.93,0.630668,0.370735,0.0,0.93,0.374219,0.379688,0.0,0.93,0.593904,0.473968,0.0,0.93,0.399219,0.475,0.0,0.93,0.614216,0.492718,0.0,0.93,0.378906,0.49375,0.0,0.93,0.620466,0.469281,0.0,0.93,0.372656,0.470312,0.0,0.93,0.607966,0.480218,0.0,0.93,0.385156,0.48125,0.0,0.93,0.558594,0.459375,0.0,0.93,0.433594,0.459375,0.0,0.93,0.567969,0.58125,0.0,0.32,0.424219,0.58125,0.0,0.32,0.574219,0.684375,0.0,0.32,0.417969,0.684375,0.0,0.32,0.564844,0.7,0.0,0.32,0.427344,0.7,0.0,0.32,0.608594,0.69375,0.0,0.32,0.383594,0.69375,0.0,0.32,0.593904,0.473968,0.0,0.88,0.600488,0.511144,0.0,0.88,0.600133,0.523458,0.0,0.88,0.599778,0.535771,0.0,0.88,0.599424,0.548085,0.0,0.88,0.591692,0.508012,0.0,0.88,0.589548,0.519688,0.0,0.88,0.587405,0.531365,0.0,0.88,0.585262,0.543041,0.0,0.88,0.582895,0.504879,0.0,0.88,0.578964,0.515919,0.0,0.88,0.575032,0.526958,0.0,0.88,0.571101,0.537998,0.0,0.88,0.574099,0.501746,0.0,0.88,0.568379,0.512149,0.0,0.88,0.562659,0.522552,0.0,0.88,0.556939,0.532954,0.0,0.88,0.565303,0.498614,0.0,0.88,0.557794,0.50838,0.0,0.88,0.550286,0.518145,0.0,0.88,0.542777,0.527911,0.0,0.88,0.399219,0.475,0.0,0.61,0.38948,0.511477,0.0,0.61,0.38878,0.523776,0.0,0.61,0.388081,0.536074,0.0,0.61,0.387381,0.548373,0.0,0.61,0.398512,0.509108,0.0,0.61,0.399649,0.520925,0.0,0.61,0.400785,0.532742,0.0,0.61,0.401922,0.544559,0.0,0.61,0.407544,0.506739,0.0,0.61,0.410517,0.518074,0.0,0.61,0.41349,0.529409,0.0,0.61,0.416463,0.540745,0.0,0.61,0.416576,0.50437,0.0,0.61,0.421385,0.515223,0.0,0.61,0.426195,0.526077,0.0,0.61,0.431004,0.536931,0.0,0.61,0.425608,0.502001,0.0,0.61,0.432253,0.512373,0.0,0.61,0.438899,0.522745,0.0,0.61,0.445545,0.533117,0.0,0.61
fixture/demo,111,3.7,0,0.496453,0.181917,0.0,0.93,0.505828,0.169417,0.0,0.93,0.513641,0.167855,0.0,0.93,0.521453,0.169417,0.0,0.93,0.487078,0.169417,0.0,0.93,0.479266,0.167855,0.0,0.93,0.471453,0.169417,0.0,0.93,0.533953,0.175667,0.0,0.93,0.458953,0.175667,0.0,0.93,0.508953,0.199105,0.0,0.93,0.483953,0.199105,0.0,0.93,0.577703,0.275,0.0,0.93,0.415203,0.275,0.0,0.93,0.630402,0.370948,0.0,0.93,0.374578,0.380119,0.0,0.93,0.592321,0.473578,0.0,0.93,0.399578,0.475,0.0,0.93,0.612633,0.492328,0.0,0.93,0.379266,0.49375,0.0,0.93,0.618883,0.468891,0.0,0.93,0.373016,0.470312,0.0,0.93,0.606383,0.479828,0.0,0.93,0.385516,0.48125,0.0,0.93,0.558953,0.459375,0.0,0.93,0.433953,0.459375,0.0,0.93,0.568328,0.58125,0.0,0.32,0.424578,0.58125,0.0,0.32,0.574578,0.684375,0.0,0.32,0.418328,0.684375,0.0,0.32,0.565203,0.7,0.0,0.32,0.427703,0.7,0.0,0.32,0.608953,0.69375,0.0,0.32,0.383953,0.69375,0.0,0.32,0.592321,0.473578,0.0,0.88,0.598415,0.510838,0.0,0.88,0.597898,0.523145,0.0,0.88,0.597381,0.535453,0.0,0.88,0.596864,0.547761,0.0,0.88,0.589661,0.507589,0.0,0.88,0.587364,0.519237,0.0,0.88,0.585067,0.530884,0.0,0.88,0.58277,0.542531,0.0,0.88,0.580906,0.504341,0.0,0.88,0.57683,0.515328,0.0,0.88,0.572753,0.526315,0.0,0.88,0.568676,0.537302,0.0,0.88,0.572152,0.501093,0.0,0.88,0.566296,0.511419,0.0,0.88,0.560439,0.521746,0.0,0.88,0.554583,0.532072,0.0,0.88,0.563398,0.497845,0.0,0.88,0.555761,0.507511,0.0,0.88,0.548125,0.517177,0.0,0.88,0.540489,0.526842,0.0,0.88,0.399578,0.475,0.0,0.61,0.38988,0.511488,0.0,0.61,0.389194,0.523787,0.0,0.61,0.388508,0.536087,0.0,0.61,0.387823,0.548386,0.0,0.61,0.398909,0.509109,0.0,0.61,0.400059,0.520924,0.0,0.61,0.401209,0.53274,0.0,0.61,0.402359,0.544556,0.0,0.61,0.407939,0.50673,0.0,0.61,0.410924,0.518062,0.0,0.61,0.41391,0.529394,0.0,0.61,0.416896,0.540726,0.0,0.61,0.416968,0.50435,0.0,0.61,0.421789,0.515199,0.0,0.61,0.426611,0.526047,0.0,0.61,0.431433,0.536895,0.0,0.61,0.425997,0.501971,0.0,0.61,0.432655,0.512336,0.0,0.61,0.439312,0.5227,0.0,0.61,0.445969,0.533065,0.0,0.61
fixture/demo,112,3.733333,0,0.496822,0.181608,0.0,0.93,0.506197,0.169108,0.0,0.93,0.51401,0.167546,0.0,0.93,0.521822,0.169108,0.0,0.93,0.487447,0.169108,0.0,0.93,0.479635,0.167546,0.0,0.93,0.471822,0.169108,0.0,0.93,0.534322,0.175358,0.0,0.93,0.459322,0.175358,0.0,0.93,0.509322,0.198796,0.0,0.93,0.484322,0.198796,0.0,0.93,0.578072,0.275,0.0,0.93,0.415572,0.275,0.0,0.93,0.630206,0.371146,0.0,0.93,0.374947,0.380562,0.0,0.93,0.590944,0.473226,0.0,0.93,0.399947,0.475,0.0,0.93,0.611256,0.491976,0.0,0.93,0.379635,0.49375,0.0,0.93,0.617506,0.468538,0.0,0.93,0.373385,0.470312,0.0,0.93,0.605006,0.479476,0.0,0.93,0.385885,0.48125,0.0,0.93,0.559322,0.459375,0.0,0.93,0.434322,0.459375,0.0,0.93,0.568697,0.58125,0.0,0.32,0.424947,0.58125,0.0,0.32,0.574947,0.684375,0.0,0.32,0.418697,0.684375,0.0,0.32,0.565572,0.7,0.0,0.32,0.428072,0.7,0.0,0.32,0.609322,0.69375,0.0,0.32,0.384322,0.69375,0.0,0.32,0.590944,0.473226,0.0,0.88,0.596595,0.510555,0.0,0.88,0.595932,0.522856,0.0,0.88,0.595269,0.535157,0.0,0.88,0.594606,0.547457,0.0,0.88,0.58788,0.507203,0.0,0.88,0.585445,0.518822,0.0,0.88,0.58301,0.530441,0.0,0.88,0.580575,0.542061,0.0,0.88,0.579165,0.503851,0.0,0.88,0.574958,0.514789,0.0,0.88,0.570751,0.525726,0.0,0.88,0.566544,0.536664,0.0,0.88,0.57045,0.500499,0.0,0.88,0.564471,0.510755,0.0,0.88,0.558492,0.521011,0.0,0.88,0.552513,0.531267,0.0,0.88,0.561734,0.497147,0.0,0.88,0.553984,0.506722,0.0,0.88,0.546233,0.516296,0.0,0.88,0.538483,0.525871,0.0,0.88,0.399947,0.475,0.0,0.61,0.390291,0.511499,0.0,0.61,0.38962,0.523799,0.0,0.61,0.388948,0.536099,0.0,0.61,0.388277,0.5484,0.0,0.61,0.399318,0.509109,0.0,0.61,0.400482,0.520924,0.0,0.61,0.401645,0.532738,0.0,0.61,0.402809,0.544552,0.0,0.61,0.408344,0.50672,0.0,0.61,0.411343,0.518048,0.0,0.61,0.414342,0.529377,0.0,0.61,0.417341,0.540705,0.0,0.61,0.417371,0.50433,0.0,0.61,0.422205,0.515173,0.0,0.61,0.427039,0.526016,0.0,0.61,0.431873,0.536858,0.0,0.61,0.426398,0.501941,0.0,0.61,0.433067,0.512298,0.0,0.61,0.439736,0.522655,0.0,0.61,0.446406,0.533011,0.0,0.61
fixture/demo,113,3.766667,0,0.4972,0.181262,0.0,0.93,0.506575,0.168762,0.0,0.93,0.514388,0.167199,0.0,0.93,0.5222,0.168762,0.0,0.93,0.487825,0.168762,0.0,0.93,0.480013,0.167199,0.0,0.93,0.4722,0.168762,0.0,0.93,0.5347,0.175012,0.0,0.93,0.4597,0.175012,0.0,0.93,0.5097,0.198449,0.0,0.93,0.4847,0.198449,0.0,0.93,0.57845,0.275,0.0,0.93,0.41595,0.275,0.0,0.93,0.630082,0.371326,0.0,0.93,0.375325,0.381015,0.0,0.93,0.589775,0.472913,0.0,0.93,0.400325,0.475,0.0,0.93,0.610087,0.491663,0.0,0.93,0.380013,0.49375,0.0,0.93,0.616337,0.468225,0.0,0.93,0.373763,0.470312,0.0,0.93,0.603837,0.479163,0.0,0.93,0.386263,0.48125,0.0,0.93,0.5597,0.459375,0.0,0.93,0.4347,0.459375,0.0,0.93,0.569075,0.58125,0.0,0.32,0.425325,0.58125,0.0,0.32,0.575325,0.684375,0.0,0.32,0.419075,0.684375,0.0,0.32,0.56595,0.7,0.0,0.32,0.42845,0.7,0.0,0.32,0.6097,0.69375,0.0,0.32,0.3847,0.69375,0.0,0.32,0.589775,0.472913,0.0,0.88,0.595032,0.5103,0.0,0.88,0.594239,0.522593,0.0,0.88,0.593446,0.534886,0.0,0.88,0.592654,0.547179,0.0,0.88,0.586352,0.506856,0.0,0.88,0.583795,0.518449,0.0,0.88,0.581238,0.530042,0.0,0.88,0.57868,0.541634,0.0,0.88,0.577673,0.503412,0.0,0.88,0.573351,0.514305,0.0,0.88,0.569029,0.525198,0.0,0.88,0.564707,0.53609,0.0,0.88,0.568994,0.499968,0.0,0.88,0.562907,0.510161,0.0,0.88,0.556821,0.520353,0.0,0.88,0.550734,0.530546,0.0,0.88,0.560315,0.496525,0.0,0.88,0.552464,0.506017,0.0,0.88,0.544612,0.515509,0.0,0.88,0.536761,0.525002,0.0,0.88,0.400325,0.475,0.0,0.61,0.390713,0.51151,0.0,0.61,0.390056,0.523811,0.0,0.61,0.389399,0.536112,0.0,0.61,0.388742,0.548413,0.0,0.61,0.399736,0.50911,0.0,0.61,0.400914,0.520923,0.0,0.61,0.402092,0.532736,0.0,0.61,0.40327,0.544549,0.0,0.61,0.40876,0.50671,0.0,0.61,0.411773,0.518035,0.0,0.61,0.414785,0.52936,0.0,0.61,0.417797,0.540685,0.0,0.61,0.417784,0.50431,0.0,0.61,0.422631,0.515146,0.0,0.61,0.427478,0.525983,0.0,0.61,0.432325,0.53682,0.0,0.61,0.426808,0.501909,0.0,0.61,0.433489,0.512258,0.0,0.61,0.440171,0.522607,0.0,0.61,0.446853,0.532956,0.0,0.61
fixture/demo,114,3.8,0,0.497586,0.18088,0.0,0.93,0.506961,0.16838,0.0,0.93,0.514773,0.166818,0.0,0.93,0.522586,0.16838,0.0,0.93,0.488211,0.16838,0.0,0.93,0.480398,0.166818,0.0,0.93,0.472586,0.16838,0.0,0.93,0.535086,0.17463,0.0,0.93,0.460086,0.17463,0.0,0.93,0.510086,0.198068,0.0,0.93,0.485086,0.198068,0.0,0.93,0.578836,0.275,0.0,0.93,0.416336,0.275,0.0,0.93,0.63003,0.371487,0.0,0.93,0.375711,0.381478,0.0,0.93,0.588816,0.47264,0.0,0.93,0.400711,0.475,0.0,0.93,0.609128,0.49139,0.0,0.93,0.380398,0.49375,0.0,0.93,0.615378,0.467952,0.0,0.93,0.374148,0.470312,0.0,0.93,0.602878,0.47889,0.0,0.93,0.386648,0.48125,0.0,0.93,0.560086,0.459375,0.0,0.93,0.435086,0.459375,0.0,0.93,0.569461,0.58125,0.0,0.32,0.425711,0.58125,0.0,0.32,0.575711,0.684375,0.0,0.32,0.419461,0.684375,0.0,0.32,0.566336,0.7,0.0,0.32,0.428836,0.7,0.0,0.32,0.610086,0.69375,0.0,0.32,0.385086,0.69375,0.0,0.32,0.588816,0.47264,0.0,0.88,0.593729,0.510073,0.0,0.88,0.592824,0.522358,0.0,0.88,0.591918,0.534644,0.0,0.88,0.591012,0.546929,0.0,0.88,0.585082,0.50655,0.0,0.88,0.582418,0.518119,0.0,0.88,0.579754,0.529688,0.0,0.88,0.577091,0.541257,0.0,0.88,0.576435,0.503027,0.0,0.88,0.572013,0.513879,0.0,0.88,0.567591,0.524732,0.0,0.88,0.563169,0.535584,0.0,0.88,0.567787,0.499503,0.0,0.88,0.561607,0.50964,0.0,0.88,0.555427,0.519776,0.0,0.88,0.549248,0.529912,0.0,0.88,0.55914,0.49598,0.0,0.88,0.551202,0.5054,0.0,0.88,0.543264,0.51482,0.0,0.88,0.535326,0.52424,0.0,0.88,0.400711,0.475,0.0,0.61,0.391143,0.511522,0.0,0.61,0.390501,0.523824,0.0,0.61,0.38986,0.536126,0.0,0.61,0.389218,0.548428,0.0,0.61,0.400164,0.509111,0.0,0.61,0.401356,0.520922,0.0,0.61,0.402548,0.532734,0.0,0.61,0.403741,0.544545,0.0,0.61,0.409185,0.506699,0.0,0.61,0.412211,0.518021,0.0,0.61,0.415237,0.529342,0.0,0.61,0.418264,0.540663,0.0,0.61,0.418205,0.504288,0.0,0.61,0.423066,0.515119,0.0,0.61,0.427926,0.52595,0.0,0.61,0.432787,0.536781,0.0,0.61,0.427226,0.501877,0.0,0.61,0.433921,0.512217,0.0,0.61,0.440615,0.522558,0.0,0.61,0.447309,0.532899,0.0,0.61
fixture/demo,115,3.833333,0,0.497978,0.180469,0.0,0.93,0.507353,0.167969,0.0,0.93,0.515165,0.166406,0.0,0.93,0.522978,0.167969,0.0,0.93,0.488603,0.167969,0.0,0.93,0.48079,0.166406,0.0,0.93,0.472978,0.167969,0.0,0.93,0.535478,0.174219,0.0,0.93,0.460478,0.174219,0.0,0.93,0.510478,0.197656,0.0,0.93,0.485478,0.197656,0.0,0.93,0.579228,0.275,0.0,0.93,0.416728,0.275,0.0,0.93,0.630051,0.371626,0.0,0.93,0.376103,0.381949,0.0,0.93,0.588068,0.472407,0.0,0.93,0.401103,0.475,0.0,0.93,0.60838,0.491157,0.0,0.93,0.38079,0.49375,0.0,0.93,0.61463,0.46772,0.0,0.93,0.37454,0.470312,0.0,0.93,0.60213,0.478657,0.0,0.93,0.38704,0.48125,0.0,0.93,0.560478,0.459375,0.0,0.93,0.435478,0.459375,0.0,0.93,0.569853,0.58125,0.0,0.32,0.426103,0.58125,0.0,0.32,0.576103,0.684375,0.0,0.32,0.419853,0.684375,0.0,0.32,0.566728,0.7,0.0,0.32,0.429228,0.7,0.0,0.32,0.610478,0.69375,0.0,0.32,0.385478,0.69375,0.0,0.32,0.588068,0.472407,0.0,0.88,0.592689,0.509878,0.0,0.88,0.591688,0.522156,0.0,0.88,0.590687,0.534434,0.0,0.88,0.589685,0.546711,0.0,0.88,0.58407,0.506288,0.0,0.88,0.581316,0.517835,0.0,0.88,0.578562,0.529383,0.0,0.88,0.575808,0.540931,0.0,0.88,0.57545,0.502697,0.0,0.88,0.570944,0.513515,0.0,0.88,0.566438,0.524332,0.0,0.88,0.561931,0.53515,0.0,0.88,0.566831,0.499106,0.0,0.88,0.560572,0.509194,0.0,0.88,0.554313,0.519282,0.0,0.88,0.548054,0.529369,0.0,0.88,0.558211,0.495516,0.0,0.88,0.5502,0.504873,0.0,0.88,0.542189,0.514231,0.0,0.88,0.534178,0.523589,0.0,0.88,0.401103,0.475,0.0,0.61,0.391581,0.511534,0.0,0.61,0.390955,0.523837,0.0,0.61,0.390329,0.536139,0.0,0.61,0.389703,0.548442,0.0,0.61,0.400599,0.509112,0.0,0.61,0.401806,0.520921,0.0,0.61,0.403013,0.532731,0.0,0.61,0.404221,0.544541,0.0,0.61,0.409617,0.506689,0.0,0.61,0.412657,0.518006,0.0,0.61,0.415698,0.529324,0.0,0.61,0.418739,0.540641,0.0,0.61,0.418634,0.504266,0.0,0.61,0.423509,0.515091,0.0,0.61,0.428383,0.525916,0.0,0.61,0.433257,0.53674,0.0,0.61,0.427652,0.501843,0.0,0.61,0.43436,0.512175,0.0,0.61,0.441067,0.522508,0.0,0.61,0.447775,0.53284,0.0,0.61
fixture/demo,116,3.866667,0,0.498376,0.180032,0.0,0.93,0.507751,0.167532,0.0,0.93,0.515563,0.165969,0.0,0.93,0.523376,0.167532,0.0,0.93,0.489001,0.167532,0.0,0.93,0.481188,0.165969,0.0,0.93,0.473376,0.167532,0.0,0.93,0.535876,0.173782,0.0,0.93,0.460876,0.173782,0.0,0.93,0.510876,0.197219,0.0,0.93,0.485876,0.197219,0.0,0.93,0.579626,0.275,0.0,0.93,0.417126,0.275,0.0,0.93,0.630143,0.371741,0.0,0.93,0.376501,0.382426,0.0,0.93,0.587532,0.472216,0.0,0.93,0.401501,0.475,0.0,0.93,0.607845,0.490966,0.0,0.93,0.381188,0.49375,0.0,0.93,0.614095,0.467529,0.0,0.93,0.374938,0.470312,0.0,0.93,0.601595,0.478466,0.0,0.93,0.387438,0.48125,0.0,0.93,0.560876,0.459375,0.0,0.93,0.435876,0.459375,0.0,0.93,0.570251,0.58125,0.0,0.32,0.426501,0.58125,0.0,0.32,0.576501,0.684375,0.0,0.32,0.420251,0.684375,0.0,0.32,0.567126,0.7,0.0,0.32,0.429626,0.7,0.0,0.32,0.610876,0.69375,0.0,0.32,0.385876,0.69375,0.0,0.32,0.587532,0.472216,0.0,0.88,0.591914,0.509716,0.0,0.88,0.590834,0.521987,0.0,0.88,0.589754,0.534258,0.0,0.88,0.588674,0.546529,0.0,0.88,0.583318,0.50607,0.0,0.88,0.58049,0.5176,0.0,0.88,0.577662,0.52913,0.0,0.88,0.574835,0.54066,0.0,0.88,0.574721,0.502425,0.0,0.88,0.570146,0.513213,0.0,0.88,0.56557,0.524002,0.0,0.88,0.560995,0.534791,0.0,0.88,0.566125,0.498779,0.0,0.88,0.559802,0.508826,0.0,0.88,0.553478,0.518874,0.0,0.88,0.547155,0.528921,0.0,0.88,0.557528,0.495133,0.0,0.88,0.549457,0.504439,0.0,0.88,0.541387,0.513746,0.0,0.88,0.533316,0.523052,0.0,0.88,0.401501,0.475,0.0,0.61,0.392026,0.511547,0.0,0.61,0.391416,0.52385,0.0,0.61,0.390806,0.536153,0.0,0.61,0.390195,0.548457,0.0,0.61,0.401041,0.509112,0.0,0.61,0.402263,0.520921,0.0,0.61,0.403486,0.532729,0.0,0.61,0.404708,0.544537,0.0,0.61,0.410055,0.506678,0.0,0.61,0.413111,0.517991,0.0,0.61,0.416166,0.529305,0.0,0.61,0.419221,0.540618,0.0,0.61,0.41907,0.504243,0.0,0.61,0.423958,0.515062,0.0,0.61,0.428846,0.52588,0.0,0.61,0.433734,0.536699,0.0,0.61,0.428085,0.501809,0.0,0.61,0.434805,0.512132,0.0,0.61,0.441526,0.522456,0.0,0.61,0.448247,0.53278,0.0,0.61
fixture/demo,117,3.9,0,0.498778,0.179574,0.0,0.93,0.508153,0.167074,0.0,0.93,0.515965,0.165511,0.0,0.93,0.523778,0.167074,0.0,0.93,0.489403,0.167074,0.0,0.93,0.48159,0.165511,0.0,0.93,0.473778,0.167074,0.0,0.93,0.536278,0.173324,0.0,0.93,0.461278,0.173324,0.0,0.93,0.511278,0.196761,0.0,0.93,0.486278,0.196761,0.0,0.93,0.580028,0.275,0.0,0.93,0.417528,0.275,0.0,0.93,0.630308,0.371832,0.0,0.93,0.376903,0.382908,0.0,0.93,0.587209,0.472067,0.0,0.93,0.401903,0.475,0.0,0.93,0.607521,0.490817,0.0,0.93,0.38159,0.49375,0.0,0.93,0.613771,0.46738,0.0,0.93,0.37534,0.470312,0.0,0.93,0.601271,0.478317,0.0,0.93,0.38784,0.48125,0.0,0.93,0.561278,0.459375,0.0,0.93,0.436278,0.459375,0.0,0.93,0.570653,0.58125,0.0,0.32,0.426903,0.58125,0.0,0.32,0.576903,0.684375,0.0,0.32,0.420653,0.684375,0.0,0.32,0.567528,0.7,0.0,0.32,0.430028,0.7,0.0,0.32,0.611278,0.69375,0.0,0.32,0.386278,0.69375,0.0,0.32,0.587209,0.472067,0.0,0.88,0.591403,0.509588,0.0,0.88,0.590262,0.521854,0.0,0.88,0.589121,0.534119,0.0,0.88,0.58798,0.546385,0.0,0.88,0.582825,0.5059,0.0,0.88,0.57994,0.517415,0.0,0.88,0.577055,0.528931,0.0,0.88,0.57417,0.540447,0.0,0.88,0.574247,0.502211,0.0,0.88,0.569618,0.512977,0.0,0.88,0.564989,0.523743,0.0,0.88,0.56036,0.534508,0.0,0.88,0.565669,0.498523,0.0,0.88,0.559296,0.508539,0.0,0.88,0.552923,0.518554,0.0,0.88,0.54655,0.52857,0.0,0.88,0.557091,0.494834,0.0,0.88,0.548974,0.5041,0.0,0.88,0.540857,0.513366,0.0,0.88,0.532739,0.522632,0.0,0.88,0.401903,0.475,0.0,0.61,0.392477,0.511559,0.0,0.61,0.391882,0.523863,0.0,0.61,0.391288,0.536167,0.0,0.61,0.390694,0.548471,0.0,0.61,0.401488,0.509113,0.0,0.61,0.402726,0.52092,0.0,0.61,0.403964,0.532726,0.0,0.61,0.405202,0.544533,0.0,0.61,0.410499,0.506666,0.0,0.61,0.413569,0.517976,0.0,0.61,0.41664,0.529285,0.0,0.61,0.41971,0.540595,0.0,0.61,0.419511,0.50422,0.0,0.61,0.424413,0.515032,0.0,0.61,0.429315,0.525844,0.0,0.61,0.434218,0.536656,0.0,0.61,0.428522,0.501774,0.0,0.61,0.435256,0.512089,0.0,0.61,0.441991,0.522403,0.0,0.61,0.448725,0.532718,0.0,0.61
fixture/demo,118,3.933333,0,0.499183,0.1791,0.0,0.93,0.508558,0.1666,0.0,0.93,0.516371,0.165037,0.0,0.93,0.524183,0.1666,0.0,0.93,0.489808,0.1666,0.0,0.93,0.481996,0.165037,0.0,0.93,0.474183,0.1666,0.0,0.93,0.536683,0.17285,0.0,0.93,0.461683,0.17285,0.0,0.93,0.511683,0.196287,0.0,0.93,0.486683,0.196287,0.0,0.93,0.580433,0.275,0.0,0.93,0.417933,0.275,0.0,0.93,0.630545,0.371898,0.0,0.93,0.377308,0.383395,0.0,0.93,0.587096,0.471961,0.0,0.93,0.402308,0.475,0.0,0.93,0.607409,0.490711,0.0,0.93,0.381996,0.49375,0.0,0.93,0.613659,0.467273,0.0,0.93,0.375746,0.470312,0.0,0.93,0.601159,0.478211,0.0,0.93,0.388246,0.48125,0.0,0.93,0.561683,0.459375,0.0,0.93,0.436683,0.459375,0.0,0.93,0.571058,0.58125,0.0,0.32,0.427308,0.58125,0.0,0.32,0.577308,0.684375,0.0,0.32,0.421058,0.684375,0.0,0.32,0.567933,0.7,0.0,0.32,0.430433,0.7,0.0,0.32,0.611683,0.69375,0.0,0.32,0.386683,0.69375,0.0,0.32,0.587096,0.471961,0.0,0.88,0.591158,0.509496,0.0,0.88,0.589973,0.521758,0.0,0.88,0.588788,0.534019,0.0,0.88,0.587604,0.54628,0.0,0.88,0.582593,0.505777,0.0,0.88,0.579667,0.517283,0.0,0.88,0.576741,0.528788,0.0,0.88,0.573815,0.540293,0.0,0.88,0.574028,0.502058,0.0,0.88,0.56936,0.512807,0.0,0.88,0.564693,0.523557,0.0,0.88,0.560026,0.534306,0.0,0.88,0.565463,0.498339,0.0,0.88,0.559054,0.508332,0.0,0.88,0.552645,0.518325,0.0,0.88,0.546237,0.528318,0.0,0.88,0.556898,0.49462,0.0,0.88,0.548748,0.503857,0.0,0.88,0.540598,0.513094,0.0,0.88,0.532448,0.522331,0.0,0.88,0.402308,0.475,0.0,0.61,0.392931,0.511572,0.0,0.61,0.392354,0.523877,0.0,0.61,0.391776,0.536182,0.0,0.61,0.391198,0.548486,0.0,0.61,0.401939,0.509113,0.0,0.61,0.403193,0.520918,0.0,0.61,0.404447,0.532723,0.0,0.61,0.405701,0.544529,0.0,0.61,0.410947,0.506655,0.0,0.61,0.414033,0.51796,0.0,0.61,0.417118,0.529265,0.0,0.61,0.420203,0.540571,0.0,0.61,0.419955,0.504196,0.0,0.61,0.424872,0.515002,0.0,0.61,0.429789,0.525807,0.0,0.61,0.434706,0.536613,0.0,0.61,0.428963,0.501738,0.0,0.61,0.435712,0.512044,0.0,0.61,0.44246,0.522349,0.0,0.61,0.449208,0.532655,0.0,0.61
fixture/demo,119,3.966667,0,0.499591,0.178615,0.0,0.93,0.508966,0.166115,0.0,0.93,0.516779,0.164552,0.0,0.93,0.524591,0.166115,0.0,0.93,0.490216,0.166115,0.0,0.93,0.482404,0.164552,0.0,0.93,0.474591,0.166115,0.0,0.93,0.537091,0.172365,0.0,0.93,0.462091,0.172365,0.0,0.93,0.512091,0.195802,0.0,0.93,0.487091,0.195802,0.0,0.93,0.580841,0.275,0.0,0.93,0.418341,0.275,0.0,0.93,0.630851,0.371937,0.0,0.93,0.377716,0.383884,0.0,0.93,0.587194,0.471896,0.0,0.93,0.402716,0.475,0.0,0.93,0.607507,0.490646,0.0,0.93,0.382404,0.49375,0.0,0.93,0.613757,0.467209,0.0,0.93,0.376154,0.470312,0.0,0.93,0.601257,0.478146,0.0,0.93,0.388654,0.48125,0.0,0.93,0.562091,0.459375,0.0,0.93,0.437091,0.459375,0.0,0.93,0.571466,0.58125,0.0,0.32,0.427716,0.58125,0.0,0.32,0.577716,0.684375,0.0,0.32,0.421466,0.684375,0.0,0.32,0.568341,0.7,0.0,0.32,0.430841,0.7,0.0,0.32,0.612091,0.69375,0.0,0.32,0.387091,0.69375,0.0,0.32,0.587194,0.471896,0.0,0.88,0.591175,0.509441,0.0,0.88,0.589964,0.521699,0.0,0.88,0.588754,0.533958,0.0,0.88,0.587543,0.546217,0.0,0.88,0.582618,0.505703,0.0,0.88,0.579668,0.517202,0.0,0.88,0.576717,0.528701,0.0,0.88,0.573767,0.5402,0.0,0.88,0.574061,0.501966,0.0,0.88,0.569371,0.512705,0.0,0.88,0.564681,0.523445,0.0,0.88,0.55999,0.534184,0.0,0.88,0.565504,0.498229,0.0,0.88,0.559074,0.508208,0.0,0.88,0.552644,0.518188,0.0,0.88,0.546214,0.528167,0.0,0.88,0.556947,0.494492,0.0,0.88,0.548778,0.503711,0.0,0.88,0.540608,0.512931,0.0,0.88,0.532438,0.52215,0.0,0.88,0.402716,0.475,0.0,0.61,0.393389,0.511584,0.0,0.61,0.392828,0.52389,0.0,0.61,0.392267,0.536196,0.0,0.61,0.391706,0.548502,0.0,0.61,0.402394,0.509114,0.0,0.61,0.403664,0.520917,0.0,0.61,0.404933,0.532721,0.0,0.61,0.406203,0.544524,0.0,0.61,0.411398,0.506643,0.0,0.61,0.414499,0.517944,0.0,0.61,0.4176,0.529245,0.0,0.61,0.4207,0.540546,0.0,0.61,0.420403,0.504172,0.0,0.61,0.425334,0.514971,0.0,0.61,0.430266,0.52577,0.0,0.61,0.435198,0.536569,0.0,0.61,0.429408,0.501702,0.0,0.61,0.43617,0.511998,0.0,0.61,0.442932,0.522295,0.0,0.61,0.449695,0.532591,0.0,0.61
fixture/demo,120,4.0,0,0.5,0.178125,0.0,0.93,0.509375,0.165625,0.0,0.93,0.517188,0.164062,0.0,0.93,0.525,0.165625,0.0,0.93,0.490625,0.165625,0.0,0.93,0.482812,0.164062,0.0,0.93,0.475,0.165625,0.0,0.93,0.5375,0.171875,0.0,0.93,0.4625,0.171875,0.0,0.93,0.5125,0.195312,0.0,0.93,0.4875,0.195312,0.0,0.93,0.58125,0.275,0.0,0.93,0.41875,0.275,0.0,0.93,0.631226,0.37195,0.0,0.93,0.378125,0.384375,0.0,0.93,0.5875,0.471875,0.0,0.93,0.403125,0.475,0.0,0.93,0.607812,0.490625,0.0,0.93,0.382812,0.49375,0.0,0.93,0.614062,0.467188,0.0,0.93,0.376562,0.470312,0.0,0.93,0.601562,0.478125,0.0,0.93,0.389062,0.48125,0.0,0.93,0.5625,0.459375,0.0,0.93,0.4375,0.459375,0.0,0.93,0.571875,0.58125,0.0,0.32,0.428125,0.58125,0.0,0.32,0.578125,0.684375,0.0,0.32,0.421875,0.684375,0.0,0.32,0.56875,0.7,0.0,0.32,0.43125,0.7,0.0,0.32,0.6125,0.69375,0.0,0.32,0.3875,0.69375,0.0,0.32,0.5875,0.471875,0.0,0.88,0.591454,0.509422,0.0,0.88,0.590235,0.52168,0.0,0.88,0.589015,0.533938,0.0,0.88,0.587796,0.546196,0.0,0.88,0.5829,0.505679,0.0,0.88,0.579941,0.517176,0.0,0.88,0.576983,0.528673,0.0,0.88,0.574024,0.540169,0.0,0.88,0.574346,0.501935,0.0,0.88,0.569648,0.512671,0.0,0.88,0.56495,0.523407,0.0,0.88,0.560252,0.534143,0.0,0.88,0.565791,0.498192,0.0,0.88,0.559354,0.508167,0.0,0.88,0.552917,0.518142,0.0,0.88,0.54648,0.528116,0.0,0.88,0.557237,0.494449,0.0,0.88,0.549061,0.503662,0.0,0.88,0.540884,0.512876,0.0,0.88,0.532708,0.52209,0.0,0.88,0.403125,0.475,0.0,0.61,0.393848,0.511597,0.0,0.61,0.393304,0.523904,0.0,0.61,0.392761,0.53621,0.0,0.61,0.392217,0.548517,0.0,0.61,0.40285,0.509114,0.0,0.61,0.404136,0.520916,0.0,0.61,0.405422,0.532717,0.0,0.61,0.406708,0.544519,0.0,0.61,0.411851,0.506631,0.0,0.61,0.414967,0.517928,0.0,0.61,0.418084,0.529225,0.0,0.61,0.4212,0.540521,0.0,0.61,0.420852,0.504148,0.0,0.61,0.425799,0.51494,0.0,0.61,0.430745,0.525732,0.0,0.61,0.435691,0.536524,0.0,0.61,0.429853,0.501665,0.0,0.61,0.43663,0.511952,0.0,0.61,0.443406,0.522239,0.0,0.61,0.450183,0.532526,0.0,0.61
fixture/demo,121,4.033333,0,0.500409,0.177635,0.0,0.93,0.509784,0.165135,0.0,0.93,0.517596,0.163573,0.0,0.93,0.525409,0.165135,0.0,0.93,0.491034,0.165135,0.0,0.93,0.483221,0.163573,0.0,0.93,0.475409,0.165135,0.0,0.93,0.537909,0.171385,0.0,0.93,0.462909,0.171385,0.0,0.93,0.512909,0.194823,0.0,0.93,0.487909,0.194823,0.0,0.93,0.581659,0.275,0.0,0.93,0.419159,0.275,0.0,0.93,0.631669,0.371937,0.0,0.93,0.378534,0.384866,0.0,0.93,0.588011,0.471896,0.0,0.93,0.403534,0.475,0.0,0.93,0.608324,0.490646,0.0,0.93,0.383221,0.49375,0.0,0.93,0.614574,0.467209,0.0,0.93,0.376971,0.470312,0.0,0.93,0.602074,0.478146,0.0,0.93,0.389471,0.48125,0.0,0.93,0.562909,0.459375,0.0,0.93,0.437909,0.459375,0.0,0.93,0.572284,0.58125,0.0,0.32,0.428534,0.58125,0.0,0.32,0.578534,0.684375,0.0,0.32,0.422284,0.684375,0.0,0.32,0.569159,0.7,0.0,0.32,0.431659,0.7,0.0,0.32,0.612909,0.69375,0.0,0.32,0.387909,0.69375,0.0,0.32,0.588011,0.471896,0.0,0.88,0.591992,0.509441,0.0,0.88,0.590782,0.521699,0.0,0.88,0.589571,0.533958,0.0,0.88,0.58836,0.546217,0.0,0.88,0.583435,0.505703,0.0,0.88,0.580485,0.517202,0.0,0.88,0.577534,0.528701,0.0,0.88,0.574584,0.5402,0.0,0.88,0.574878,0.501966,0.0,0.88,0.570188,0.512705,0.0,0.88,0.565498,0.523444,0.0,0.88,0.560807,0.534184,0.0,0.88,0.566321,0.498229,0.0,0.88,0.559891,0.508208,0.0,0.88,0.553461,0.518188,0.0,0.88,0.547031,0.528167,0.0,0.88,0.557764,0.494492,0.0,0.88,0.549595,0.503711,0.0,0.88,0.541425,0.512931,0.0,0.88,0.533255,0.52215,0.0,0.88,0.403534,0.475,0.0,0.61,0.394308,0.51161,0.0,0.61,0.393782,0.523917,0.0,0.61,0.393255,0.536225,0.0,0.61,0.392728,0.548532,0.0,0.61,0.403306,0.509114,0.0,0.61,0.404609,0.520914,0.0,0.61,0.405911,0.532714,0.0,0.61,0.407214,0.544514,0.0,0.61,0.412304,0.506619,0.0,0.61,0.415436,0.517911,0.0,0.61,0.418568,0.529204,0.0,0.61,0.4217,0.540496,0.0,0.61,0.421302,0.504123,0.0,0.61,0.426263,0.514908,0.0,0.61,0.431225,0.525693,0.0,0.61,0.436186,0.536478,0.0,0.61,0.430299,0.501627,0.0,0.61,0.43709,0.511905,0.0,0.61,0.443881,0.522183,0.0,0.61,0.450672,0.53246,0.0,0.61
fixture/demo,122,4.066667,0,0.500817,0.17715,0.0,0.93,0.510192,0.16465,0.0,0.93,0.518004,0.163088,0.0,0.93,0.525817,0.16465,0.0,0.93,0.491442,0.16465,0.0,0.93,0.483629,0.163088,0.0,0.93,0.475817,0.16465,0.0,0.93,0.538317,0.1709,0.0,0.93,0.463317,0.1709,0.0,0.93,0.513317,0.194338,0.0,0.93,0.488317,0.194338,0.0,0.93,0.582067,0.275,0.0,0.93,0.419567,0.275,0.0,0.93,0.632176,0.371899,0.0,0.93,0.378942,0.385355,0.0,0.93,0.588725,0.471961,0.0,0.93,0.403942,0.475,0.0,0.93,0.609038,0.490711,0.0,0.93,0.383629,0.49375,0.0,0.93,0.615288,0.467273,0.0,0.93,0.377379,0.470312,0.0,0.93,0.602788,0.478211,0.0,0.93,0.389879,0.48125,0.0,0.93,0.563317,0.459375,0.0,0.93,0.438317,0.459375,0.0,0.93,0.572692,0.58125,0.0,0.32,0.428942,0.58125,0.0,0.32,0.578942,0.684375,0.0,0.32,0.422692,0.684375,0.0,0.32,0.569567,0.7,0.0,0.32,0.432067,0.7,0.0,0.32,0.613317,0.69375,0.0,0.32,0.388317,0.69375,0.0,0.32,0.588725,0.471961,0.0,0.88,0.592786,0.509496,0.0,0.88,0.591601,0.521758,0.0,0.88,0.590416,0.534019,0.0,0.88,0.589231,0.54628,0.0,0.88,0.584221,0.505777,0.0,0.88,0.581294,0.517282,0.0,0.88,0.578368,0.528788,0.0,0.88,0.575442,0.540293,0.0,0.88,0.575656,0.502058,0.0,0.88,0.570988,0.512807,0.0,0.88,0.566321,0.523556,0.0,0.88,0.561653,0.534305,0.0,0.88,0.567091,0.498339,0.0,0.88,0.560682,0.508332,0.0,0.88,0.554273,0.518325,0.0,0.88,0.547864,0.528317,0.0,0.88,0.558526,0.49462,0.0,0.88,0.550376,0.503856,0.0,0.88,0.542226,0.513093,0.0,0.88,0.534075,0.52233,0.0,0.88,0.403942,0.475,0.0,0.61,0.394767,0.511623,0.0,0.61,0.394258,0.523931,0.0,0.61,0.393749,0.536239,0.0,0.61,0.393239,0.548547,0.0,0.61,0.403762,0.509115,0.0,0.61,0.405081,0.520913,0.0,0.61,0.4064,0.532711,0.0,0.61,0.40772,0.544509,0.0,0.61,0.412756,0.506606,0.0,0.61,0.415904,0.517894,0.0,0.61,0.419052,0.529182,0.0,0.61,0.4222,0.540471,0.0,0.61,0.42175,0.504098,0.0,0.61,0.426727,0.514876,0.0,0.61,0.431704,0.525654,0.0,0.61,0.43668,0.536432,0.0,0.61,0.430745,0.50159,0.0,0.61,0.43755,0.511858,0.0,0.61,0.444355,0.522126,0.0,0.61,0.45116,0.532394,0.0,0.61
fixture/demo,123,4.1,0,0.501222,0.176676,0.0,0.93,0.510597,0.164176,0.0,0.93,0.51841,0.162614,0.0,0.93,0.526222,0.164176,0.0,0.93,0.491847,0.164176,0.0,0.93,0.484035,0.162614,0.0,0.93,0.476222,0.164176,0.0,0.93,0.538722,0.170426,0.0,0.93,0.463722,0.170426,0.0,0.93,0.513722,0.193864,0.0,0.93,0.488722,0.193864,0.0,0.93,0.582472,0.275,0.0,0.93,0.419972,0.275,0.0,0.93,0.632745,0.371836,0.0,0.93,0.379347,0.385842,0.0,0.93,0.589638,0.472067,0.0,0.93,0.404347,0.475,0.0,0.93,0.60995,0.490817,0.0,0.93,0.384035,0.49375,0.0,0.93,0.6162,0.46738,0.0,0.93,0.377785,0.470312,0.0,0.93,0.6037,0.478317,0.0,0.93,0.390285,0.48125,0.0,0.93,0.563722,0.459375,0.0,0.93,0.438722,0.459375,0.0,0.93,0.573097,0.58125,0.0,0.32,0.429347,0.58125,0.0,0.32,0.579347,0.684375,0.0,0.32,0.423097,0.684375,0.0,0.32,0.569972,0.7,0.0,0.32,0.432472,0.7,0.0,0.32,0.613722,0.69375,0.0,0.32,0.388722,0.69375,0.0,0.32,0.589638,0.472067,0.0,0.88,0.59383,0.509589,0.0,0.88,0.592688,0.521854,0.0,0.88,0.591546,0.53412,0.0,0.88,0.590404,0.546385,0.0,0.88,0.585252,0.505899,0.0,0.88,0.582366,0.517415,0.0,0.88,0.57948,0.52893,0.0,0.88,0.576594,0.540446,0.0,0.88,0.576674,0.50221,0.0,0.88,0.572044,0.512976,0.0,0.88,0.567414,0.523741,0.0,0.88,0.562784,0.534506,0.0,0.88,0.568096,0.498521,0.0,0.88,0.561722,0.508537,0.0,0.88,0.555348,0.518552,0.0,0.88,0.548975,0.528567,0.0,0.88,0.559519,0.494832,0.0,0.88,0.551401,0.504097,0.0,0.88,0.543283,0.513363,0.0,0.88,0.535165,0.522628,0.0,0.88,0.404347,0.475,0.0,0.61,0.395225,0.511636,0.0,0.61,0.394733,0.523945,0.0,0.61,0.394241,0.536253,0.0,0.61,0.393749,0.548562,0.0,0.61,0.404215,0.509115,0.0,0.61,0.405551,0.520911,0.0,0.61,0.406887,0.532707,0.0,0.61,0.408223,0.544503,0.0,0.61,0.413206,0.506594,0.0,0.61,0.41637,0.517878,0.0,0.61,0.419534,0.529161,0.0,0.61,0.422698,0.540445,0.0,0.61,0.422197,0.504073,0.0,0.61,0.427189,0.514844,0.0,0.61,0.432181,0.525615,0.0,0.61,0.437172,0.536386,0.0,0.61,0.431188,0.501552,0.0,0.61,0.438007,0.51181,0.0,0.61,0.444827,0.522069,0.0,0.61,0.451647,0.532327,0.0,0.61
fixture/demo,124,4.133333,0,0.501624,0.176218,0.0,0.93,0.510999,0.163718,0.0,0.93,0.518812,0.162156,0.0,0.93,0.526624,0.163718,0.0,0.93,0.492249,0.163718,0.0,0.93,0.484437,0.162156,0.0,0.93,0.476624,0.163718,0.0,0.93,0.539124,0.169968,0.0,0.93,0.464124,0.169968,0.0,0.93,0.514124,0.193406,0.0,0.93,0.489124,0.193406,0.0,0.93,0.582874,0.275,0.0,0.93,0.420374,0.275,0.0,0.93,0.633375,0.37175,0.0,0.93,0.379749,0.386324,0.0,0.93,0.590745,0.472216,0.0,0.93,0.404749,0.475,0.0,0.93,0.611058,0.490966,0.0,0.93,0.384437,0.49375,0.0,0.93,0.617308,0.467529,0.0,0.93,0.378187,0.470312,0.0,0.93,0.604808,0.478466,0.0,0.93,0.390687,0.48125,0.0,0.93,0.564124,0.459375,0.0,0.93,0.439124,0.459375,0.0,0.93,0.573499,0.58125,0.0,0.32,0.429749,0.58125,0.0,0.32,0.579749,0.684375,0.0,0.32,0.423499,0.684375,0.0,0.32,0.570374,0.7,0.0,0.32,0.432874,0.7,0.0,0.32,0.614124,0.69375,0.0,0.32,0.389124,0.69375,0.0,0.32,0.590745,0.472216,0.0,0.88,0.59512,0.509717,0.0,0.88,0.594038,0.521988,0.0,0.88,0.592956,0.534259,0.0,0.88,0.591874,0.546529,0.0,0.88,0.586525,0.50607,0.0,0.88,0.583695,0.517599,0.0,0.88,0.580865,0.529128,0.0,0.88,0.578035,0.540658,0.0,0.88,0.577929,0.502422,0.0,0.88,0.573351,0.51321,0.0,0.88,0.568774,0.523998,0.0,0.88,0.564197,0.534786,0.0,0.88,0.569333,0.498775,0.0,0.88,0.563008,0.508821,0.0,0.88,0.556683,0.518868,0.0,0.88,0.550358,0.528914,0.0,0.88,0.560737,0.495128,0.0,0.88,0.552665,0.504432,0.0,0.88,0.544592,0.513737,0.0,0.88,0.536519,0.523042,0.0,0.88,0.404749,0.475,0.0,0.61,0.395679,0.511649,0.0,0.61,0.395204,0.523958,0.0,0.61,0.394729,0.536268,0.0,0.61,0.394255,0.548577,0.0,0.61,0.404666,0.509115,0.0,0.61,0.406018,0.520909,0.0,0.61,0.407371,0.532704,0.0,0.61,0.408724,0.544498,0.0,0.61,0.413653,0.506581,0.0,0.61,0.416833,0.51786,0.0,0.61,0.420013,0.52914,0.0,0.61,0.423193,0.540419,0.0,0.61,0.42264,0.504048,0.0,0.61,0.427647,0.514812,0.0,0.61,0.432654,0.525576,0.0,0.61,0.437661,0.53634,0.0,0.61,0.431627,0.501514,0.0,0.61,0.438462,0.511763,0.0,0.61,0.445296,0.522012,0.0,0.61,0.45213,0.53226,0.0,0.61
fixture/demo,125,4.166667,0,0.502022,0.175781,0.0,0.93,0.511397,0.163281,0.0,0.93,0.51921,0.161719,0.0,0.93,0.527022,0.163281,0.0,0.93,0.492647,0.163281,0.0,0.93,0.484835,0.161719,0.0,0.93,0.477022,0.163281,0.0,0.93,0.539522,0.169531,0.0,0.93,0.464522,0.169531,0.0,0.93,0.514522,0.192969,0.0,0.93,0.489522,0.192969,0.0,0.93,0.583272,0.275,0.0,0.93,0.420772,0.275,0.0,0.93,0.634061,0.371642,0.0,0.93,0.380147,0.386801,0.0,0.93,0.592043,0.472407,0.0,0.93,0.405147,0.475,0.0,0.93,0.612356,0.491157,0.0,0.93,0.384835,0.49375,0.0,0.93,0.618606,0.46772,0.0,0.93,0.378585,0.470312,0.0,0.93,0.606106,0.478657,0.0,0.93,0.391085,0.48125,0.0,0.93,0.564522,0.459375,0.0,0.93,0.439522,0.459375,0.0,0.93,0.573897,0.58125,0.0,0.32,0.430147,0.58125,0.0,0.32,0.580147,0.684375,0.0,0.32,0.423897,0.684375,0.0,0.32,0.570772,0.7,0.0,0.32,0.433272,0.7,0.0,0.32,0.614522,0.69375,0.0,0.32,0.389522,0.69375,0.0,0.32,0.592043,0.472407,0.0,0.88,0.596651,0.50988,0.0,0.88,0.595645,0.522157,0.0,0.88,0.59464,0.534435,0.0,0.88,0.593634,0.546712,0.0,0.88,0.588033,0.506286,0.0,0.88,0.585275,0.517833,0.0,0.88,0.582517,0.52938,0.0,0.88,0.579759,0.540926,0.0,0.88,0.579415,0.502692,0.0,0.88,0.574905,0.513509,0.0,0.88,0.570394,0.524325,0.0,0.88,0.565884,0.535141,0.0,0.88,0.570796,0.499099,0.0,0.88,0.564534,0.509184,0.0,0.88,0.558272,0.51927,0.0,0.88,0.552009,0.529355,0.0,0.88,0.562178,0.495505,0.0,0.88,0.554164,0.50486,0.0,0.88,0.546149,0.514215,0.0,0.88,0.538135,0.523569,0.0,0.88,0.405147,0.475,0.0,0.61,0.396128,0.511662,0.0,0.61,0.395671,0.523972,0.0,0.61,0.395214,0.536282,0.0,0.61,0.394757,0.548592,0.0,0.61,0.405112,0.509115,0.0,0.61,0.406481,0.520908,0.0,0.61,0.40785,0.5327,0.0,0.61,0.40922,0.544492,0.0,0.61,0.414095,0.506569,0.0,0.61,0.417291,0.517843,0.0,0.61,0.420487,0.529118,0.0,0.61,0.423683,0.540393,0.0,0.61,0.423079,0.504022,0.0,0.61,0.428101,0.514779,0.0,0.61,0.433123,0.525536,0.0,0.61,0.438146,0.536293,0.0,0.61,0.432062,0.501476,0.0,0.61,0.438911,0.511715,0.0,0.61,0.44576,0.521954,0.0,0.61,0.452609,0.532193,0.0,0.61
fixture/demo,126,4.2,0,0.502414,0.17537,0.0,0.93,0.511789,0.16287,0.0,0.93,0.519602,0.161307,0.0,0.93,0.527414,0.16287,0.0,0.93,0.493039,0.16287,0.0,0.93,0.485227,0.161307,0.0,0.93,0.477414,0.16287,0.0,0.93,0.539914,0.16912,0.0,0.93,0.464914,0.16912,0.0,0.93,0.514914,0.192557,0.0,0.93,0.489914,0.192557,0.0,0.93,0.583664,0.275,0.0,0.93,0.421164,0.275,0.0,0.93,0.634801,0.371514,0.0,0.93,0.380539,0.387272,0.0,0.93,0.593526,0.47264,0.0,0.93,0.405539,0.475,0.0,0.93,0.613838,0.49139,0.0,0.93,0.385227,0.49375,0.0,0.93,0.620088,0.467952,0.0,0.93,0.378977,0.470312,0.0,0.93,0.607588,0.47889,0.0,0.93,0.391477,0.48125,0.0,0.93,0.564914,0.459375,0.0,0.93,0.439914,0.459375,0.0,0.93,0.574289,0.58125,0.0,0.32,0.430539,0.58125,0.0,0.32,0.580539,0.684375,0.0,0.32,0.424289,0.684375,0.0,0.32,0.571164,0.7,0.0,0.32,0.433664,0.7,0.0,0.32,0.614914,0.69375,0.0,0.32,0.389914,0.69375,0.0,0.32,0.593526,0.47264,0.0,0.88,0.598417,0.510076,0.0,0.88,0.597504,0.522361,0.0,0.88,0.59659,0.534646,0.0,0.88,0.595677,0.54693,0.0,0.88,0.589771,0.506548,0.0,0.88,0.587101,0.518115,0.0,0.88,0.58443,0.529682,0.0,0.88,0.581759,0.541249,0.0,0.88,0.581126,0.503019,0.0,0.88,0.576698,0.513869,0.0,0.88,0.57227,0.524719,0.0,0.88,0.567841,0.535569,0.0,0.88,0.572481,0.499491,0.0,0.88,0.566295,0.509623,0.0,0.88,0.560109,0.519755,0.0,0.88,0.553923,0.529888,0.0,0.88,0.563836,0.495962,0.0,0.88,0.555892,0.505377,0.0,0.88,0.547949,0.514792,0.0,0.88,0.540005,0.524207,0.0,0.88,0.405539,0.475,0.0,0.61,0.396572,0.511674,0.0,0.61,0.396132,0.523985,0.0,0.61,0.395692,0.536296,0.0,0.61,0.395252,0.548606,0.0,0.61,0.405552,0.509115,0.0,0.61,0.406938,0.520906,0.0,0.61,0.408324,0.532696,0.0,0.61,0.40971,0.544486,0.0,0.61,0.414532,0.506556,0.0,0.61,0.417743,0.517826,0.0,0.61,0.420955,0.529096,0.0,0.61,0.424167,0.540366,0.0,0.61,0.423512,0.503997,0.0,0.61,0.428549,0.514747,0.0,0.61,0.433587,0.525497,0.0,0.61,0.438624,0.536246,0.0,0.61,0.432492,0.501438,0.0,0.61,0.439355,0.511668,0.0,0.61,0.446218,0.521897,0.0,0.61,0.453081,0.532127,0.0,0.61
fixture/demo,127,4.233333,0,0.5028,0.174988,0.0,0.93,0.512175,0.162488,0.0,0.93,0.519987,0.160926,0.0,0.93,0.5278,0.162488,0.0,0.93,0.493425,0.162488,0.0,0.93,0.485612,0.160926,0.0,0.93,0.4778,0.162488,0.0,0.93,0.5403,0.168738,0.0,0.93,0.4653,0.168738,0.0,0.93,0.5153,0.192176,0.0,0.93,0.4903,0.192176,0.0,0.93,0.58405,0.275,0.0,0.93,0.42155,0.275,0.0,0.93,0.635591,0.371369,0.0,0.93,0.380925,0.387735,0.0,0.93,0.595188,0.472913,0.0,0.93,0.405925,0.475,0.0,0.93,0.615501,0.491663,0.0,0.93,0.385612,0.49375,0.0,0.93,0.621751,0.468225,0.0,0.93,0.379362,0.470312,0.0,0.93,0.609251,0.479163,0.0,0.93,0.391862,0.48125,0.0,0.93,0.5653,0.459375,0.0,0.93,0.4403,0.459375,0.0,0.93,0.574675,0.58125,0.0,0.32,0.430925,0.58125,0.0,0.32,0.580925,0.684375,0.0,0.32,0.424675,0.684375,0.0,0.32,0.57155,0.7,0.0,0.32,0.43405,0.7,0.0,0.32,0.6153,0.69375,0.0,0.32,0.3903,0.69375,0.0,0.32,0.595188,0.472913,0.0,0.88,0.60041,0.510305,0.0,0.88,0.599605,0.522597,0.0,0.88,0.5988,0.534889,0.0,0.88,0.597996,0.547181,0.0,0.88,0.591734,0.506853,0.0,0.88,0.589165,0.518443,0.0,0.88,0.586597,0.530033,0.0,0.88,0.584028,0.541624,0.0,0.88,0.583058,0.503401,0.0,0.88,0.578725,0.514289,0.0,0.88,0.574393,0.525178,0.0,0.88,0.57006,0.536066,0.0,0.88,0.574382,0.499949,0.0,0.88,0.568285,0.510135,0.0,0.88,0.562189,0.520322,0.0,0.88,0.556093,0.530509,0.0,0.88,0.565706,0.496497,0.0,0.88,0.557845,0.505981,0.0,0.88,0.549985,0.515466,0.0,0.88,0.542125,0.524951,0.0,0.88,0.405925,0.475,0.0,0.61,0.397009,0.511687,0.0,0.61,0.396586,0.523998,0.0,0.61,0.396163,0.536309,0.0,0.61,0.395741,0.54862,0.0,0.61,0.405985,0.509115,0.0,0.61,0.407387,0.520904,0.0,0.61,0.40879,0.532692,0.0,0.61,0.410192,0.54448,0.0,0.61,0.414961,0.506544,0.0,0.61,0.418189,0.517809,0.0,0.61,0.421416,0.529075,0.0,0.61,0.424644,0.54034,0.0,0.61,0.423938,0.503972,0.0,0.61,0.42899,0.514715,0.0,0.61,0.434043,0.525457,0.0,0.61,0.439095,0.5362,0.0,0.61,0.432914,0.5014,0.0,0.61,0.439792,0.51162,0.0,0.61,0.446669,0.52184,0.0,0.61,0.453547,0.53206,0.0,0.61
fixture/demo,128,4.266667,0,0.503178,0.174642,0.0,0.93,0.512553,0.162142,0.0,0.93,0.520365,0.160579,0.0,0.93,0.528178,0.162142,0.0,0.93,0.493803,0.162142,0.0,0.93,0.48599,0.160579,0.0,0.93,0.478178,0.162142,0.0,0.93,0.540678,0.168392,0.0,0.93,0.465678,0.168392,0.0,0.93,0.515678,0.191829,0.0,0.93,0.490678,0.191829,0.0,0.93,0.584428,0.275,0.0,0.93,0.421928,0.275,0.0,0.93,0.636428,0.371209,0.0,0.93,0.381303,0.388188,0.0,0.93,0.597024,0.473226,0.0,0.93,0.406303,0.475,0.0,0.93,0.617337,0.491976,0.0,0.93,0.38599,0.49375,0.0,0.93,0.623587,0.468538,0.0,0.93,0.37974,0.470312,0.0,0.93,0.611087,0.479476,0.0,0.93,0.39224,0.48125,0.0,0.93,0.565678,0.459375,0.0,0.93,0.440678,0.459375,0.0,0.93,0.575053,0.58125,0.0,0.32,0.431303,0.58125,0.0,0.32,0.581303,0.684375,0.0,0.32,0.425053,0.684375,0.0,0.32,0.571928,0.7,0.0,0.32,0.434428,0.7,0.0,0.32,0.615678,0.69375,0.0,0.32,0.390678,0.69375,0.0,0.32,0.597024,0.473226,0.0,0.88,0.602623,0.510563,0.0,0.88,0.601942,0.522863,0.0,0.88,0.601262,0.535163,0.0,0.88,0.600581,0.547462,0.0,0.88,0.593912,0.507199,0.0,0.88,0.591461,0.518815,0.0,0.88,0.589009,0.53043,0.0,0.88,0.586558,0.542046,0.0,0.88,0.585202,0.503834,0.0,0.88,0.58098,0.514766,0.0,0.88,0.576757,0.525698,0.0,0.88,0.572535,0.536629,0.0,0.88,0.576492,0.50047,0.0,0.88,0.570498,0.510718,0.0,0.88,0.564505,0.520965,0.0,0.88,0.558512,0.531213,0.0,0.88,0.567781,0.497106,0.0,0.88,0.560017,0.506669,0.0,0.88,0.552253,0.516233,0.0,0.88,0.544489,0.525797,0.0,0.88,0.406303,0.475,0.0,0.61,0.397437,0.511699,0.0,0.61,0.397032,0.524011,0.0,0.61,0.396626,0.536323,0.0,0.61,0.39622,0.548635,0.0,0.61,0.40641,0.509115,0.0,0.61,0.407829,0.520902,0.0,0.61,0.409247,0.532688,0.0,0.61,0.410666,0.544474,0.0,0.61,0.415383,0.506531,0.0,0.61,0.418626,0.517792,0.0,0.61,0.421869,0.529053,0.0,0.61,0.425112,0.540314,0.0,0.61,0.424356,0.503947,0.0,0.61,0.429423,0.514683,0.0,0.61,0.43449,0.525419,0.0,0.61,0.439558,0.536154,0.0,0.61,0.433329,0.501363,0.0,0.61,0.44022,0.511573,0.0,0.61,0.447112,0.521784,0.0,0.61,0.454003,0.531994,0.0,0.61
fixture/demo,129,4.3,0,0.503547,0.174333,0.0,0.93,0.512922,0.161833,0.0,0.93,0.520734,0.16027,0.0,0.93,0.528547,0.161833,0.0,0.93,0.494172,0.161833,0.0,0.93,0.486359,0.16027,0.0,0.93,0.478547,0.161833,0.0,0.93,0.541047,0.168083,0.0,0.93,0.466047,0.168083,0.0,0.93,0.516047,0.19152,0.0,0.93,0.491047,0.19152,0.0,0.93,0.584797,0.275,0.0,0.93,0.422297,0.275,0.0,0.93,0.637309,0.371036,0.0,0.93,0.381672,0.388631,0.0,0.93,0.599028,0.473578,0.0,0.93,0.406672,0.475,0.0,0.93,0.619341,0.492328,0.0,0.93,0.386359,0.49375,0.0,0.93,0.625591,0.468891,0.0,0.93,0.380109,0.470312,0.0,0.93,0.613091,0.479828,0.0,0.93,0.392609,0.48125,0.0,0.93,0.566047,0.459375,0.0,0.93,0.441047,0.459375,0.0,0.93,0.575422,0.58125,0.0,0.32,0.431672,0.58125,0.0,0.32,0.581672,0.684375,0.0,0.32,0.425422,0.684375,0.0,0.32,0.572297,0.7,0.0,0.32,0.434797,0.7,0.0,0.32,0.616047,0.69375,0.0,0.32,0.391047,0.69375,0.0,0.32,0.599028,0.473578,0.0,0.88,0.605048,0.51085,0.0,0.88,0.604506,0.523156,0.0,0.88,0.603965,0.535463,0.0,0.88,0.603424,0.547769,0.0,0.88,0.5963,0.507584,0.0,0.88,0.59398,0.519227,0.0,0.88,0.59166,0.530869,0.0,0.88,0.58934,0.542512,0.0,0.88,0.587552,0.504318,0.0,0.88,0.583454,0.515297,0.0,0.88,0.579355,0.526276,0.0,0.88,0.575257,0.537254,0.0,0.88,0.578804,0.501053,0.0,0.88,0.572927,0.511367,0.0,0.88,0.56705,0.521682,0.0,0.88,0.561173,0.531997,0.0,0.88,0.570057,0.497787,0.0,0.88,0.562401,0.507438,0.0,0.88,0.554745,0.517088,0.0,0.88,0.54709,0.526739,0.0,0.88,0.406672,0.475,0.0,0.61,0.397856,0.511711,0.0,0.61,0.397468,0.524023,0.0,0.61,0.397079,0.536336,0.0,0.61,0.39669,0.548648,0.0,0.61,0.406826,0.509115,0.0,0.61,0.40826,0.520899,0.0,0.61,0.409695,0.532684,0.0,0.61,0.41113,0.544468,0.0,0.61,0.415795,0.506519,0.0,0.61,0.419053,0.517775,0.0,0.61,0.422312,0.529032,0.0,0.61,0.42557,0.540289,0.0,0.61,0.424764,0.503922,0.0,0.61,0.429846,0.514651,0.0,0.61,0.434928,0.52538,0.0,0.61,0.44001,0.536109,0.0,0.61,0.433734,0.501326,0.0,0.61,0.440639,0.511527,0.0,0.61,0.447545,0.521728,0.0,0.61,0.45445,0.531929,0.0,0.61
fixture/demo,130,4.333333,0,0.503906,0.174066,0.0,0.93,0.513281,0.161566,0.0,0.93,0.521094,0.160003,0.0,0.93,0.528906,0.161566,0.0,0.93,0.494531,0.161566,0.0,0.93,0.486719,0.160003,0.0,0.93,0.478906,0.161566,0.0,0.93,0.541406,0.167816,0.0,0.93,0.466406,0.167816,0.0,0.93,0.516406,0.191253,0.0,0.93,0.491406,0.191253,0.0,0.93,0.585156,0.275,0.0,0.93,0.422656,0.275,0.0,0.93,0.638229,0.370853,0.0,0.93,0.382031,0.389062,0.0,0.93,0.601193,0.473968,0.0,0.93,0.407031,0.475,0.0,0.93,0.621505,0.492718,0.0,0.93,0.386719,0.49375,0.0,0.93,0.627755,0.469281,0.0,0.93,0.380469,0.470312,0.0,0.93,0.615255,0.480218,0.0,0.93,0.392969,0.48125,0.0,0.93,0.566406,0.459375,0.0,0.93,0.441406,0.459375,0.0,0.93,0.575781,0.58125,0.0,0.32,0.432031,0.58125,0.0,0.32,0.582031,0.684375,0.0,0.32,0.425781,0.684375,0.0,0.32,0.572656,0.7,0.0,0.32,0.435156,0.7,0.0,0.32,0.616406,0.69375,0.0,0.32,0.391406,0.69375,0.0,0.32,0.601193,0.473968,0.0,0.88,0.607677,0.511162,0.0,0.88,0.607289,0.523474,0.0,0.88,0.606901,0.535787,0.0,0.88,0.606513,0.548099,0.0,0.88,0.598889,0.508006,0.0,0.88,0.596714,0.519676,0.0,0.88,0.59454,0.531347,0.0,0.88,0.592365,0.543018,0.0,0.88,0.590101,0.504849,0.0,0.88,0.58614,0.515878,0.0,0.88,0.582179,0.526907,0.0,0.88,0.578217,0.537936,0.0,0.88,0.581313,0.501693,0.0,0.88,0.575565,0.51208,0.0,0.88,0.569817,0.522467,0.0,0.88,0.564069,0.532855,0.0,0.88,0.572525,0.498537,0.0,0.88,0.564991,0.508282,0.0,0.88,0.557456,0.518028,0.0,0.88,0.549921,0.527773,0.0,0.88,0.407031,0.475,0.0,0.61,0.398265,0.511723,0.0,0.61,0.397893,0.524036,0.0,0.61,0.39752,0.536349,0.0,0.61,0.397148,0.548661,0.0,0.61,0.407231,0.509115,0.0,0.61,0.408681,0.520897,0.0,0.61,0.410132,0.53268,0.0,0.61,0.411582,0.544462,0.0,0.61,0.416197,0.506506,0.0,0.61,0.41947,0.517759,0.0,0.61,0.422744,0.529011,0.0,0.61,0.426017,0.540263,0.0,0.61,0.425163,0.503898,0.0,0.61,0.430259,0.51462,0.0,0.61,0.435355,0.525342,0.0,0.61,0.440451,0.536064,0.0,0.61,0.434128,0.50129,0.0,0.61,0.441048,0.511482,0.0,0.61,0.447967,0.521673,0.0,0.61,0.454886,0.531865,0.0,0.61
fixture/demo,131,4.366667,0,0.504255,0.173843,0.0,0.93,0.51363,0.161343,0.0,0.93,0.521442,0.15978,0.0,0.93,0.529255,0.161343,0.0,0.93,0.49488,0.161343,0.0,0.93,0.487067,0.15978,0.0,0.93,0.479255,0.161343,0.0,0.93,0.541755,0.167593,0.0,0.93,0.466755,0.167593,0.0,0.93,0.516755,0.19103,0.0,0.93,0.491755,0.19103,0.0,0.93,0.585505,0.275,0.0,0.93,0.423005,0.275,0.0,0.93,0.639185,0.370663,0.0,0.93,0.38238,0.389481,0.0,0.93,0.603511,0.474396,0.0,0.93,0.40738,0.475,0.0,0.93,0.623824,0.493146,0.0,0.93,0.387067,0.49375,0.0,0.93,0.630074,0.469708,0.0,0.93,0.380817,0.470312,0.0,0.93,0.617574,0.480646,0.0,0.93,0.393317,0.48125,0.0,0.93,0.566755,0.459375,0.0,0.93,0.441755,0.459375,0.0,0.93,0.57613,0.58125,0.0,0.32,0.43238,0.58125,0.0,0.32,0.58238,0.684375,0.0,0.32,0.42613,0.684375,0.0,0.32,0.573005,0.7,0.0,0.32,0.435505,0.7,0.0,0.32,0.616755,0.69375,0.0,0.32,0.391755,0.69375,0.0,0.32,0.603511,0.474396,0.0,0.88,0.610501,0.511498,0.0,0.88,0.61028,0.523814,0.0,0.88,0.61006,0.536131,0.0,0.88,0.609839,0.548447,0.0,0.88,0.601671,0.508461,0.0,0.88,0.599655,0.52016,0.0,0.88,0.597639,0.53186,0.0,0.88,0.595623,0.543559,0.0,0.88,0.592841,0.505425,0.0,0.88,0.58903,0.516506,0.0,0.88,0.585219,0.527588,0.0,0.88,0.581408,0.53867,0.0,0.88,0.584011,0.502388,0.0,0.88,0.578405,0.512852,0.0,0.88,0.572798,0.523317,0.0,0.88,0.567192,0.533781,0.0,0.88,0.575181,0.499352,0.0,0.88,0.567779,0.509199,0.0,0.88,0.560378,0.519046,0.0,0.88,0.552976,0.528893,0.0,0.88,0.40738,0.475,0.0,0.61,0.398662,0.511734,0.0,0.61,0.398306,0.524048,0.0,0.61,0.39795,0.536361,0.0,0.61,0.397593,0.548674,0.0,0.61,0.407624,0.509114,0.0,0.61,0.40909,0.520895,0.0,0.61,0.410556,0.532676,0.0,0.61,0.412022,0.544456,0.0,0.61,0.416587,0.506494,0.0,0.61,0.419875,0.517742,0.0,0.61,0.423163,0.52899,0.0,0.61,0.426451,0.540238,0.0,0.61,0.425549,0.503874,0.0,0.61,0.43066,0.51459,0.0,0.61,0.43577,0.525305,0.0,0.61,0.44088,0.53602,0.0,0.61,0.434512,0.501254,0.0,0.61,0.441444,0.511437,0.0,0.61,0.448377,0.52162,0.0,0.61,0.455309,0.531802,0.0,0.61
fixture/demo,132,4.4,0,0.504592,0.173667,0.0,0.93,0.513967,0.161167,0.0,0.93,0.52178,0.159604,0.0,0.93,0.529592,0.161167,0.0,0.93,0.495217,0.161167,0.0,0.93,0.487405,0.159604,0.0,0.93,0.479592,0.161167,0.0,0.93,0.542092,0.167417,0.0,0.93,0.467092,0.167417,0.0,0.93,0.517092,0.190854,0.0,0.93,0.492092,0.190854,0.0,0.93,0.585842,0.275,0.0,0.93,0.423342,0.275,0.0,0.93,0.640173,0.37047,0.0,0.93,0.382717,0.389885,0.0,0.93,0.605977,0.474859,0.0,0.93,0.407717,0.475,0.0,0.93,0.62629,0.493609,0.0,0.93,0.387405,0.49375,0.0,0.93,0.63254,0.470172,0.0,0.93,0.381155,0.470312,0.0,0.93,0.62004,0.481109,0.0,0.93,0.393655,0.48125,0.0,0.93,0.567092,0.459375,0.0,0.93,0.442092,0.459375,0.0,0.93,0.576467,0.58125,0.0,0.32,0.432717,0.58125,0.0,0.32,0.582717,0.684375,0.0,0.32,0.426467,0.684375,0.0,0.32,0.573342,0.7,0.0,0.32,0.435842,0.7,0.0,0.32,0.617092,0.69375,0.0,0.32,0.392092,0.69375,0.0,0.32,0.605977,0.474859,0.0,0.88,0.61351,0.511855,0.0,0.88,0.61347,0.524173,0.0,0.88,0.61343,0.536492,0.0,0.88,0.61339,0.54881,0.0,0.88,0.604636,0.508948,0.0,0.88,0.602792,0.520675,0.0,0.88,0.600948,0.532403,0.0,0.88,0.599104,0.54413,0.0,0.88,0.595763,0.506041,0.0,0.88,0.592114,0.517178,0.0,0.88,0.588466,0.528314,0.0,0.88,0.584818,0.53945,0.0,0.88,0.586889,0.503134,0.0,0.88,0.581437,0.51368,0.0,0.88,0.575985,0.524225,0.0,0.88,0.570532,0.534771,0.0,0.88,0.578016,0.500228,0.0,0.88,0.570759,0.510182,0.0,0.88,0.563503,0.520136,0.0,0.88,0.556247,0.530091,0.0,0.88,0.407717,0.475,0.0,0.61,0.399046,0.511745,0.0,0.61,0.398706,0.524059,0.0,0.61,0.398365,0.536373,0.0,0.61,0.398025,0.548687,0.0,0.61,0.408005,0.509114,0.0,0.61,0.409486,0.520893,0.0,0.61,0.410967,0.532672,0.0,0.61,0.412448,0.54445,0.0,0.61,0.416964,0.506483,0.0,0.61,0.420267,0.517726,0.0,0.61,0.423569,0.52897,0.0,0.61,0.426872,0.540214,0.0,0.61,0.425923,0.503851,0.0,0.61,0.431047,0.51456,0.0,0.61,0.436171,0.525269,0.0,0.61,0.441295,0.535977,0.0,0.61,0.434882,0.50122,0.0,0.61,0.441828,0.511393,0.0,0.61,0.448773,0.521567,0.0,0.61,0.455719,0.531741,0.0,0.61
fixture/demo,133,4.433333,0,0.504917,0.17354,0.0,0.93,0.514292,0.16104,0.0,0.93,0.522104,0.159477,0.0,0.93,0.529917,0.16104,0.0,0.93,0.495542,0.16104,0.0,0.93,0.487729,0.159477,0.0,0.93,0.479917,0.16104,0.0,0.93,0.542417,0.16729,0.0,0.93,0.467417,0.16729,0.0,0.93,0.517417,0.190727,0.0,0.93,0.492417,0.190727,0.0,0.93,0.586167,0.275,0.0,0.93,0.423667,0.275,0.0,0.93,0.641191,0.370276,0.0,0.93,0.383042,0.390275,0.0,0.93,0.608583,0.475357,0.0,0.93,0.408042,0.475,0.0,0.93,0.628895,0.494107,0.0,0.93,0.387729,0.49375,0.0,0.93,0.635145,0.47067,0.0,0.93,0.381479,0.470312,0.0,0.93,0.622645,0.481607,0.0,0.93,0.393979,0.48125,0.0,0.93,0.567417,0.459375,0.0,0.93,0.442417,0.459375,0.0,0.93,0.576792,0.58125,0.0,0.32,0.433042,0.58125,0.0,0.32,0.583042,0.684375,0.0,0.32,0.426792,0.684375,0.0,0.32,0.573667,0.7,0.0,0.32,0.436167,0.7,0.0,0.32,0.617417,0.69375,0.0,0.32,0.392417,0.69375,0.0,0.32,0.608583,0.475357,0.0,0.88,0.616694,0.51223,0.0,0.88,0.616847,0.524548,0.0,0.88,0.617,0.536865,0.0,0.88,0.617154,0.549183,0.0,0.88,0.607776,0.509463,0.0,0.88,0.606116,0.521218,0.0,0.88,0.604456,0.532973,0.0,0.88,0.602796,0.544727,0.0,0.88,0.598858,0.506695,0.0,0.88,0.595385,0.517888,0.0,0.88,0.591912,0.52908,0.0,0.88,0.588439,0.540272,0.0,0.88,0.58994,0.503928,0.0,0.88,0.584654,0.514558,0.0,0.88,0.579368,0.525187,0.0,0.88,0.574081,0.535817,0.0,0.88,0.581022,0.501161,0.0,0.88,0.573923,0.511228,0.0,0.88,0.566823,0.521295,0.0,0.88,0.559724,0.531362,0.0,0.88,0.408042,0.475,0.0,0.61,0.399416,0.511756,0.0,0.61,0.399091,0.52407,0.0,0.61,0.398766,0.536385,0.0,0.61,0.398441,0.548699,0.0,0.61,0.408372,0.509114,0.0,0.61,0.409868,0.520891,0.0,0.61,0.411363,0.532667,0.0,0.61,0.412859,0.544444,0.0,0.61,0.417328,0.506471,0.0,0.61,0.420644,0.517711,0.0,0.61,0.423961,0.52895,0.0,0.61,0.427277,0.54019,0.0,0.61,0.426284,0.503828,0.0,0.61,0.431421,0.514531,0.0,0.61,0.436558,0.525233,0.0,0.61,0.441696,0.535936,0.0,0.61,0.435239,0.501186,0.0,0.61,0.442197,0.511351,0.0,0.61,0.449156,0.521516,0.0,0.61,0.456114,0.531681,0.0,0.61
fixture/demo,134,4.466667,0,0.505228,0.173463,0.0,0.93,0.514603,0.160963,0.0,0.93,0.522415,0.159401,0.0,0.93,0.530228,0.160963,0.0,0.93,0.495853,0.160963,0.0,0.93,0.48804,0.159401,0.0,0.93,0.480228,0.160963,0.0,0.93,0.542728,0.167213,0.0,0.93,0.467728,0.167213,0.0,0.93,0.517728,0.190651,0.0,0.93,0.492728,0.190651,0.0,0.93,0.586478,0.275,0.0,0.93,0.423978,0.275,0.0,0.93,0.642233,0.370085,0.0,0.93,0.383353,0.390648,0.0,0.93,0.61132,0.475888,0.0,0.93,0.408353,0.475,0.0,0.93,0.631633,0.494638,0.0,0.93,0.38804,0.49375,0.0,0.93,0.637883,0.471201,0.0,0.93,0.38179,0.470312,0.0,0.93,0.625383,0.482138,0.0,0.93,0.39429,0.48125,0.0,0.93,0.567728,0.459375,0.0,0.93,0.442728,0.459375,0.0,0.93,0.577103,0.58125,0.0,0.32,0.433353,0.58125,0.0,0.32,0.583353,0.684375,0.0,0.32,0.427103,0.684375,0.0,0.32,0.573978,0.7,0.0,0.32,0.436478,0.7,0.0,0.32,0.617728,0.69375,0.0,0.32,0.392728,0.69375,0.0,0.32,0.61132,0.475888,0.0,0.88,0.620044,0.512621,0.0,0.88,0.620402,0.524935,0.0,0.88,0.62076,0.537248,0.0,0.88,0.621118,0.549561,0.0,0.88,0.611081,0.510003,0.0,0.88,0.609617,0.521784,0.0,0.88,0.608152,0.533565,0.0,0.88,0.606688,0.545345,0.0,0.88,0.602118,0.507384,0.0,0.88,0.598832,0.518633,0.0,0.88,0.595545,0.529881,0.0,0.88,0.592259,0.541129,0.0,0.88,0.593155,0.504765,0.0,0.88,0.588047,0.515481,0.0,0.88,0.582938,0.526197,0.0,0.88,0.577829,0.536914,0.0,0.88,0.584193,0.502147,0.0,0.88,0.577262,0.51233,0.0,0.88,0.570331,0.522514,0.0,0.88,0.5634,0.532698,0.0,0.88,0.408353,0.475,0.0,0.61,0.399771,0.511767,0.0,0.61,0.399461,0.524081,0.0,0.61,0.399151,0.536396,0.0,0.61,0.39884,0.54871,0.0,0.61,0.408724,0.509113,0.0,0.61,0.410234,0.520888,0.0,0.61,0.411744,0.532663,0.0,0.61,0.413253,0.544439,0.0,0.61,0.417677,0.50646,0.0,0.61,0.421007,0.517696,0.0,0.61,0.424337,0.528931,0.0,0.61,0.427667,0.540167,0.0,0.61,0.426629,0.503807,0.0,0.61,0.431779,0.514503,0.0,0.61,0.43693,0.525199,0.0,0.61,0.44208,0.535895,0.0,0.61,0.435582,0.501153,0.0,0.61,0.442552,0.51131,0.0,0.61,0.449522,0.521467,0.0,0.61,0.456493,0.531623,0.0,0.61
fixture/demo,135,4.5,0,0.505524,0.173438,0.0,0.93,0.514899,0.160938,0.0,0.93,0.522712,0.159375,0.0,0.93,0.530524,0.160938,0.0,0.93,0.496149,0.160938,0.0,0.93,0.488337,0.159375,0.0,0.93,0.480524,0.160938,0.0,0.93,0.543024,0.167188,0.0,0.93,0.468024,0.167188,0.0,0.93,0.518024,0.190625,0.0,0.93,0.493024,0.190625,0.0,0.93,0.586774,0.275,0.0,0.93,0.424274,0.275,0.0,0.93,0.643298,0.3699,0.0,0.93,0.383649,0.391004,0.0,0.93,0.614182,0.476451,0.0,0.93,0.408649,0.475,0.0,0.93,0.634495,0.495201,0.0,0.93,0.388337,0.49375,0.0,0.93,0.640745,0.471764,0.0,0.93,0.382087,0.470312,0.0,0.93,0.628245,0.482701,0.0,0.93,0.394587,0.48125,0.0,0.93,0.568024,0.459375,0.0,0.93,0.443024,0.459375,0.0,0.93,0.577399,0.58125,0.0,0.32,0.433649,0.58125,0.0,0.32,0.583649,0.684375,0.0,0.32,0.427399,0.684375,0.0,0.32,0.574274,0.7,0.0,0.32,0.436774,0.7,0.0,0.32,0.618024,0.69375,0.0,0.32,0.393024,0.69375,0.0,0.32,0.614182,0.476451,0.0,0.88,0.623548,0.513026,0.0,0.88,0.624121,0.525331,0.0,0.88,0.624695,0.537636,0.0,0.88,0.625269,0.549941,0.0,0.88,0.614541,0.510565,0.0,0.88,0.613283,0.52237,0.0,0.88,0.612025,0.534174,0.0,0.88,0.610768,0.545979,0.0,0.88,0.605533,0.508104,0.0,0.88,0.602444,0.519408,0.0,0.88,0.599355,0.530712,0.0,0.88,0.596266,0.542017,0.0,0.88,0.596526,0.505642,0.0,0.88,0.591606,0.516446,0.0,0.88,0.586686,0.52725,0.0,0.88,0.581765,0.538054,0.0,0.88,0.587519,0.503181,0.0,0.88,0.580767,0.513485,0.0,0.88,0.574016,0.523788,0.0,0.88,0.567264,0.534092,0.0,0.88,0.408649,0.475,0.0,0.61,0.400111,0.511776,0.0,0.61,0.399814,0.524091,0.0,0.61,0.399518,0.536406,0.0,0.61,0.399222,0.548721,0.0,0.61,0.40906,0.509113,0.0,0.61,0.410583,0.520886,0.0,0.61,0.412107,0.53266,0.0,0.61,0.41363,0.544433,0.0,0.61,0.41801,0.506449,0.0,0.61,0.421353,0.517681,0.0,0.61,0.424696,0.528913,0.0,0.61,0.428038,0.540145,0.0,0.61,0.426959,0.503785,0.0,0.61,0.432122,0.514476,0.0,0.61,0.437284,0.525166,0.0,0.61,0.442447,0.535856,0.0,0.61,0.435909,0.501122,0.0,0.61,0.442891,0.51127,0.0,0.61,0.449873,0.521419,0.0,0.61,0.456855,0.531568,0.0,0.61
fixture/demo,136,4.533333,0,0.505806,0.173463,0.0,0.93,0.515181,0.160963,0.0,0.93,0.522993,0.159401,0.0,0.93,0.530806,0.160963,0.0,0.93,0.496431,0.160963,0.0,0.93,0.488618,0.159401,0.0,0.93,0.480806,0.160963,0.0,0.93,0.543306,0.167213,0.0,0.93,0.468306,0.167213,0.0,0.93,0.518306,0.190651,0.0,0.93,0.493306,0.190651,0.0,0.93,0.587056,0.275,0.0,0.93,0.424556,0.275,0.0,0.93,0.644381,0.369724,0.0,0.93,0.383931,0.391342,0.0,0.93,0.617161,0.477045,0.0,0.93,0.408931,0.475,0.0,0.93,0.637473,0.495795,0.0,0.93,0.388618,0.49375,0.0,0.93,0.643723,0.472357,0.0,0.93,0.382368,0.470312,0.0,0.93,0.631223,0.483295,0.0,0.93,0.394868,0.48125,0.0,0.93,0.568306,0.459375,0.0,0.93,0.443306,0.459375,0.0,0.93,0.577681,0.58125,0.0,0.32,0.433931,0.58125,0.0,0.32,0.583931,0.684375,0.0,0.32,0.427681,0.684375,0.0,0.32,0.574556,0.7,0.0,0.32,0.437056,0.7,0.0,0.32,0.618306,0.69375,0.0,0.32,0.393306,0.69375,0.0,0.32,0.617161,0.477045,0.0,0.88,0.627195,0.513441,0.0,0.88,0.627995,0.525734,0.0,0.88,0.628794,0.538027,0.0,0.88,0.629593,0.550319,0.0,0.88,0.618145,0.511146,0.0,0.88,0.617104,0.522972,0.0,0.88,0.616063,0.534797,0.0,0.88,0.615022,0.546623,0.0,0.88,0.609094,0.50885,0.0,0.88,0.606213,0.520209,0.0,0.88,0.603332,0.531568,0.0,0.88,0.600451,0.542928,0.0,0.88,0.600043,0.506555,0.0,0.88,0.595322,0.517447,0.0,0.88,0.5906,0.528339,0.0,0.88,0.585879,0.539232,0.0,0.88,0.590992,0.504259,0.0,0.88,0.58443,0.514685,0.0,0.88,0.577869,0.52511,0.0,0.88,0.571308,0.535536,0.0,0.88,0.408931,0.475,0.0,0.61,0.400433,0.511786,0.0,0.61,0.40015,0.524101,0.0,0.61,0.399868,0.536416,0.0,0.61,0.399585,0.548732,0.0,0.61,0.409379,0.509112,0.0,0.61,0.410916,0.520884,0.0,0.61,0.412452,0.532656,0.0,0.61,0.413988,0.544427,0.0,0.61,0.418326,0.506439,0.0,0.61,0.421681,0.517667,0.0,0.61,0.425037,0.528895,0.0,0.61,0.428392,0.540123,0.0,0.61,0.427272,0.503765,0.0,0.61,0.432447,0.51445,0.0,0.61,0.437621,0.525134,0.0,0.61,0.442795,0.535819,0.0,0.61,0.436219,0.501092,0.0,0.61,0.443212,0.511233,0.0,0.61,0.450206,0.521374,0.0,0.61,0.457199,0.531515,0.0,0.61
fixture/demo,137,4.566667,0,0.506071,0.17354,0.0,0.93,0.515446,0.16104,0.0,0.93,0.523259,0.159477,0.0,0.93,0.531071,0.16104,0.0,0.93,0.496696,0.16104,0.0,0.93,0.488884,0.159477,0.0,0.93,0.481071,0.16104,0.0,0.93,0.543571,0.16729,0.0,0.93,0.468571,0.16729,0.0,0.93,0.518571,0.190727,0.0,0.93,0.493571,0.190727,0.0,0.93,0.587321,0.275,0.0,0.93,0.424821,0.275,0.0,0.93,0.645479,0.36956,0.0,0.93,0.384196,0.391661,0.0,0.93,0.620247,0.477667,0.0,0.93,0.409196,0.475,0.0,0.93,0.64056,0.496417,0.0,0.93,0.388884,0.49375,0.0,0.93,0.64681,0.472979,0.0,0.93,0.382634,0.470312,0.0,0.93,0.63431,0.483917,0.0,0.93,0.395134,0.48125,0.0,0.93,0.568571,0.459375,0.0,0.93,0.443571,0.459375,0.0,0.93,0.577946,0.58125,0.0,0.32,0.434196,0.58125,0.0,0.32,0.584196,0.684375,0.0,0.32,0.427946,0.684375,0.0,0.32,0.574821,0.7,0.0,0.32,0.437321,0.7,0.0,0.32,0.618571,0.69375,0.0,0.32,0.393571,0.69375,0.0,0.32,0.620247,0.477667,0.0,0.88,0.630975,0.513865,0.0,0.88,0.632009,0.52614,0.0,0.88,0.633043,0.538415,0.0,0.88,0.634077,0.55069,0.0,0.88,0.621882,0.511743,0.0,0.88,0.621068,0.523586,0.0,0.88,0.620253,0.53543,0.0,0.88,0.619438,0.547273,0.0,0.88,0.612789,0.509621,0.0,0.88,0.610126,0.521033,0.0,0.88,0.607462,0.532445,0.0,0.88,0.604799,0.543857,0.0,0.88,0.603696,0.507498,0.0,0.88,0.599184,0.518479,0.0,0.88,0.594672,0.529459,0.0,0.88,0.590159,0.54044,0.0,0.88,0.594603,0.505376,0.0,0.88,0.588242,0.515925,0.0,0.88,0.581881,0.526474,0.0,0.88,0.57552,0.537023,0.0,0.88,0.409196,0.475,0.0,0.61,0.400737,0.511795,0.0,0.61,0.400467,0.52411,0.0,0.61,0.400198,0.536426,0.0,0.61,0.399928,0.548741,0.0,0.61,0.409681,0.509112,0.0,0.61,0.411229,0.520882,0.0,0.61,0.412778,0.532652,0.0,0.61,0.414327,0.544422,0.0,0.61,0.418624,0.506429,0.0,0.61,0.421992,0.517653,0.0,0.61,0.425359,0.528878,0.0,0.61,0.428726,0.540103,0.0,0.61,0.427568,0.503746,0.0,0.61,0.432754,0.514425,0.0,0.61,0.437939,0.525104,0.0,0.61,0.443125,0.535783,0.0,0.61,0.436512,0.501063,0.0,0.61,0.443516,0.511197,0.0,0.61,0.45052,0.52133,0.0,0.61,0.457524,0.531464,0.0,0.61
fixture/demo,138,4.6,0,0.50632,0.173667,0.0,0.93,0.515695,0.161167,0.0,0.93,0.523508,0.159604,0.0,0.93,0.53132,0.161167,0.0,0.93,0.496945,0.161167,0.0,0.93,0.489133,0.159604,0.0,0.93,0.48132,0.161167,0.0,0.93,0.54382,0.167417,0.0,0.93,0.46882,0.167417,0.0,0.93,0.51882,0.190854,0.0,0.93,0.49382,0.190854,0.0,0.93,0.58757,0.275,0.0,0.93,0.42507,0.275,0.0,0.93,0.64659,0.36941,0.0,0.93,0.384445,0.39196,0.0,0.93,0.623434,0.478316,0.0,0.93,0.409445,0.475,0.0,0.93,0.643746,0.497066,0.0,0.93,0.389133,0.49375,0.0,0.93,0.649996,0.473628,0.0,0.93,0.382883,0.470312,0.0,0.93,0.637496,0.484566,0.0,0.93,0.395383,0.48125,0.0,0.93,0.56882,0.459375,0.0,0.93,0.44382,0.459375,0.0,0.93,0.578195,0.58125,0.0,0.32,0.434445,0.58125,0.0,0.32,0.584445,0.684375,0.0,0.32,0.428195,0.684375,0.0,0.32,0.57507,0.7,0.0,0.32,0.43757,0.7,0.0,0.32,0.61882,0.69375,0.0,0.32,0.39382,0.69375,0.0,0.32,0.623434,0.478316,0.0,0.88,0.634876,0.514295,0.0,0.88,0.636153,0.526547,0.0,0.88,0.637429,0.538799,0.0,0.88,0.638706,0.551051,0.0,0.88,0.625743,0.512353,0.0,0.88,0.625163,0.52421,0.0,0.88,0.624582,0.536068,0.0,0.88,0.624002,0.547925,0.0,0.88,0.61661,0.510411,0.0,0.88,0.614172,0.521873,0.0,0.88,0.611735,0.533336,0.0,0.88,0.609298,0.544798,0.0,0.88,0.607476,0.508469,0.0,0.88,0.603182,0.519537,0.0,0.88,0.598888,0.530604,0.0,0.88,0.594594,0.541672,0.0,0.88,0.598343,0.506527,0.0,0.88,0.592192,0.5172,0.0,0.88,0.586041,0.527873,0.0,0.88,0.57989,0.538545,0.0,0.88,0.409445,0.475,0.0,0.61,0.401022,0.511803,0.0,0.61,0.400765,0.524119,0.0,0.61,0.400507,0.536435,0.0,0.61,0.40025,0.548751,0.0,0.61,0.409963,0.509111,0.0,0.61,0.411524,0.52088,0.0,0.61,0.413084,0.532648,0.0,0.61,0.414645,0.544417,0.0,0.61,0.418905,0.50642,0.0,0.61,0.422283,0.517641,0.0,0.61,0.425661,0.528862,0.0,0.61,0.429039,0.540083,0.0,0.61,0.427846,0.503728,0.0,0.61,0.433042,0.514402,0.0,0.61,0.438238,0.525076,0.0,0.61,0.443434,0.53575,0.0,0.61,0.436787,0.501036,0.0,0.61,0.443801,0.511163,0.0,0.61,0.450815,0.521289,0.0,0.61,0.457829,0.531416,0.0,0.61
fixture/demo,139,4.633333,0,0.506552,0.173843,0.0,0.93,0.515927,0.161343,0.0,0.93,0.52374,0.15978,0.0,0.93,0.531552,0.161343,0.0,0.93,0.497177,0.161343,0.0,0.93,0.489365,0.15978,0.0,0.93,0.481552,0.161343,0.0,0.93,0.544052,0.167593,0.0,0.93,0.469052,0.167593,0.0,0.93,0.519052,0.19103,0.0,0.93,0.494052,0.19103,0.0,0.93,0.587802,0.275,0.0,0.93,0.425302,0.275,0.0,0.93,0.647711,0.369279,0.0,0.93,0.384677,0.392238,0.0,0.93,0.626712,0.47899,0.0,0.93,0.409677,0.475,0.0,0.93,0.647025,0.49774,0.0,0.93,0.389365,0.49375,0.0,0.93,0.653275,0.474303,0.0,0.93,0.383115,0.470312,0.0,0.93,0.640775,0.48524,0.0,0.93,0.395615,0.48125,0.0,0.93,0.569052,0.459375,0.0,0.93,0.444052,0.459375,0.0,0.93,0.578427,0.58125,0.0,0.32,0.434677,0.58125,0.0,0.32,0.584677,0.684375,0.0,0.32,0.428427,0.684375,0.0,0.32,0.575302,0.7,0.0,0.32,0.437802,0.7,0.0,0.32,0.619052,0.69375,0.0,0.32,0.394052,0.69375,0.0,0.32,0.626712,0.47899,0.0,0.88,0.638886,0.514728,0.0,0.88,0.640412,0.526952,0.0,0.88,0.641939,0.539175,0.0,0.88,0.643465,0.551399,0.0,0.88,0.629715,0.512973,0.0,0.88,0.629377,0.52484,0.0,0.88,0.629038,0.536706,0.0,0.88,0.6287,0.548573,0.0,0.88,0.620544,0.511218,0.0,0.88,0.618341,0.522727,0.0,0.88,0.616138,0.534237,0.0,0.88,0.613935,0.545747,0.0,0.88,0.611373,0.509462,0.0,0.88,0.607306,0.520615,0.0,0.88,0.603238,0.531768,0.0,0.88,0.59917,0.542921,0.0,0.88,0.602202,0.507707,0.0,0.88,0.59627,0.518503,0.0,0.88,0.590338,0.529299,0.0,0.88,0.584406,0.540095,0.0,0.88,0.409677,0.475,0.0,0.61,0.401288,0.511811,0.0,0.61,0.401042,0.524127,0.0,0.61,0.400796,0.536443,0.0,0.61,0.40055,0.548759,0.0,0.61,0.410227,0.509111,0.0,0.61,0.411798,0.520878,0.0,0.61,0.413369,0.532645,0.0,0.61,0.414941,0.544412,0.0,0.61,0.419165,0.506411,0.0,0.61,0.422554,0.517629,0.0,0.61,0.425943,0.528847,0.0,0.61,0.429331,0.540065,0.0,0.61,0.428104,0.503711,0.0,0.61,0.43331,0.51438,0.0,0.61,0.438516,0.525049,0.0,0.61,0.443722,0.535718,0.0,0.61,0.437043,0.501011,0.0,0.61,0.444066,0.511131,0.0,0.61,0.451089,0.521251,0.0,0.61,0.458112,0.531371,0.0,0.61
fixture/demo,140,4.666667,0,0.506766,0.174066,0.0,0.93,0.516141,0.161566,0.0,0.93,0.523953,0.160003,0.0,0.93,0.531766,0.161566,0.0,0.93,0.497391,0.161566,0.0,0.93,0.489578,0.160003,0.0,0.93,0.481766,0.161566,0.0,0.93,0.544266,0.167816,0.0,0.93,0.469266,0.167816,0.0,0.93,0.519266,0.191253,0.0,0.93,0.494266,0.191253,0.0,0.93,0.588016,0.275,0.0,0.93,0.425516,0.275,0.0,0.93,0.648839,0.369167,0.0,0.93,0.384891,0.392494,0.0,0.93,0.630074,0.479688,0.0,0.93,0.409891,0.475,0.0,0.93,0.650387,0.498438,0.0,0.93,0.389578,0.49375,0.0,0.93,0.656637,0.475,0.0,0.93,0.383328,0.470312,0.0,0.93,0.644137,0.485938,0.0,0.93,0.395828,0.48125,0.0,0.93,0.569266,0.459375,0.0,0.93,0.444266,0.459375,0.0,0.93,0.578641,0.58125,0.0,0.32,0.434891,0.58125,0.0,0.32,0.584891,0.684375,0.0,0.32,0.428641,0.684375,0.0,0.32,0.575516,0.7,0.0,0.32,0.438016,0.7,0.0,0.32,0.619266,0.69375,0.0,0.32,0.394266,0.69375,0.0,0.32,0.630074,0.479688,0.0,0.88,0.642994,0.515163,0.0,0.88,0.644775,0.527352,0.0,0.88,0.646557,0.539541,0.0,0.88,0.648339,0.55173,0.0,0.88,0.633788,0.5136,0.0,0.88,0.633698,0.525471,0.0,0.88,0.633608,0.537342,0.0,0.88,0.633518,0.549214,0.0,0.88,0.624582,0.512037,0.0,0.88,0.62262,0.52359,0.0,0.88,0.620659,0.535144,0.0,0.88,0.618697,0.546697,0.0,0.88,0.615376,0.510474,0.0,0.88,0.611543,0.52171,0.0,0.88,0.60771,0.532945,0.0,0.88,0.603877,0.544181,0.0,0.88,0.60617,0.508911,0.0,0.88,0.600466,0.519829,0.0,0.88,0.594761,0.530747,0.0,0.88,0.589056,0.541665,0.0,0.88,0.409891,0.475,0.0,0.61,0.401534,0.511818,0.0,0.61,0.401298,0.524134,0.0,0.61,0.401063,0.536451,0.0,0.61,0.400827,0.548767,0.0,0.61,0.41047,0.50911,0.0,0.61,0.412051,0.520876,0.0,0.61,0.413633,0.532642,0.0,0.61,0.415214,0.544407,0.0,0.61,0.419406,0.506403,0.0,0.61,0.422804,0.517618,0.0,0.61,0.426203,0.528833,0.0,0.61,0.429601,0.540048,0.0,0.61,0.428342,0.503695,0.0,0.61,0.433557,0.514359,0.0,0.61,0.438773,0.525024,0.0,0.61,0.443988,0.535689,0.0,0.61,0.437279,0.500987,0.0,0.61,0.444311,0.511101,0.0,0.61,0.451343,0.521215,0.0,0.61,0.458375,0.531329,0.0,0.61
fixture/demo,141,4.7,0,0.506961,0.174333,0.0,0.93,0.516336,0.161833,0.0,0.93,0.524148,0.16027,0.0,0.93,0.531961,0.161833,0.0,0.93,0.497586,0.161833,0.0,0.93,0.489773,0.16027,0.0,0.93,0.481961,0.161833,0.0,0.93,0.544461,0.168083,0.0,0.93,0.469461,0.168083,0.0,0.93,0.519461,0.19152,0.0,0.93,0.494461,0.19152,0.0,0.93,0.588211,0.275,0.0,0.93,0.425711,0.275,0.0,0.93,0.649971,0.369078,0.0,0.93,0.385086,0.392728,0.0,0.93,0.633511,0.480406,0.0,0.93,0.410086,0.475,0.0,0.93,0.653824,0.499156,0.0,0.93,0.389773,0.49375,0.0,0.93,0.660074,0.475719,0.0,0.93,0.383523,0.470312,0.0,0.93,0.647574,0.486656,0.0,0.93,0.396023,0.48125,0.0,0.93,0.569461,0.459375,0.0,0.93,0.444461,0.459375,0.0,0.93,0.578836,0.58125,0.0,0.32,0.435086,0.58125,0.0,0.32,0.585086,0.684375,0.0,0.32,0.428836,0.684375,0.0,0.32,0.575711,0.7,0.0,0.32,0.438211,0.7,0.0,0.32,0.619461,0.69375,0.0,0.32,0.394461,0.69375,0.0,0.32,0.633511,0.480406,0.0,0.88,0.647186,0.515597,0.0,0.88,0.649228,0.527746,0.0,0.88,0.65127,0.539894,0.0,0.88,0.653313,0.552042,0.0,0.88,0.637949,0.514232,0.0,0.88,0.638113,0.526102,0.0,0.88,0.638277,0.537973,0.0,0.88,0.638441,0.549843,0.0,0.88,0.628712,0.512866,0.0,0.88,0.626998,0.524459,0.0,0.88,0.625284,0.536051,0.0,0.88,0.62357,0.547644,0.0,0.88,0.619475,0.5115,0.0,0.88,0.615883,0.522815,0.0,0.88,0.612291,0.53413,0.0,0.88,0.608699,0.545446,0.0,0.88,0.610238,0.510135,0.0,0.88,0.604768,0.521172,0.0,0.88,0.599298,0.532209,0.0,0.88,0.593828,0.543247,0.0,0.88,0.410086,0.475,0.0,0.61,0.401758,0.511825,0.0,0.61,0.401532,0.524141,0.0,0.61,0.401306,0.536458,0.0,0.61,0.401081,0.548774,0.0,0.61,0.410692,0.50911,0.0,0.61,0.412283,0.520874,0.0,0.61,0.413873,0.532639,0.0,0.61,0.415464,0.544403,0.0,0.61,0.419626,0.506395,0.0,0.61,0.423033,0.517608,0.0,0.61,0.42644,0.52882,0.0,0.61,0.429847,0.540033,0.0,0.61,0.42856,0.50368,0.0,0.61,0.433784,0.514341,0.0,0.61,0.439007,0.525001,0.0,0.61,0.444231,0.535662,0.0,0.61,0.437494,0.500965,0.0,0.61,0.444534,0.511074,0.0,0.61,0.451574,0.521183,0.0,0.61,0.458614,0.531291,0.0,0.61
fixture/demo,142,4.733333,0,0.507137,0.174642,0.0,0.93,0.516512,0.162142,0.0,0.93,0.524325,0.160579,0.0,0.93,0.532137,0.162142,0.0,0.93,0.497762,0.162142,0.0,0.93,0.48995,0.160579,0.0,0.93,0.482137,0.162142,0.0,0.93,0.544637,0.168392,0.0,0.93,0.469637,0.168392,0.0,0.93,0.519637,0.191829,0.0,0.93,0.494637,0.191829,0.0,0.93,0.588387,0.275,0.0,0.93,0.425887,0.275,0.0,0.93,0.651106,0.369013,0.0,0.93,0.385262,0.392939,0.0,0.93,0.637015,0.481145,0.0,0.93,0.410262,0.475,0.0,0.93,0.657327,0.499895,0.0,0.93,0.38995,0.49375,0.0,0.93,0.663577,0.476457,0.0,0.93,0.3837,0.470312,0.0,0.93,0.651077,0.487395,0.0,0.93,0.3962,0.48125,0.0,0.93,0.569637,0.459375,0.0,0.93,0.444637,0.459375,0.0,0.93,0.579012,0.58125,0.0,0.32,0.435262,0.58125,0.0,0.32,0.585262,0.684375,0.0,0.32,0.429012,0.684375,0.0,0.32,0.575887,0.7,0.0,0.32,0.438387,0.7,0.0,0.32,0.619637,0.69375,0.0,0.32,0.394637,0.69375,0.0,0.32,0.637015,0.481145,0.0,0.88,0.651453,0.51603,0.0,0.88,0.653759,0.52813,0.0,0.88,0.656065,0.540231,0.0,0.88,0.658371,0.552332,0.0,0.88,0.642188,0.514865,0.0,0.88,0.642611,0.526729,0.0,0.88,0.643033,0.538593,0.0,0.88,0.643455,0.550457,0.0,0.88,0.632923,0.513701,0.0,0.88,0.631462,0.525328,0.0,0.88,0.630001,0.536956,0.0,0.88,0.62854,0.548583,0.0,0.88,0.623659,0.512537,0.0,0.88,0.620314,0.523928,0.0,0.88,0.616969,0.535318,0.0,0.88,0.613624,0.546709,0.0,0.88,0.614394,0.511373,0.0,0.88,0.609166,0.522527,0.0,0.88,0.603937,0.53368,0.0,0.88,0.598709,0.544834,0.0,0.88,0.410262,0.475,0.0,0.61,0.40196,0.511831,0.0,0.61,0.401743,0.524147,0.0,0.61,0.401526,0.536464,0.0,0.61,0.40131,0.54878,0.0,0.61,0.410892,0.509109,0.0,0.61,0.412492,0.520873,0.0,0.61,0.414091,0.532636,0.0,0.61,0.41569,0.544399,0.0,0.61,0.419825,0.506388,0.0,0.61,0.42324,0.517598,0.0,0.61,0.426655,0.528808,0.0,0.61,0.43007,0.540018,0.0,0.61,0.428757,0.503667,0.0,0.61,0.433988,0.514324,0.0,0.61,0.439219,0.524981,0.0,0.61,0.44445,0.535637,0.0,0.61,0.437689,0.500946,0.0,0.61,0.444736,0.511049,0.0,0.61,0.451783,0.521153,0.0,0.61,0.458831,0.531256,0.0,0.61
fixture/demo,143,4.766667,0,0.507294,0.174988,0.0,0.93,0.516669,0.162488,0.0,0.93,0.524481,0.160926,0.0,0.93,0.532294,0.162488,0.0,0.93,0.497919,0.162488,0.0,0.93,0.490106,0.160926,0.0,0.93,0.482294,0.162488,0.0,0.93,0.544794,0.168738,0.0,0.93,0.469794,0.168738,0.0,0.93,0.519794,0.192176,0.0,0.93,0.494794,0.192176,0.0,0.93,0.588544,0.275,0.0,0.93,0.426044,0.275,0.0,0.93,0.652241,0.368974,0.0,0.93,0.385419,0.393127,0.0,0.93,0.640576,0.481901,0.0,0.93,0.410419,0.475,0.0,0.93,0.660889,0.500651,0.0,0.93,0.390106,0.49375,0.0,0.93,0.667139,0.477213,0.0,0.93,0.383856,0.470312,0.0,0.93,0.654639,0.488151,0.0,0.93,0.396356,0.48125,0.0,0.93,0.569794,0.459375,0.0,0.93,0.444794,0.459375,0.0,0.93,0.579169,0.58125,0.0,0.32,0.435419,0.58125,0.0,0.32,0.585419,0.684375,0.0,0.32,0.429169,0.684375,0.0,0.32,0.576044,0.7,0.0,0.32,0.438544,0.7,0.0,0.32,0.619794,0.69375,0.0,0.32,0.394794,0.69375,0.0,0.32,0.640576,0.481901,0.0,0.88,0.655781,0.516458,0.0,0.88,0.658353,0.528505,0.0,0.88,0.660926,0.540552,0.0,0.88,0.663499,0.552599,0.0,0.88,0.646493,0.515499,0.0,0.88,0.647177,0.527351,0.0,0.88,0.647861,0.539202,0.0,0.88,0.648545,0.551054,0.0,0.88,0.637205,0.514539,0.0,0.88,0.636,0.526196,0.0,0.88,0.634796,0.537853,0.0,0.88,0.633592,0.54951,0.0,0.88,0.627917,0.51358,0.0,0.88,0.624824,0.525042,0.0,0.88,0.621732,0.536503,0.0,0.88,0.618639,0.547965,0.0,0.88,0.618628,0.51262,0.0,0.88,0.613648,0.523887,0.0,0.88,0.608667,0.535154,0.0,0.88,0.603686,0.54642,0.0,0.88,0.410419,0.475,0.0,0.61,0.40214,0.511836,0.0,0.61,0.401931,0.524153,0.0,0.61,0.401722,0.536469,0.0,0.61,0.401513,0.548786,0.0,0.61,0.411071,0.509109,0.0,0.61,0.412677,0.520871,0.0,0.61,0.414284,0.532634,0.0,0.61,0.415891,0.544396,0.0,0.61,0.420001,0.506382,0.0,0.61,0.423424,0.51759,0.0,0.61,0.426846,0.528798,0.0,0.61,0.430268,0.540006,0.0,0.61,0.428932,0.503655,0.0,0.61,0.43417,0.514309,0.0,0.61,0.439408,0.524962,0.0,0.61,0.444646,0.535616,0.0,0.61,0.437862,0.500928,0.0,0.61,0.444916,0.511027,0.0,0.61,0.451969,0.521126,0.0,0.61,0.459023,0.531225,0.0,0.61
fixture/demo,144,4.8,0,0.50743,0.17537,0.0,0.93,0.516805,0.16287,0.0,0.93,0.524618,0.161307,0.0,0.93,0.53243,0.16287,0.0,0.93,0.498055,0.16287,0.0,0.93,0.490243,0.161307,0.0,0.93,0.48243,0.16287,0.0,0.93,0.54493,0.16912,0.0,0.93,0.46993,0.16912,0.0,0.93,0.51993,0.192557,0.0,0.93,0.49493,0.192557,0.0,0.93,0.58868,0.275,0.0,0.93,0.42618,0.275,0.0,0.93,0.653374,0.368962,0.0,0.93,0.385555,0.393291,0.0,0.93,0.644187,0.482672,0.0,0.93,0.410555,0.475,0.0,0.93,0.664499,0.501422,0.0,0.93,0.390243,0.49375,0.0,0.93,0.670749,0.477984,0.0,0.93,0.383993,0.470312,0.0,0.93,0.658249,0.488922,0.0,0.93,0.396493,0.48125,0.0,0.93,0.56993,0.459375,0.0,0.93,0.44493,0.459375,0.0,0.93,0.579305,0.58125,0.0,0.32,0.435555,0.58125,0.0,0.32,0.585555,0.684375,0.0,0.32,0.429305,0.684375,0.0,0.32,0.57618,0.7,0.0,0.32,0.43868,0.7,0.0,0.32,0.61993,0.69375,0.0,0.32,0.39493,0.69375,0.0,0.32,0.644187,0.482672,0.0,0.88,0.660159,0.516882,0.0,0.88,0.662999,0.528868,0.0,0.88,0.66584,0.540854,0.0,0.88,0.668681,0.552841,0.0,0.88,0.650851,0.51613,0.0,0.88,0.6518,0.527963,0.0,0.88,0.652748,0.539797,0.0,0.88,0.653697,0.55163,0.0,0.88,0.641544,0.515378,0.0,0.88,0.6406,0.527058,0.0,0.88,0.639657,0.538739,0.0,0.88,0.638713,0.55042,0.0,0.88,0.632237,0.514626,0.0,0.88,0.629401,0.526153,0.0,0.88,0.626565,0.537681,0.0,0.88,0.623729,0.549209,0.0,0.88,0.62293,0.513874,0.0,0.88,0.618202,0.525248,0.0,0.88,0.613473,0.536623,0.0,0.88,0.608745,0.547998,0.0,0.88,0.410555,0.475,0.0,0.61,0.402297,0.511841,0.0,0.61,0.402095,0.524157,0.0,0.61,0.401893,0.536474,0.0,0.61,0.401691,0.548791,0.0,0.61,0.411226,0.509109,0.0,0.61,0.41284,0.52087,0.0,0.61,0.414453,0.532631,0.0,0.61,0.416066,0.544393,0.0,0.61,0.420155,0.506377,0.0,0.61,0.423584,0.517583,0.0,0.61,0.427013,0.528789,0.0,0.61,0.430441,0.539995,0.0,0.61,0.429084,0.503645,0.0,0.61,0.434328,0.514295,0.0,0.61,0.439572,0.524946,0.0,0.61,0.444816,0.535596,0.0,0.61,0.438013,0.500913,0.0,0.61,0.445072,0.511008,0.0,0.61,0.452132,0.521103,0.0,0.61,0.459191,0.531198,0.0,0.61
fixture/demo,145,4.833333,0,0.507546,0.175781,0.0,0.93,0.516921,0.163281,0.0,0.93,0.524734,0.161719,0.0,0.93,0.532546,0.163281,0.0,0.93,0.498171,0.163281,0.0,0.93,0.490359,0.161719,0.0,0.93,0.482546,0.163281,0.0,0.93,0.545046,0.169531,0.0,0.93,0.470046,0.169531,0.0,0.93,0.520046,0.192969,0.0,0.93,0.495046,0.192969,0.0,0.93,0.588796,0.275,0.0,0.93,0.426296,0.275,0.0,0.93,0.654504,0.368979,0.0,0.93,0.385671,0.393431,0.0,0.93,0.647838,0.483456,0.0,0.93,0.410671,0.475,0.0,0.93,0.668151,0.502206,0.0,0.93,0.390359,0.49375,0.0,0.93,0.674401,0.478768,0.0,0.93,0.384109,0.470312,0.0,0.93,0.661901,0.489706,0.0,0.93,0.396609,0.48125,0.0,0.93,0.570046,0.459375,0.0,0.93,0.445046,0.459375,0.0,0.93,0.579421,0.58125,0.0,0.32,0.435671,0.58125,0.0,0.32,0.585671,0.684375,0.0,0.32,0.429421,0.684375,0.0,0.32,0.576296,0.7,0.0,0.32,0.438796,0.7,0.0,0.32,0.620046,0.69375,0.0,0.32,0.395046,0.69375,0.0,0.32,0.647838,0.483456,0.0,0.88,0.664574,0.517299,0.0,0.88,0.667684,0.529218,0.0,0.88,0.670793,0.541138,0.0,0.88,0.673902,0.553057,0.0,0.88,0.655253,0.516756,0.0,0.88,0.656467,0.528565,0.0,0.88,0.657681,0.540374,0.0,0.88,0.658895,0.552184,0.0,0.88,0.645931,0.516213,0.0,0.88,0.64525,0.527912,0.0,0.88,0.644569,0.539611,0.0,0.88,0.643887,0.55131,0.0,0.88,0.636609,0.51567,0.0,0.88,0.634033,0.527259,0.0,0.88,0.631456,0.538847,0.0,0.88,0.62888,0.550436,0.0,0.88,0.627287,0.515127,0.0,0.88,0.622816,0.526606,0.0,0.88,0.618344,0.538084,0.0,0.88,0.613873,0.549562,0.0,0.88,0.410671,0.475,0.0,0.61,0.402431,0.511845,0.0,0.61,0.402235,0.524161,0.0,0.61,0.402039,0.536478,0.0,0.61,0.401843,0.548795,0.0,0.61,0.411359,0.509108,0.0,0.61,0.412978,0.520869,0.0,0.61,0.414597,0.53263,0.0,0.61,0.416215,0.54439,0.0,0.61,0.420286,0.506372,0.0,0.61,0.42372,0.517576,0.0,0.61,0.427154,0.528781,0.0,0.61,0.430588,0.539985,0.0,0.61,0.429214,0.503636,0.0,0.61,0.434463,0.514284,0.0,0.61,0.439712,0.524932,0.0,0.61,0.444961,0.53558,0.0,0.61,0.438142,0.5009,0.0,0.61,0.445206,0.510991,0.0,0.61,0.45227,0.521083,0.0,0.61,0.459334,0.531175,0.0,0.61
fixture/demo,146,4.866667,0,0.507642,0.176218,0.0,0.93,0.517017,0.163718,0.0,0.93,0.524829,0.162156,0.0,0.93,0.532642,0.163718,0.0,0.93,0.498267,0.163718,0.0,0.93,0.490454,0.162156,0.0,0.93,0.482642,0.163718,0.0,0.93,0.545142,0.169968,0.0,0.93,0.470142,0.169968,0.0,0.93,0.520142,0.193406,0.0,0.93,0.495142,0.193406,0.0,0.93,0.588892,0.275,0.0,0.93,0.426392,0.275,0.0,0.93,0.655628,0.369024,0.0,0.93,0.385767,0.393545,0.0,0.93,0.651522,0.484251,0.0,0.93,0.410767,0.475,0.0,0.93,0.671834,0.503001,0.0,0.93,0.390454,0.49375,0.0,0.93,0.678084,0.479564,0.0,0.93,0.384204,0.470312,0.0,0.93,0.665584,0.490501,0.0,0.93,0.396704,0.48125,0.0,0.93,0.570142,0.459375,0.0,0.93,0.445142,0.459375,0.0,0.93,0.579517,0.58125,0.0,0.32,0.435767,0.58125,0.0,0.32,0.585767,0.684375,0.0,0.32,0.429517,0.684375,0.0,0.32,0.576392,0.7,0.0,0.32,0.438892,0.7,0.0,0.32,0.620142,0.69375,0.0,0.32,0.395142,0.69375,0.0,0.32,0.651522,0.484251,0.0,0.88,0.669017,0.517708,0.0,0.88,0.672394,0.529555,0.0,0.88,0.675771,0.541401,0.0,0.88,0.679148,0.553248,0.0,0.88,0.659685,0.517376,0.0,0.88,0.661165,0.529155,0.0,0.88,0.662645,0.540933,0.0,0.88,0.664125,0.552712,0.0,0.88,0.650353,0.517043,0.0,0.88,0.649936,0.528754,0.0,0.88,0.649519,0.540466,0.0,0.88,0.649101,0.552177,0.0,0.88,0.641022,0.516711,0.0,0.88,0.638707,0.528354,0.0,0.88,0.636393,0.539998,0.0,0.88,0.634078,0.551642,0.0,0.88,0.63169,0.516378,0.0,0.88,0.627478,0.527954,0.0,0.88,0.623267,0.53953,0.0,0.88,0.619055,0.551106,0.0,0.88,0.410767,0.475,0.0,0.61,0.402541,0.511848,0.0,0.61,0.40235,0.524165,0.0,0.61,0.402159,0.536482,0.0,0.61,0.401967,0.548799,0.0,0.61,0.411468,0.509108,0.0,0.61,0.413091,0.520868,0.0,0.61,0.414715,0.532628,0.0,0.61,0.416338,0.544388,0.0,0.61,0.420394,0.506368,0.0,0.61,0.423833,0.517571,0.0,0.61,0.427271,0.528774,0.0,0.61,0.430709,0.539977,0.0,0.61,0.429321,0.503629,0.0,0.61,0.434574,0.514275,0.0,0.61,0.439827,0.52492,0.0,0.61,0.445081,0.535566,0.0,0.61,0.438247,0.500889,0.0,0.61,0.445316,0.510978,0.0,0.61,0.452384,0.521067,0.0,0.61,0.459452,0.531156,0.0,0.61
fixture/demo,147,4.9,0,0.507716,0.176676,0.0,0.93,0.517091,0.164176,0.0,0.93,0.524904,0.162614,0.0,0.93,0.532716,0.164176,0.0,0.93,0.498341,0.164176,0.0,0.93,0.490529,0.162614,0.0,0.93,0.482716,0.164176,0.0,0.93,0.545216,0.170426,0.0,0.93,0.470216,0.170426,0.0,0.93,0.520216,0.193864,0.0,0.93,0.495216,0.193864,0.0,0.93,0.588966,0.275,0.0,0.93,0.426466,0.275,0.0,0.93,0.656745,0.369098,0.0,0.93,0.385841,0.393635,0.0,0.93,0.655229,0.485056,0.0,0.93,0.410841,0.475,0.0,0.93,0.675542,0.503806,0.0,0.93,0.390529,0.49375,0.0,0.93,0.681792,0.480368,0.0,0.93,0.384279,0.470312,0.0,0.93,0.669292,0.491306,0.0,0.93,0.396779,0.48125,0.0,0.93,0.570216,0.459375,0.0,0.93,0.445216,0.459375,0.0,0.93,0.579591,0.58125,0.0,0.32,0.435841,0.58125,0.0,0.32,0.585841,0.684375,0.0,0.32,0.429591,0.684375,0.0,0.32,0.576466,0.7,0.0,0.32,0.438966,0.7,0.0,0.32,0.620216,0.69375,0.0,0.32,0.395216,0.69375,0.0,0.32,0.655229,0.485056,0.0,0.88,0.673474,0.51811,0.0,0.88,0.677117,0.529877,0.0,0.88,0.68076,0.541644,0.0,0.88,0.684404,0.553412,0.0,0.88,0.664137,0.517987,0.0,0.88,0.665882,0.52973,0.0,0.88,0.667627,0.541473,0.0,0.88,0.669372,0.553215,0.0,0.88,0.6548,0.517865,0.0,0.88,0.654647,0.529583,0.0,0.88,0.654494,0.541301,0.0,0.88,0.654341,0.553019,0.0,0.88,0.645463,0.517743,0.0,0.88,0.643412,0.529436,0.0,0.88,0.641361,0.541129,0.0,0.88,0.639309,0.552822,0.0,0.88,0.636127,0.517621,0.0,0.88,0.632177,0.529289,0.0,0.88,0.628227,0.540958,0.0,0.88,0.624278,0.552626,0.0,0.88,0.410841,0.475,0.0,0.61,0.402627,0.51185,0.0,0.61,0.40244,0.524167,0.0,0.61,0.402252,0.536484,0.0,0.61,0.402064,0.548801,0.0,0.61,0.411553,0.509108,0.0,0.61,0.41318,0.520867,0.0,0.61,0.414807,0.532627,0.0,0.61,0.416434,0.544386,0.0,0.61,0.420478,0.506365,0.0,0.61,0.42392,0.517567,0.0,0.61,0.427362,0.528769,0.0,0.61,0.430804,0.539971,0.0,0.61,0.429404,0.503623,0.0,0.61,0.434661,0.514267,0.0,0.61,0.439917,0.524912,0.0,0.61,0.445174,0.535556,0.0,0.61,0.43833,0.50088,0.0,0.61,0.445401,0.510967,0.0,0.61,0.452472,0.521054,0.0,0.61,0.459544,0.531141,0.0,0.61
fixture/demo,148,4.933333,0,0.50777,0.17715,0.0,0.93,0.517145,0.16465,0.0,0.93,0.524957,0.163088,0.0,0.93,0.53277,0.16465,0.0,0.93,0.498395,0.16465,0.0,0.93,0.490582,0.163088,0.0,0.93,0.48277,0.16465,0.0,0.93,0.54527,0.1709,0.0,0.93,0.47027,0.1709,0.0,0.93,0.52027,0.194338,0.0,0.93,0.49527,0.194338,0.0,0.93,0.58902,0.275,0.0,0.93,0.42652,0.275,0.0,0.93,0.657853,0.369202,0.0,0.93,0.385895,0.393699,0.0,0.93,0.658951,0.485867,0.0,0.93,0.410895,0.475,0.0,0.93,0.679264,0.504617,0.0,0.93,0.390582,0.49375,0.0,0.93,0.685514,0.481179,0.0,0.93,0.384332,0.470312,0.0,0.93,0.673014,0.492117,0.0,0.93,0.396832,0.48125,0.0,0.93,0.57027,0.459375,0.0,0.93,0.44527,0.459375,0.0,0.93,0.579645,0.58125,0.0,0.32,0.435895,0.58125,0.0,0.32,0.585895,0.684375,0.0,0.32,0.429645,0.684375,0.0,0.32,0.57652,0.7,0.0,0.32,0.43902,0.7,0.0,0.32,0.62027,0.69375,0.0,0.32,0.39527,0.69375,0.0,0.32,0.658951,0.485867,0.0,0.88,0.677934,0.518502,0.0,0.88,0.681841,0.530185,0.0,0.88,0.685748,0.541867,0.0,0.88,0.689655,0.55355,0.0,0.88,0.668597,0.51859,0.0,0.88,0.670606,0.53029,0.0,0.88,0.672614,0.541991,0.0,0.88,0.674623,0.553691,0.0,0.88,0.65926,0.518678,0.0,0.88,0.65937,0.530396,0.0,0.88,0.659481,0.542114,0.0,0.88,0.659591,0.553832,0.0,0.88,0.649923,0.518766,0.0,0.88,0.648135,0.530502,0.0,0.88,0.646347,0.542238,0.0,0.88,0.644559,0.553974,0.0,0.88,0.640586,0.518854,0.0,0.88,0.6369,0.530608,0.0,0.88,0.633213,0.542361,0.0,0.88,0.629527,0.554115,0.0,0.88,0.410895,0.475,0.0,0.61,0.402689,0.511852,0.0,0.61,0.402504,0.524169,0.0,0.61,0.402319,0.536486,0.0,0.61,0.402134,0.548803,0.0,0.61,0.411614,0.509108,0.0,0.61,0.413243,0.520867,0.0,0.61,0.414873,0.532626,0.0,0.61,0.416503,0.544385,0.0,0.61,0.420539,0.506363,0.0,0.61,0.423983,0.517564,0.0,0.61,0.427427,0.528766,0.0,0.61,0.430872,0.539967,0.0,0.61,0.429464,0.503619,0.0,0.61,0.434723,0.514262,0.0,0.61,0.439982,0.524905,0.0,0.61,0.445241,0.535548,0.0,0.61,0.438389,0.500874,0.0,0.61,0.445462,0.51096,0.0,0.61,0.452536,0.521045,0.0,0.61,0.459609,0.53113,0.0,0.61
fixture/demo,149,4.966667,0,0.507802,0.177635,0.0,0.93,0.517177,0.165135,0.0,0.93,0.524989,0.163573,0.0,0.93,0.532802,0.165135,0.0,0.93,0.498427,0.165135,0.0,0.93,0.490614,0.163573,0.0,0.93,0.482802,0.165135,0.0,0.93,0.545302,0.171385,0.0,0.93,0.470302,0.171385,0.0,0.93,0.520302,0.194823,0.0,0.93,0.495302,0.194823,0.0,0.93,0.589052,0.275,0.0,0.93,0.426552,0.275,0.0,0.93,0.658951,0.369333,0.0,0.93,0.385927,0.393737,0.0,0.93,0.66268,0.486682,0.0,0.93,0.410927,0.475,0.0,0.93,0.682992,0.505432,0.0,0.93,0.390614,0.49375,0.0,0.93,0.689242,0.481995,0.0,0.93,0.384364,0.470312,0.0,0.93,0.676742,0.492932,0.0,0.93,0.396864,0.48125,0.0,0.93,0.570302,0.459375,0.0,0.93,0.445302,0.459375,0.0,0.93,0.579677,0.58125,0.0,0.32,0.435927,0.58125,0.0,0.32,0.585927,0.684375,0.0,0.32,0.429677,0.684375,0.0,0.32,0.576552,0.7,0.0,0.32,0.439052,0.7,0.0,0.32,0.620302,0.69375,0.0,0.32,0.395302,0.69375,0.0,0.32,0.66268,0.486682,0.0,0.88,0.682388,0.518885,0.0,0.88,0.686555,0.530477,0.0,0.88,0.690722,0.54207,0.0,0.88,0.694889,0.553662,0.0,0.88,0.673055,0.519182,0.0,0.88,0.675324,0.530834,0.0,0.88,0.677594,0.542487,0.0,0.88,0.679864,0.554139,0.0,0.88,0.663722,0.519478,0.0,0.88,0.664094,0.531191,0.0,0.88,0.664466,0.542904,0.0,0.88,0.664839,0.554617,0.0,0.88,0.654389,0.519775,0.0,0.88,0.652864,0.531548,0.0,0.88,0.651339,0.543321,0.0,0.88,0.649813,0.555094,0.0,0.88,0.645056,0.520071,0.0,0.88,0.641634,0.531905,0.0,0.88,0.638211,0.543738,0.0,0.88,0.634788,0.555572,0.0,0.88,0.410927,0.475,0.0,0.61,0.402726,0.511853,0.0,0.61,0.402542,0.52417,0.0,0.61,0.402359,0.536487,0.0,0.61,0.402176,0.548805,0.0,0.61,0.41165,0.509108,0.0,0.61,0.413282,0.520866,0.0,0.61,0.414913,0.532625,0.0,0.61,0.416544,0.544384,0.0,0.61,0.420575,0.506362,0.0,0.61,0.424021,0.517563,0.0,0.61,0.427467,0.528763,0.0,0.61,0.430913,0.539964,0.0,0.61,0.4295,0.503616,0.0,0.61,0.43476,0.514259,0.0,0.61,0.44002,0.524901,0.0,0.61,0.445281,0.535544,0.0,0.61,0.438425,0.500871,0.0,0.61,0.445499,0.510955,0.0,0.61,0.452574,0.521039,0.0,0.61,0.459649,0.531123,0.0,0.61
fixture/demo,150,5.0,0,0.507812,0.178125,0.0,0.93,0.517188,0.165625,0.0,0.93,0.525,0.164062,0.0,0.93,0.532812,0.165625,0.0,0.93,0.498438,0.165625,0.0,0.93,0.490625,0.164062,0.0,0.93,0.482812,0.165625,0.0,0.93,0.545312,0.171875,0.0,0.93,0.470312,0.171875,0.0,0.93,0.520312,0.195312,0.0,0.93,0.495312,0.195312,0.0,0.93,0.589062,0.275,0.0,0.93,0.426562,0.275,0.0,0.93,0.660036,0.369493,0.0,0.93,0.385938,0.39375,0.0,0.93,0.666406,0.4875,0.0,0.93,0.410938,0.475,0.0,0.93,0.686719,0.50625,0.0,0.93,0.390625,0.49375,0.0,0.93,0.692969,0.482812,0.0,0.93,0.384375,0.470312,0.0,0.93,0.680469,0.49375,0.0,0.93,0.396875,0.48125,0.0,0.93,0.570312,0.459375,0.0,0.93,0.445312,0.459375,0.0,0.93,0.579688,0.58125,0.0,0.32,0.435938,0.58125,0.0,0.32,0.585938,0.684375,0.0,0.32,0.429688,0.684375,0.0,0.32,0.576562,0.7,0.0,0.32,0.439062,0.7,0.0,0.32,0.620312,0.69375,0.0,0.32,0.395312,0.69375,0.0,0.32,0.666406,0.4875,0.0,0.88,0.686823,0.519258,0.0,0.88,0.691246,0.530755,0.0,0.88,0.695669,0.542252,0.0,0.88,0.700092,0.553749,0.0,0.88,0.677499,0.519762,0.0,0.88,0.680026,0.531361,0.0,0.88,0.682553,0.54296,0.0,0.88,0.685081,0.55456,0.0,0.88,0.668175,0.520265,0.0,0.88,0.668807,0.531967,0.0,0.88,0.669438,0.543668,0.0,0.88,0.67007,0.55537,0.0,0.88,0.658851,0.520768,0.0,0.88,0.657587,0.532572,0.0,0.88,0.656323,0.544376,0.0,0.88,0.655059,0.55618,0.0,0.88,0.649527,0.521271,0.0,0.88,0.646367,0.533178,0.0,0.88,0.643208,0.545084,0.0,0.88,0.640048,0.556991,0.0,0.88,0.410938,0.475,0.0,0.61,0.402738,0.511854,0.0,0.61,0.402555,0.524171,0.0,0.61,0.402373,0.536488,0.0,0.61,0.40219,0.548805,0.0,0.61,0.411663,0.509108,0.0,0.61,0.413294,0.520866,0.0,0.61,0.414926,0.532625,0.0,0.61,0.416558,0.544384,0.0,0.61,0.420587,0.506361,0.0,0.61,0.424034,0.517562,0.0,0.61,0.42748,0.528763,0.0,0.61,0.430926,0.539963,0.0,0.61,0.429512,0.503615,0.0,0.61,0.434773,0.514258,0.0,0.61,0.440033,0.5249,0.0,0.61,0.445294,0.535542,0.0,0.61,0.438436,0.500869,0.0,0.61,0.445512,0.510953,0.0,0.61,0.452587,0.521037,0.0,0.61,0.459662,0.531121,0.0,0.61
fixture/demo,151,5.033333,0,0.507802,0.178615,0.0,0.93,0.517177,0.166115,0.0,0.93,0.524989,0.164552,0.0,0.93,0.532802,0.166115,0.0,0.93,0.498427,0.166115,0.0,0.93,0.490614,0.164552,0.0,0.93,0.482802,0.166115,0.0,0.93,0.545302,0.172365,0.0,0.93,0.470302,0.172365,0.0,0.93,0.520302,0.195802,0.0,0.93,0.495302,0.195802,0.0,0.93,0.589052,0.275,0.0,0.93,0.426552,0.275,0.0,0.93,0.661108,0.369679,0.0,0.93,0.385927,0.393737,0.0,0.93,0.670122,0.488318,0.0,0.93,0.410927,0.475,0.0,0.93,0.690434,0.507068,0.0,0.93,0.390614,0.49375,0.0,0.93,0.696684,0.48363,0.0,0.93,0.384364,0.470312,0.0,0.93,0.684184,0.494568,0.0,0.93,0.396864,0.48125,0.0,0.93,0.570302,0.459375,0.0,0.93,0.445302,0.459375,0.0,0.93,0.579677,0.58125,0.0,0.32,0.435927,0.58125,0.0,0.32,0.585927,0.684375,0.0,0.32,0.429677,0.684375,0.0,0.32,0.576552,0.7,0.0,0.32,0.439052,0.7,0.0,0.32,0.620302,0.69375,0.0,0.32,0.395302,0.69375,0.0,0.32,0.670122,0.488318,0.0,0.88,0.691229,0.519621,0.0,0.88,0.695903,0.531019,0.0,0.88,0.700577,0.542416,0.0,0.88,0.70525,0.553813,0.0,0.88,0.681918,0.520329,0.0,0.88,0.684699,0.53187,0.0,0.88,0.68748,0.543411,0.0,0.88,0.690261,0.554952,0.0,0.88,0.672608,0.521036,0.0,0.88,0.673496,0.532721,0.0,0.88,0.674383,0.544406,0.0,0.88,0.675271,0.556091,0.0,0.88,0.663297,0.521743,0.0,0.88,0.662292,0.533572,0.0,0.88,0.661287,0.545401,0.0,0.88,0.660282,0.55723,0.0,0.88,0.653986,0.522451,0.0,0.88,0.651088,0.534423,0.0,0.88,0.64819,0.546396,0.0,0.88,0.645292,0.558369,0.0,0.88,0.410927,0.475,0.0,0.61,0.402726,0.511853,0.0,0.61,0.402542,0.52417,0.0,0.61,0.402359,0.536487,0.0,0.61,0.402176,0.548805,0.0,0.61,0.41165,0.509108,0.0,0.61,0.413282,0.520866,0.0,0.61,0.414913,0.532625,0.0,0.61,0.416544,0.544384,0.0,0.61,0.420575,0.506362,0.0,0.61,0.424021,0.517563,0.0,0.61,0.427467,0.528763,0.0,0.61,0.430913,0.539964,0.0,0.61,0.4295,0.503616,0.0,0.61,0.43476,0.514259,0.0,0.61,0.44002,0.524901,0.0,0.61,0.445281,0.535544,0.0,0.61,0.438425,0.500871,0.0,0.61,0.445499,0.510955,0.0,0.61,0.452574,0.521039,0.0,0.61,0.459649,0.531123,0.0,0.61
fixture/demo,152,5.066667,0,0.50777,0.1791,0.0,0.93,0.517145,0.1666,0.0,0.93,0.524957,0.165037,0.0,0.93,0.53277,0.1666,0.0,0.93,0.498395,0.1666,0.0,0.93,0.490582,0.165037,0.0,0.93,0.48277,0.1666,0.0,0.93,0.54527,0.17285,0.0,0.93,0.47027,0.17285,0.0,0.93,0.52027,0.196287,0.0,0.93,0.49527,0.196287,0.0,0.93,0.58902,0.275,0.0,0.93,0.42652,0.275,0.0,0.93,0.662164,0.369891,0.0,0.93,0.385895,0.393699,0.0,0.93,0.673818,0.489133,0.0,0.93,0.410895,0.475,0.0,0.93,0.694131,0.507883,0.0,0.93,0.390582,0.49375,0.0,0.93,0.700381,0.484446,0.0,0.93,0.384332,0.470312,0.0,0.93,0.687881,0.495383,0.0,0.93,0.396832,0.48125,0.0,0.93,0.57027,0.459375,0.0,0.93,0.44527,0.459375,0.0,0.93,0.579645,0.58125,0.0,0.32,0.435895,0.58125,0.0,0.32,0.585895,0.684375,0.0,0.32,0.429645,0.684375,0.0,0.32,0.57652,0.7,0.0,0.32,0.43902,0.7,0.0,0.32,0.62027,0.69375,0.0,0.32,0.39527,0.69375,0.0,0.32,0.673818,0.489133,0.0,0.88,0.695597,0.519974,0.0,0.88,0.700515,0.531267,0.0,0.88,0.705434,0.542561,0.0,0.88,0.710353,0.553855,0.0,0.88,0.686303,0.520882,0.0,0.88,0.689333,0.53236,0.0,0.88,0.692362,0.543839,0.0,0.88,0.695391,0.555317,0.0,0.88,0.67701,0.52179,0.0,0.88,0.67815,0.533453,0.0,0.88,0.67929,0.545117,0.0,0.88,0.68043,0.55678,0.0,0.88,0.667717,0.522698,0.0,0.88,0.666967,0.534546,0.0,0.88,0.666218,0.546394,0.0,0.88,0.665468,0.558242,0.0,0.88,0.658424,0.523607,0.0,0.88,0.655785,0.535639,0.0,0.88,0.653146,0.547672,0.0,0.88,0.650507,0.559704,0.0,0.88,0.410895,0.475,0.0,0.61,0.402689,0.511852,0.0,0.61,0.402504,0.524169,0.0,0.61,0.402319,0.536486,0.0,0.61,0.402134,0.548803,0.0,0.61,0.411614,0.509108,0.0,0.61,0.413243,0.520867,0.0,0.61,0.414873,0.532626,0.0,0.61,0.416503,0.544385,0.0,0.61,0.420539,0.506363,0.0,0.61,0.423983,0.517564,0.0,0.61,0.427427,0.528766,0.0,0.61,0.430872,0.539967,0.0,0.61,0.429464,0.503619,0.0,0.61,0.434723,0.514262,0.0,0.61,0.439982,0.524905,0.0,0.61,0.445241,0.535548,0.0,0.61,0.438389,0.500874,0.0,0.61,0.445462,0.51096,0.0,0.61,0.452536,0.521045,0.0,0.61,0.459609,0.53113,0.0,0.61
fixture/demo,153,5.1,0,0.507716,0.179574,0.0,0.93,0.517091,0.167074,0.0,0.93,0.524904,0.165511,0.0,0.93,0.532716,0.167074,0.0,0.93,0.498341,0.167074,0.0,0.93,0.490529,0.165511,0.0,0.93,0.482716,0.167074,0.0,0.93,0.545216,0.173324,0.0,0.93,0.470216,0.173324,0.0,0.93,0.520216,0.196761,0.0,0.93,0.495216,0.196761,0.0,0.93,0.588966,0.275,0.0,0.93,0.426466,0.275,0.0,0.93,0.663204,0.370127,0.0,0.93,0.385841,0.393635,0.0,0.93,0.677487,0.489944,0.0,0.93,0.410841,0.475,0.0,0.93,0.6978,0.508694,0.0,0.93,0.390529,0.49375,0.0,0.93,0.70405,0.485257,0.0,0.93,0.384279,0.470312,0.0,0.93,0.69155,0.496194,0.0,0.93,0.396779,0.48125,0.0,0.93,0.570216,0.459375,0.0,0.93,0.445216,0.459375,0.0,0.93,0.579591,0.58125,0.0,0.32,0.435841,0.58125,0.0,0.32,0.585841,0.684375,0.0,0.32,0.429591,0.684375,0.0,0.32,0.576466,0.7,0.0,0.32,0.438966,0.7,0.0,0.32,0.620216,0.69375,0.0,0.32,0.395216,0.69375,0.0,0.32,0.677487,0.489944,0.0,0.88,0.699915,0.520315,0.0,0.88,0.705072,0.531502,0.0,0.88,0.71023,0.542689,0.0,0.88,0.715387,0.553876,0.0,0.88,0.690643,0.521421,0.0,0.88,0.693915,0.532832,0.0,0.88,0.697188,0.544244,0.0,0.88,0.70046,0.555656,0.0,0.88,0.681371,0.522526,0.0,0.88,0.682758,0.534162,0.0,0.88,0.684146,0.545799,0.0,0.88,0.685533,0.557435,0.0,0.88,0.672099,0.523631,0.0,0.88,0.671602,0.535492,0.0,0.88,0.671104,0.547354,0.0,0.88,0.670606,0.559215,0.0,0.88,0.662828,0.524737,0.0,0.88,0.660445,0.536822,0.0,0.88,0.658062,0.548908,0.0,0.88,0.655679,0.560994,0.0,0.88,0.410841,0.475,0.0,0.61,0.402627,0.51185,0.0,0.61,0.40244,0.524167,0.0,0.61,0.402252,0.536484,0.0,0.61,0.402064,0.548801,0.0,0.61,0.411553,0.509108,0.0,0.61,0.41318,0.520867,0.0,0.61,0.414807,0.532627,0.0,0.61,0.416434,0.544386,0.0,0.61,0.420478,0.506365,0.0,0.61,0.42392,0.517567,0.0,0.61,0.427362,0.528769,0.0,0.61,0.430804,0.539971,0.0,0.61,0.429404,0.503623,0.0,0.61,0.434661,0.514267,0.0,0.61,0.439917,0.524912,0.0,0.61,0.445174,0.535556,0.0,0.61,0.43833,0.50088,0.0,0.61,0.445401,0.510967,0.0,0.61,0.452472,0.521054,0.0,0.61,0.459544,0.531141,0.0,0.61
fixture/demo,154,5.133333,0,0.507642,0.180032,0.0,0.93,0.517017,0.167532,0.0,0.93,0.524829,0.165969,0.0,0.93,0.532642,0.167532,0.0,0.93,0.498267,0.167532,0.0,0.93,0.490454,0.165969,0.0,0.93,0.482642,0.167532,0.0,0.93,0.545142,0.173782,0.0,0.93,0.470142,0.173782,0.0,0.93,0.520142,0.197219,0.0,0.93,0.495142,0.197219,0.0,0.93,0.588892,0.275,0.0,0.93,0.426392,0.275,0.0,0.93,0.664224,0.370384,0.0,0.93,0.385767,0.393545,0.0,0.93,0.68112,0.490749,0.0,0.93,0.410767,0.475,0.0,0.93,0.701432,0.509499,0.0,0.93,0.390454,0.49375,0.0,0.93,0.707682,0.486061,0.0,0.93,0.384204,0.470312,0.0,0.93,0.695182,0.496999,0.0,0.93,0.396704,0.48125,0.0,0.93,0.570142,0.459375,0.0,0.93,0.445142,0.459375,0.0,0.93,0.579517,0.58125,0.0,0.32,0.435767,0.58125,0.0,0.32,0.585767,0.684375,0.0,0.32,0.429517,0.684375,0.0,0.32,0.576392,0.7,0.0,0.32,0.438892,0.7,0.0,0.32,0.620142,0.69375,0.0,0.32,0.395142,0.69375,0.0,0.32,0.68112,0.490749,0.0,0.88,0.704175,0.520647,0.0,0.88,0.709564,0.531724,0.0,0.88,0.714953,0.542801,0.0,0.88,0.720342,0.553878,0.0,0.88,0.694928,0.521945,0.0,0.88,0.698437,0.533286,0.0,0.88,0.701946,0.544627,0.0,0.88,0.705455,0.555968,0.0,0.88,0.685681,0.523243,0.0,0.88,0.68731,0.534848,0.0,0.88,0.688939,0.546453,0.0,0.88,0.690568,0.558057,0.0,0.88,0.676434,0.524541,0.0,0.88,0.676183,0.536409,0.0,0.88,0.675932,0.548278,0.0,0.88,0.675681,0.560147,0.0,0.88,0.667187,0.525839,0.0,0.88,0.665056,0.537971,0.0,0.88,0.662925,0.550104,0.0,0.88,0.660794,0.562237,0.0,0.88,0.410767,0.475,0.0,0.61,0.402541,0.511848,0.0,0.61,0.40235,0.524165,0.0,0.61,0.402159,0.536482,0.0,0.61,0.401967,0.548799,0.0,0.61,0.411468,0.509108,0.0,0.61,0.413091,0.520868,0.0,0.61,0.414715,0.532628,0.0,0.61,0.416338,0.544388,0.0,0.61,0.420394,0.506368,0.0,0.61,0.423833,0.517571,0.0,0.61,0.427271,0.528774,0.0,0.61,0.430709,0.539977,0.0,0.61,0.429321,0.503629,0.0,0.61,0.434574,0.514275,0.0,0.61,0.439827,0.52492,0.0,0.61,0.445081,0.535566,0.0,0.61,0.438247,0.500889,0.0,0.61,0.445316,0.510978,0.0,0.61,0.452384,0.521067,0.0,0.61,0.459452,0.531156,0.0,0.61
fixture/demo,155,5.166667,0,0.507546,0.180469,0.0,0.93,0.516921,0.167969,0.0,0.93,0.524734,0.166406,0.0,0.93,0.532546,0.167969,0.0,0.93,0.498171,0.167969,0.0,0.93,0.490359,0.166406,0.0,0.93,0.482546,0.167969,0.0,0.93,0.545046,0.174219,0.0,0.93,0.470046,0.174219,0.0,0.93,0.520046,0.197656,0.0,0.93,0.495046,0.197656,0.0,0.93,0.588796,0.275,0.0,0.93,0.426296,0.275,0.0,0.93,0.665224,0.370661,0.0,0.93,0.385671,0.393431,0.0,0.93,0.684708,0.491544,0.0,0.93,0.410671,0.475,0.0,0.93,0.705021,0.510294,0.0,0.93,0.390359,0.49375,0.0,0.93,0.711271,0.486857,0.0,0.93,0.384109,0.470312,0.0,0.93,0.698771,0.497794,0.0,0.93,0.396609,0.48125,0.0,0.93,0.570046,0.459375,0.0,0.93,0.445046,0.459375,0.0,0.93,0.579421,0.58125,0.0,0.32,0.435671,0.58125,0.0,0.32,0.585671,0.684375,0.0,0.32,0.429421,0.684375,0.0,0.32,0.576296,0.7,0.0,0.32,0.438796,0.7,0.0,0.32,0.620046,0.69375,0.0,0.32,0.395046,0.69375,0.0,0.32,0.684708,0.491544,0.0,0.88,0.708366,0.520967,0.0,0.88,0.71398,0.531932,0.0,0.88,0.719593,0.542897,0.0,0.88,0.725206,0.553863,0.0,0.88,0.699148,0.522453,0.0,0.88,0.702887,0.53372,0.0,0.88,0.706626,0.544987,0.0,0.88,0.710365,0.556255,0.0,0.88,0.689929,0.523938,0.0,0.88,0.691794,0.535508,0.0,0.88,0.693659,0.547077,0.0,0.88,0.695524,0.558647,0.0,0.88,0.680711,0.525424,0.0,0.88,0.680701,0.537296,0.0,0.88,0.680692,0.549167,0.0,0.88,0.680682,0.561039,0.0,0.88,0.671492,0.52691,0.0,0.88,0.669609,0.539084,0.0,0.88,0.667725,0.551257,0.0,0.88,0.665841,0.563431,0.0,0.88,0.410671,0.475,0.0,0.61,0.402431,0.511845,0.0,0.61,0.402235,0.524161,0.0,0.61,0.402039,0.536478,0.0,0.61,0.401843,0.548795,0.0,0.61,0.411359,0.509108,0.0,0.61,0.412978,0.520869,0.0,0.61,0.414597,0.53263,0.0,0.61,0.416215,0.54439,0.0,0.61,0.420286,0.506372,0.0,0.61,0.42372,0.517576,0.0,0.61,0.427154,0.528781,0.0,0.61,0.430588,0.539985,0.0,0.61,0.429214,0.503636,0.0,0.61,0.434463,0.514284,0.0,0.61,0.439712,0.524932,0.0,0.61,0.444961,0.53558,0.0,0.61,0.438142,0.5009,0.0,0.61,0.445206,0.510991,0.0,0.61,0.45227,0.521083,0.0,0.61,0.459334,0.531175,0.0,0.61
fixture/demo,156,5.2,0,0.50743,0.18088,0.0,0.93,0.516805,0.16838,0.0,0.93,0.524618,0.166818,0.0,0.93,0.53243,0.16838,0.0,0.93,0.498055,0.16838,0.0,0.93,0.490243,0.166818,0.0,0.93,0.48243,0.16838,0.0,0.93,0.54493,0.17463,0.0,0.93,0.46993,0.17463,0.0,0.93,0.51993,0.198068,0.0,0.93,0.49493,0.198068,0.0,0.93,0.58868,0.275,0.0,0.93,0.42618,0.275,0.0,0.93,0.666202,0.370956,0.0,0.93,0.385555,0.393291,0.0,0.93,0.688243,0.492328,0.0,0.93,0.410555,0.475,0.0,0.93,0.708556,0.511078,0.0,0.93,0.390243,0.49375,0.0,0.93,0.714806,0.487641,0.0,0.93,0.383993,0.470312,0.0,0.93,0.702306,0.498578,0.0,0.93,0.396493,0.48125,0.0,0.93,0.56993,0.459375,0.0,0.93,0.44493,0.459375,0.0,0.93,0.579305,0.58125,0.0,0.32,0.435555,0.58125,0.0,0.32,0.585555,0.684375,0.0,0.32,0.429305,0.684375,0.0,0.32,0.57618,0.7,0.0,0.32,0.43868,0.7,0.0,0.32,0.61993,0.69375,0.0,0.32,0.39493,0.69375,0.0,0.32,0.688243,0.492328,0.0,0.88,0.712481,0.521276,0.0,0.88,0.71831,0.532128,0.0,0.88,0.72414,0.542979,0.0,0.88,0.72997,0.553831,0.0,0.88,0.703294,0.522944,0.0,0.88,0.707255,0.534135,0.0,0.88,0.711217,0.545326,0.0,0.88,0.715179,0.556517,0.0,0.88,0.694106,0.524613,0.0,0.88,0.6962,0.536143,0.0,0.88,0.698294,0.547673,0.0,0.88,0.700388,0.559203,0.0,0.88,0.684919,0.526281,0.0,0.88,0.685145,0.538151,0.0,0.88,0.685371,0.55002,0.0,0.88,0.685597,0.561889,0.0,0.88,0.675732,0.52795,0.0,0.88,0.67409,0.540158,0.0,0.88,0.672448,0.552367,0.0,0.88,0.670806,0.564575,0.0,0.88,0.410555,0.475,0.0,0.61,0.402297,0.511841,0.0,0.61,0.402095,0.524157,0.0,0.61,0.401893,0.536474,0.0,0.61,0.401691,0.548791,0.0,0.61,0.411226,0.509109,0.0,0.61,0.41284,0.52087,0.0,0.61,0.414453,0.532631,0.0,0.61,0.416066,0.544393,0.0,0.61,0.420155,0.506377,0.0,0.61,0.423584,0.517583,0.0,0.61,0.427013,0.528789,0.0,0.61,0.430441,0.539995,0.0,0.61,0.429084,0.503645,0.0,0.61,0.434328,0.514295,0.0,0.61,0.439572,0.524946,0.0,0.61,0.444816,0.535596,0.0,0.61,0.438013,0.500913,0.0,0.61,0.445072,0.511008,0.0,0.61,0.452132,0.521103,0.0,0.61,0.459191,0.531198,0.0,0.61
fixture/demo,157,5.233333,0,0.507294,0.181262,0.0,0.93,0.516669,0.168762,0.0,0.93,0.524481,0.167199,0.0,0.93,0.532294,0.168762,0.0,0.93,0.497919,0.168762,0.0,0.93,0.490106,0.167199,0.0,0.93,0.482294,0.168762,0.0,0.93,0.544794,0.175012,0.0,0.93,0.469794,0.175012,0.0,0.93,0.519794,0.198449,0.0,0.93,0.494794,0.198449,0.0,0.93,0.588544,0.275,0.0,0.93,0.426044,0.275,0.0,0.93,0.667155,0.371266,0.0,0.93,0.385419,0.393127,0.0,0.93,0.691717,0.493099,0.0,0.93,0.410419,0.475,0.0,0.93,0.71203,0.511849,0.0,0.93,0.390106,0.49375,0.0,0.93,0.71828,0.488412,0.0,0.93,0.383856,0.470312,0.0,0.93,0.70578,0.499349,0.0,0.93,0.396356,0.48125,0.0,0.93,0.569794,0.459375,0.0,0.93,0.444794,0.459375,0.0,0.93,0.579169,0.58125,0.0,0.32,0.435419,0.58125,0.0,0.32,0.585419,0.684375,0.0,0.32,0.429169,0.684375,0.0,0.32,0.576044,0.7,0.0,0.32,0.438544,0.7,0.0,0.32,0.619794,0.69375,0.0,0.32,0.394794,0.69375,0.0,0.32,0.691717,0.493099,0.0,0.88,0.716509,0.521574,0.0,0.88,0.722547,0.532311,0.0,0.88,0.728585,0.543048,0.0,0.88,0.734623,0.553786,0.0,0.88,0.707356,0.523419,0.0,0.88,0.711533,0.534532,0.0,0.88,0.71571,0.545644,0.0,0.88,0.719887,0.556757,0.0,0.88,0.698202,0.525265,0.0,0.88,0.700518,0.536752,0.0,0.88,0.702834,0.54824,0.0,0.88,0.70515,0.559728,0.0,0.88,0.689049,0.52711,0.0,0.88,0.689504,0.538973,0.0,0.88,0.689959,0.550836,0.0,0.88,0.690414,0.562699,0.0,0.88,0.679896,0.528956,0.0,0.88,0.67849,0.541194,0.0,0.88,0.677084,0.553432,0.0,0.88,0.675678,0.56567,0.0,0.88,0.410419,0.475,0.0,0.61,0.40214,0.511836,0.0,0.61,0.401931,0.524153,0.0,0.61,0.401722,0.536469,0.0,0.61,0.401513,0.548786,0.0,0.61,0.411071,0.509109,0.0,0.61,0.412677,0.520871,0.0,0.61,0.414284,0.532634,0.0,0.61,0.415891,0.544396,0.0,0.61,0.420001,0.506382,0.0,0.61,0.423424,0.51759,0.0,0.61,0.426846,0.528798,0.0,0.61,0.430268,0.540006,0.0,0.61,0.428932,0.503655,0.0,0.61,0.43417,0.514309,0.0,0.61,0.439408,0.524962,0.0,0.61,0.444646,0.535616,0.0,0.61,0.437862,0.500928,0.0,0.61,0.444916,0.511027,0.0,0.61,0.451969,0.521126,0.0,0.61,0.459023,0.531225,0.0,0.61
fixture/demo,158,5.266667,0,0.507137,0.181608,0.0,0.93,0.516512,0.169108,0.0,0.93,0.524325,0.167546,0.0,0.93,0.532137,0.169108,0.0,0.93,0.497762,0.169108,0.0,0.93,0.48995,0.167546,0.0,0.93,0.482137,0.169108,0.0,0.93,0.544637,0.175358,0.0,0.93,0.469637,0.175358,0.0,0.93,0.519637,0.198796,0.0,0.93,0.494637,0.198796,0.0,0.93,0.588387,0.275,0.0,0.93,0.425887,0.275,0.0,0.93,0.668081,0.371588,0.0,0.93,0.385262,0.392939,0.0,0.93,0.695122,0.493855,0.0,0.93,0.410262,0.475,0.0,0.93,0.715435,0.512605,0.0,0.93,0.38995,0.49375,0.0,0.93,0.721685,0.489168,0.0,0.93,0.3837,0.470312,0.0,0.93,0.709185,0.500105,0.0,0.93,0.3962,0.48125,0.0,0.93,0.569637,0.459375,0.0,0.93,0.444637,0.459375,0.0,0.93,0.579012,0.58125,0.0,0.32,0.435262,0.58125,0.0,0.32,0.585262,0.684375,0.0,0.32,0.429012,0.684375,0.0,0.32,0.575887,0.7,0.0,0.32,0.438387,0.7,0.0,0.32,0.619637,0.69375,0.0,0.32,0.394637,0.69375,0.0,0.32,0.695122,0.493855,0.0,0.88,0.720442,0.521861,0.0,0.88,0.72668,0.532483,0.0,0.88,0.732918,0.543105,0.0,0.88,0.739156,0.553728,0.0,0.88,0.711325,0.523877,0.0,0.88,0.715709,0.534909,0.0,0.88,0.720094,0.545942,0.0,0.88,0.724478,0.556974,0.0,0.88,0.702208,0.525894,0.0,0.88,0.704739,0.537336,0.0,0.88,0.707269,0.548778,0.0,0.88,0.7098,0.56022,0.0,0.88,0.693091,0.52791,0.0,0.88,0.693768,0.539762,0.0,0.88,0.694445,0.551614,0.0,0.88,0.695122,0.563467,0.0,0.88,0.683974,0.529926,0.0,0.88,0.682797,0.542188,0.0,0.88,0.68162,0.554451,0.0,0.88,0.680444,0.566713,0.0,0.88,0.410262,0.475,0.0,0.61,0.40196,0.511831,0.0,0.61,0.401743,0.524147,0.0,0.61,0.401526,0.536464,0.0,0.61,0.40131,0.54878,0.0,0.61,0.410892,0.509109,0.0,0.61,0.412492,0.520873,0.0,0.61,0.414091,0.532636,0.0,0.61,0.41569,0.544399,0.0,0.61,0.419825,0.506388,0.0,0.61,0.42324,0.517598,0.0,0.61,0.426655,0.528808,0.0,0.61,0.43007,0.540018,0.0,0.61,0.428757,0.503667,0.0,0.61,0.433988,0.514324,0.0,0.61,0.439219,0.524981,0.0,0.61,0.44445,0.535637,0.0,0.61,0.437689,0.500946,0.0,0.61,0.444736,0.511049,0.0,0.61,0.451783,0.521153,0.0,0.61,0.458831,0.531256,0.0,0.61
fixture/demo,159,5.3,0,0.506961,0.181917,0.0,0.93,0.516336,0.169417,0.0,0.93,0.524148,0.167855,0.0,0.93,0.531961,0.169417,0.0,0.93,0.497586,0.169417,0.0,0.93,0.489773,0.167855,0.0,0.93,0.481961,0.169417,0.0,0.93,0.544461,0.175667,0.0,0.93,0.469461,0.175667,0.0,0.93,0.519461,0.199105,0.0,0.93,0.494461,0.199105,0.0,0.93,0.588211,0.275,0.0,0.93,0.425711,0.275,0.0,0.93,0.66898,0.37192,0.0,0.93,0.385086,0.392728,0.0,0.93,0.69845,0.494594,0.0,0.93,0.410086,0.475,0.0,0.93,0.718762,0.513344,0.0,0.93,0.389773,0.49375,0.0,0.93,0.725012,0.489906,0.0,0.93,0.383523,0.470312,0.0,0.93,0.712512,0.500844,0.0,0.93,0.396023,0.48125,0.0,0.93,0.569461,0.459375,0.0,0.93,0.444461,0.459375,0.0,0.93,0.578836,0.58125,0.0,0.32,0.435086,0.58125,0.0,0.32,0.585086,0.684375,0.0,0.32,0.428836,0.684375,0.0,0.32,0.575711,0.7,0.0,0.32,0.438211,0.7,0.0,0.32,0.619461,0.69375,0.0,0.32,0.394461,0.69375,0.0,0.32,0.69845,0.494594,0.0,0.88,0.724273,0.522136,0.0,0.88,0.730702,0.532644,0.0,0.88,0.737131,0.543152,0.0,0.88,0.74356,0.553659,0.0,0.88,0.715193,0.524317,0.0,0.88,0.719777,0.535268,0.0,0.88,0.72436,0.54622,0.0,0.88,0.728943,0.557171,0.0,0.88,0.706114,0.526498,0.0,0.88,0.708852,0.537893,0.0,0.88,0.711589,0.549288,0.0,0.88,0.714326,0.560682,0.0,0.88,0.697035,0.528679,0.0,0.88,0.697926,0.540518,0.0,0.88,0.698818,0.552356,0.0,0.88,0.699709,0.564194,0.0,0.88,0.687956,0.530861,0.0,0.88,0.687001,0.543142,0.0,0.88,0.686047,0.555424,0.0,0.88,0.685092,0.567705,0.0,0.88,0.410086,0.475,0.0,0.61,0.401758,0.511825,0.0,0.61,0.401532,0.524141,0.0,0.61,0.401306,0.536458,0.0,0.61,0.401081,0.548774,0.0,0.61,0.410692,0.50911,0.0,0.61,0.412283,0.520874,0.0,0.61,0.413873,0.532639,0.0,0.61,0.415464,0.544403,0.0,0.61,0.419626,0.506395,0.0,0.61,0.423033,0.517608,0.0,0.61,0.42644,0.52882,0.0,0.61,0.429847,0.540033,0.0,0.61,0.42856,0.50368,0.0,0.61,0.433784,0.514341,0.0,0.61,0.439007,0.525001,0.0,0.61,0.444231,0.535662,0.0,0.61,0.437494,0.500965,0.0,0.61,0.444534,0.511074,0.0,0.61,0.451574,0.521183,0.0,0.61,0.458614,0.531291,0.0,0.61
fixture/demo,160,5.333333,0,0.506766,0.182184,0.0,0.93,0.516141,0.169684,0.0,0.93,0.523953,0.168122,0.0,0.93,0.531766,0.169684,0.0,0.93,0.497391,0.169684,0.0,0.93,0.489578,0.168122,0.0,0.93,0.481766,0.169684,0.0,0.93,0.544266,0.175934,0.0,0.93,0.469266,0.175934,0.0,0.93,0.519266,0.199372,0.0,0.93,0.494266,0.199372,0.0,0.93,0.588016,0.275,0.0,0.93,0.425516,0.275,0.0,0.93,0.669848,0.37226,0.0,0.93,0.384891,0.392494,0.0,0.93,0.701691,0.495312,0.0,0.93,0.409891,0.475,0.0,0.93,0.722004,0.514062,0.0,0.93,0.389578,0.49375,0.0,0.93,0.728254,0.490625,0.0,0.93,0.383328,0.470312,0.0,0.93,0.715754,0.501562,0.0,0.93,0.395828,0.48125,0.0,0.93,0.569266,0.459375,0.0,0.93,0.444266,0.459375,0.0,0.93,0.578641,0.58125,0.0,0.32,0.434891,0.58125,0.0,0.32,0.584891,0.684375,0.0,0.32,0.428641,0.684375,0.0,0.32,0.575516,0.7,0.0,0.32,0.438016,0.7,0.0,0.32,0.619266,0.69375,0.0,0.32,0.394266,0.69375,0.0,0.32,0.701691,0.495312,0.0,0.88,0.727991,0.5224,0.0,0.88,0.734603,0.532794,0.0,0.88,0.741215,0.543188,0.0,0.88,0.747826,0.553581,0.0,0.88,0.718952,0.524739,0.0,0.88,0.723725,0.535609,0.0,0.88,0.728499,0.546478,0.0,0.88,0.733273,0.557348,0.0,0.88,0.709912,0.527079,0.0,0.88,0.712848,0.538424,0.0,0.88,0.715784,0.549769,0.0,0.88,0.71872,0.561114,0.0,0.88,0.700872,0.529418,0.0,0.88,0.70197,0.541239,0.0,0.88,0.703068,0.553059,0.0,0.88,0.704166,0.56488,0.0,0.88,0.691833,0.531757,0.0,0.88,0.691093,0.544053,0.0,0.88,0.690353,0.55635,0.0,0.88,0.689613,0.568646,0.0,0.88,0.409891,0.475,0.0,0.61,0.401534,0.511818,0.0,0.61,0.401298,0.524134,0.0,0.61,0.401063,0.536451,0.0,0.61,0.400827,0.548767,0.0,0.61,0.41047,0.50911,0.0,0.61,0.412051,0.520876,0.0,0.61,0.413633,0.532642,0.0,0.61,0.415214,0.544407,0.0,0.61,0.419406,0.506403,0.0,0.61,0.422804,0.517618,0.0,0.61,0.426203,0.528833,0.0,0.61,0.429601,0.540048,0.0,0.61,0.428342,0.503695,0.0,0.61,0.433557,0.514359,0.0,0.61,0.438773,0.525024,0.0,0.61,0.443988,0.535689,0.0,0.61,0.437279,0.500987,0.0,0.61,0.444311,0.511101,0.0,0.61,0.451343,0.521215,0.0,0.61,0.458375,0.531329,0.0,0.61
fixture/demo,161,5.366667,0,0.506552,0.182407,0.0,0.93,0.515927,0.169907,0.0,0.93,0.52374,0.168345,0.0,0.93,0.531552,0.169907,0.0,0.93,0.497177,0.169907,0.0,0.93,0.489365,0.168345,0.0,0.93,0.481552,0.169907,0.0,0.93,0.544052,0.176157,0.0,0.93,0.469052,0.176157,0.0,0.93,0.519052,0.199595,0.0,0.93,0.494052,0.199595,0.0,0.93,0.587802,0.275,0.0,0.93,0.425302,0.275,0.0,0.93,0.670683,0.372604,0.0,0.93,0.384677,0.392238,0.0,0.93,0.70484,0.49601,0.0,0.93,0.409677,0.475,0.0,0.93,0.725152,0.51476,0.0,0.93,0.389365,0.49375,0.0,0.93,0.731402,0.491322,0.0,0.93,0.383115,0.470312,0.0,0.93,0.718902,0.50226,0.0,0.93,0.395615,0.48125,0.0,0.93,0.569052,0.459375,0.0,0.93,0.444052,0.459375,0.0,0.93,0.578427,0.58125,0.0,0.32,0.434677,0.58125,0.0,0.32,0.584677,0.684375,0.0,0.32,0.428427,0.684375,0.0,0.32,0.575302,0.7,0.0,0.32,0.437802,0.7,0.0,0.32,0.619052,0.69375,0.0,0.32,0.394052,0.69375,0.0,0.32,0.70484,0.49601,0.0,0.88,0.731591,0.522652,0.0,0.88,0.738376,0.532933,0.0,0.88,0.745162,0.543214,0.0,0.88,0.751947,0.553496,0.0,0.88,0.722592,0.525143,0.0,0.88,0.727547,0.53593,0.0,0.88,0.732503,0.546718,0.0,0.88,0.737459,0.557506,0.0,0.88,0.713593,0.527634,0.0,0.88,0.716719,0.538928,0.0,0.88,0.719845,0.550222,0.0,0.88,0.722971,0.561516,0.0,0.88,0.704593,0.530124,0.0,0.88,0.70589,0.541925,0.0,0.88,0.707186,0.553725,0.0,0.88,0.708483,0.565526,0.0,0.88,0.695594,0.532615,0.0,0.88,0.695061,0.544922,0.0,0.88,0.694528,0.557229,0.0,0.88,0.693995,0.569536,0.0,0.88,0.409677,0.475,0.0,0.61,0.401288,0.511811,0.0,0.61,0.401042,0.524127,0.0,0.61,0.400796,0.536443,0.0,0.61,0.40055,0.548759,0.0,0.61,0.410227,0.509111,0.0,0.61,0.411798,0.520878,0.0,0.61,0.413369,0.532645,0.0,0.61,0.414941,0.544412,0.0,0.61,0.419165,0.506411,0.0,0.61,0.422554,0.517629,0.0,0.61,0.425943,0.528847,0.0,0.61,0.429331,0.540065,0.0,0.61,0.428104,0.503711,0.0,0.61,0.43331,0.51438,0.0,0.61,0.438516,0.525049,0.0,0.61,0.443722,0.535718,0.0,0.61,0.437043,0.501011,0.0,0.61,0.444066,0.511131,0.0,0.61,0.451089,0.521251,0.0,0.61,0.458112,0.531371,0.0,0.61
fixture/demo,162,5.4,0,0.50632,0.182583,0.0,0.93,0.515695,0.170083,0.0,0.93,0.523508,0.168521,0.0,0.93,0.53132,0.170083,0.0,0.93,0.496945,0.170083,0.0,0.93,0.489133,0.168521,0.0,0.93,0.48132,0.170083,0.0,0.93,0.54382,0.176333,0.0,0.93,0.46882,0.176333,0.0,0.93,0.51882,0.199771,0.0,0.93,0.49382,0.199771,0.0,0.93,0.58757,0.275,0.0,0.93,0.42507,0.275,0.0,0.93,0.671483,0.37295,0.0,0.93,0.384445,0.39196,0.0,0.93,0.707887,0.496684,0.0,0.93,0.409445,0.475,0.0,0.93,0.728199,0.515434,0.0,0.93,0.389133,0.49375,0.0,0.93,0.734449,0.491997,0.0,0.93,0.382883,0.470312,0.0,0.93,0.721949,0.502934,0.0,0.93,0.395383,0.48125,0.0,0.93,0.56882,0.459375,0.0,0.93,0.44382,0.459375,0.0,0.93,0.578195,0.58125,0.0,0.32,0.434445,0.58125,0.0,0.32,0.584445,0.684375,0.0,0.32,0.428195,0.684375,0.0,0.32,0.57507,0.7,0.0,0.32,0.43757,0.7,0.0,0.32,0.61882,0.69375,0.0,0.32,0.39382,0.69375,0.0,0.32,0.707887,0.496684,0.0,0.88,0.735063,0.522892,0.0,0.88,0.742014,0.533062,0.0,0.88,0.748964,0.543233,0.0,0.88,0.755914,0.553404,0.0,0.88,0.726106,0.525527,0.0,0.88,0.731234,0.536234,0.0,0.88,0.736363,0.54694,0.0,0.88,0.741492,0.557647,0.0,0.88,0.717148,0.528163,0.0,0.88,0.720455,0.539405,0.0,0.88,0.723763,0.550647,0.0,0.88,0.72707,0.561889,0.0,0.88,0.70819,0.530798,0.0,0.88,0.709676,0.542576,0.0,0.88,0.711162,0.554354,0.0,0.88,0.712649,0.566132,0.0,0.88,0.699232,0.533433,0.0,0.88,0.698897,0.545747,0.0,0.88,0.698562,0.558061,0.0,0.88,0.698227,0.570375,0.0,0.88,0.409445,0.475,0.0,0.61,0.401022,0.511803,0.0,0.61,0.400765,0.524119,0.0,0.61,0.400507,0.536435,0.0,0.61,0.40025,0.548751,0.0,0.61,0.409963,0.509111,0.0,0.61,0.411524,0.52088,0.0,0.61,0.413084,0.532648,0.0,0.61,0.414645,0.544417,0.0,0.61,0.418905,0.50642,0.0,0.61,0.422283,0.517641,0.0,0.61,0.425661,0.528862,0.0,0.61,0.429039,0.540083,0.0,0.61,0.427846,0.503728,0.0,0.61,0.433042,0.514402,0.0,0.61,0.438238,0.525076,0.0,0.61,0.443434,0.53575,0.0,0.61,0.436787,0.501036,0.0,0.61,0.443801,0.511163,0.0,0.61,0.450815,0.521289,0.0,0.61,0.457829,0.531416,0.0,0.61
fixture/demo,163,5.433333,0,0.506071,0.18271,0.0,0.93,0.515446,0.17021,0.0,0.93,0.523259,0.168648,0.0,0.93,0.531071,0.17021,0.0,0.93,0.496696,0.17021,0.0,0.93,0.488884,0.168648,0.0,0.93,0.481071,0.17021,0.0,0.93,0.543571,0.17646,0.0,0.93,0.468571,0.17646,0.0,0.93,0.518571,0.199898,0.0,0.93,0.493571,0.199898,0.0,0.93,0.587321,0.275,0.0,0.93,0.424821,0.275,0.0,0.93,0.672246,0.373294,0.0,0.93,0.384196,0.391661,0.0,0.93,0.710824,0.497333,0.0,0.93,0.409196,0.475,0.0,0.93,0.731137,0.516083,0.0,0.93,0.388884,0.49375,0.0,0.93,0.737387,0.492646,0.0,0.93,0.382634,0.470312,0.0,0.93,0.724887,0.503583,0.0,0.93,0.395134,0.48125,0.0,0.93,0.568571,0.459375,0.0,0.93,0.443571,0.459375,0.0,0.93,0.577946,0.58125,0.0,0.32,0.434196,0.58125,0.0,0.32,0.584196,0.684375,0.0,0.32,0.427946,0.684375,0.0,0.32,0.574821,0.7,0.0,0.32,0.437321,0.7,0.0,0.32,0.618571,0.69375,0.0,0.32,0.393571,0.69375,0.0,0.32,0.710824,0.497333,0.0,0.88,0.738402,0.523119,0.0,0.88,0.745507,0.533181,0.0,0.88,0.752613,0.543244,0.0,0.88,0.759719,0.553306,0.0,0.88,0.729485,0.525892,0.0,0.88,0.734778,0.536518,0.0,0.88,0.740071,0.547145,0.0,0.88,0.745365,0.557771,0.0,0.88,0.720569,0.528665,0.0,0.88,0.724049,0.539855,0.0,0.88,0.72753,0.551045,0.0,0.88,0.73101,0.562235,0.0,0.88,0.711653,0.531438,0.0,0.88,0.71332,0.543192,0.0,0.88,0.714988,0.554946,0.0,0.88,0.716655,0.5667,0.0,0.88,0.702737,0.534211,0.0,0.88,0.702591,0.546529,0.0,0.88,0.702446,0.558847,0.0,0.88,0.702301,0.571164,0.0,0.88,0.409196,0.475,0.0,0.61,0.400737,0.511795,0.0,0.61,0.400467,0.52411,0.0,0.61,0.400198,0.536426,0.0,0.61,0.399928,0.548741,0.0,0.61,0.409681,0.509112,0.0,0.61,0.411229,0.520882,0.0,0.61,0.412778,0.532652,0.0,0.61,0.414327,0.544422,0.0,0.61,0.418624,0.506429,0.0,0.61,0.421992,0.517653,0.0,0.61,0.425359,0.528878,0.0,0.61,0.428726,0.540103,0.0,0.61,0.427568,0.503746,0.0,0.61,0.432754,0.514425,0.0,0.61,0.437939,0.525104,0.0,0.61,0.443125,0.535783,0.0,0.61,0.436512,0.501063,0.0,0.61,0.443516,0.511197,0.0,0.61,0.45052,0.52133,0.0,0.61,0.457524,0.531464,0.0,0.61
fixture/demo,164,5.466667,0,0.505806,0.182787,0.0,0.93,0.515181,0.170287,0.0,0.93,0.522993,0.168724,0.0,0.93,0.530806,0.170287,0.0,0.93,0.496431,0.170287,0.0,0.93,0.488618,0.168724,0.0,0.93,0.480806,0.170287,0.0,0.93,0.543306,0.176537,0.0,0.93,0.468306,0.176537,0.0,0.93,0.518306,0.199974,0.0,0.93,0.493306,0.199974,0.0,0.93,0.587056,0.275,0.0,0.93,0.424556,0.275,0.0,0.93,0.67297,0.373635,0.0,0.93,0.383931,0.391342,0.0,0.93,0.713645,0.497955,0.0,0.93,0.408931,0.475,0.0,0.93,0.733958,0.516705,0.0,0.93,0.388618,0.49375,0.0,0.93,0.740208,0.493268,0.0,0.93,0.382368,0.470312,0.0,0.93,0.727708,0.504205,0.0,0.93,0.394868,0.48125,0.0,0.93,0.568306,0.459375,0.0,0.93,0.443306,0.459375,0.0,0.93,0.577681,0.58125,0.0,0.32,0.433931,0.58125,0.0,0.32,0.583931,0.684375,0.0,0.32,0.427681,0.684375,0.0,0.32,0.574556,0.7,0.0,0.32,0.437056,0.7,0.0,0.32,0.618306,0.69375,0.0,0.32,0.393306,0.69375,0.0,0.32,0.713645,0.497955,0.0,0.88,0.741598,0.523334,0.0,0.88,0.748851,0.533291,0.0,0.88,0.756103,0.543248,0.0,0.88,0.763356,0.553205,0.0,0.88,0.732723,0.526237,0.0,0.88,0.738172,0.536785,0.0,0.88,0.74362,0.547332,0.0,0.88,0.749069,0.55788,0.0,0.88,0.723849,0.529141,0.0,0.88,0.727493,0.540279,0.0,0.88,0.731137,0.551416,0.0,0.88,0.734781,0.562554,0.0,0.88,0.714974,0.532045,0.0,0.88,0.716814,0.543773,0.0,0.88,0.718654,0.555501,0.0,0.88,0.720493,0.567229,0.0,0.88,0.7061,0.534948,0.0,0.88,0.706135,0.547267,0.0,0.88,0.70617,0.559585,0.0,0.88,0.706206,0.571903,0.0,0.88,0.408931,0.475,0.0,0.61,0.400433,0.511786,0.0,0.61,0.40015,0.524101,0.0,0.61,0.399868,0.536416,0.0,0.61,0.399585,0.548732,0.0,0.61,0.409379,0.509112,0.0,0.61,0.410916,0.520884,0.0,0.61,0.412452,0.532656,0.0,0.61,0.413988,0.544427,0.0,0.61,0.418326,0.506439,0.0,0.61,0.421681,0.517667,0.0,0.61,0.425037,0.528895,0.0,0.61,0.428392,0.540123,0.0,0.61,0.427272,0.503765,0.0,0.61,0.432447,0.51445,0.0,0.61,0.437621,0.525134,0.0,0.61,0.442795,0.535819,0.0,0.61,0.436219,0.501092,0.0,0.61,0.443212,0.511233,0.0,0.61,0.450206,0.521374,0.0,0.61,0.457199,0.531515,0.0,0.61
fixture/demo,165,5.5,0,0.505524,0.182812,0.0,0.93,0.514899,0.170312,0.0,0.93,0.522712,0.16875,0.0,0.93,0.530524,0.170312,0.0,0.93,0.496149,0.170312,0.0,0.93,0.488337,0.16875,0.0,0.93,0.480524,0.170312,0.0,0.93,0.543024,0.176562,0.0,0.93,0.468024,0.176562,0.0,0.93,0.518024,0.2,0.0,0.93,0.493024,0.2,0.0,0.93,0.586774,0.275,0.0,0.93,0.424274,0.275,0.0,0.93,0.673652,0.373969,0.0,0.93,0.383649,0.391004,0.0,0.93,0.716342,0.498549,0.0,0.93,0.408649,0.475,0.0,0.93,0.736655,0.517299,0.0,0.93,0.388337,0.49375,0.0,0.93,0.742905,0.493861,0.0,0.93,0.382087,0.470312,0.0,0.93,0.730405,0.504799,0.0,0.93,0.394587,0.48125,0.0,0.93,0.568024,0.459375,0.0,0.93,0.443024,0.459375,0.0,0.93,0.577399,0.58125,0.0,0.32,0.433649,0.58125,0.0,0.32,0.583649,0.684375,0.0,0.32,0.427399,0.684375,0.0,0.32,0.574274,0.7,0.0,0.32,0.436774,0.7,0.0,0.32,0.618024,0.69375,0.0,0.32,0.393024,0.69375,0.0,0.32,0.716342,0.498549,0.0,0.88,0.744645,0.523535,0.0,0.88,0.752036,0.53339,0.0,0.88,0.759427,0.543245,0.0,0.88,0.766818,0.5531,0.0,0.88,0.735812,0.526562,0.0,0.88,0.741407,0.537033,0.0,0.88,0.747002,0.547503,0.0,0.88,0.752597,0.557974,0.0,0.88,0.726979,0.529589,0.0,0.88,0.730778,0.540675,0.0,0.88,0.734577,0.551761,0.0,0.88,0.738376,0.562847,0.0,0.88,0.718146,0.532616,0.0,0.88,0.720149,0.544317,0.0,0.88,0.722152,0.556019,0.0,0.88,0.724154,0.56772,0.0,0.88,0.709312,0.535643,0.0,0.88,0.709519,0.54796,0.0,0.88,0.709726,0.560277,0.0,0.88,0.709933,0.572593,0.0,0.88,0.408649,0.475,0.0,0.61,0.400111,0.511776,0.0,0.61,0.399814,0.524091,0.0,0.61,0.399518,0.536406,0.0,0.61,0.399222,0.548721,0.0,0.61,0.40906,0.509113,0.0,0.61,0.410583,0.520886,0.0,0.61,0.412107,0.53266,0.0,0.61,0.41363,0.544433,0.0,0.61,0.41801,0.506449,0.0,0.61,0.421353,0.517681,0.0,0.61,0.424696,0.528913,0.0,0.61,0.428038,0.540145,0.0,0.61,0.426959,0.503785,0.0,0.61,0.432122,0.514476,0.0,0.61,0.437284,0.525166,0.0,0.61,0.442447,0.535856,0.0,0.61,0.435909,0.501122,0.0,0.61,0.442891,0.51127,0.0,0.61,0.449873,0.521419,0.0,0.61,0.456855,0.531568,0.0,0.61
fixture/demo,166,5.533333,0,0.505228,0.182787,0.0,0.93,0.514603,0.170287,0.0,0.93,0.522415,0.168724,0.0,0.93,0.530228,0.170287,0.0,0.93,0.495853,0.170287,0.0,0.93,0.48804,0.168724,0.0,0.93,0.480228,0.170287,0.0,0.93,0.542728,0.176537,0.0,0.93,0.467728,0.176537,0.0,0.93,0.517728,0.199974,0.0,0.93,0.492728,0.199974,0.0,0.93,0.586478,0.275,0.0,0.93,0.423978,0.275,0.0,0.93,0.674289,0.374294,0.0,0.93,0.383353,0.390648,0.0,0.93,0.718907,0.499112,0.0,0.93,0.408353,0.475,0.0,0.93,0.73922,0.517862,0.0,0.93,0.38804,0.49375,0.0,0.93,0.74547,0.494424,0.0,0.93,0.38179,0.470312,0.0,0.93,0.73297,0.505362,0.0,0.93,0.39429,0.48125,0.0,0.93,0.567728,0.459375,0.0,0.93,0.442728,0.459375,0.0,0.93,0.577103,0.58125,0.0,0.32,0.433353,0.58125,0.0,0.32,0.583353,0.684375,0.0,0.32,0.427103,0.684375,0.0,0.32,0.573978,0.7,0.0,0.32,0.436478,0.7,0.0,0.32,0.617728,0.69375,0.0,0.32,0.392728,0.69375,0.0,0.32,0.718907,0.499112,0.0,0.88,0.747537,0.523723,0.0,0.88,0.755057,0.53348,0.0,0.88,0.762577,0.543237,0.0,0.88,0.770097,0.552994,0.0,0.88,0.738745,0.526866,0.0,0.88,0.744477,0.537262,0.0,0.88,0.750209,0.547658,0.0,0.88,0.755941,0.558054,0.0,0.88,0.729952,0.530009,0.0,0.88,0.733897,0.541044,0.0,0.88,0.737841,0.552079,0.0,0.88,0.741786,0.563114,0.0,0.88,0.721159,0.533152,0.0,0.88,0.723316,0.544826,0.0,0.88,0.725473,0.5565,0.0,0.88,0.72763,0.568174,0.0,0.88,0.712367,0.536295,0.0,0.88,0.712736,0.548608,0.0,0.88,0.713105,0.560921,0.0,0.88,0.713475,0.573234,0.0,0.88,0.408353,0.475,0.0,0.61,0.399771,0.511767,0.0,0.61,0.399461,0.524081,0.0,0.61,0.399151,0.536396,0.0,0.61,0.39884,0.54871,0.0,0.61,0.408724,0.509113,0.0,0.61,0.410234,0.520888,0.0,0.61,0.411744,0.532663,0.0,0.61,0.413253,0.544439,0.0,0.61,0.417677,0.50646,0.0,0.61,0.421007,0.517696,0.0,0.61,0.424337,0.528931,0.0,0.61,0.427667,0.540167,0.0,0.61,0.426629,0.503807,0.0,0.61,0.431779,0.514503,0.0,0.61,0.43693,0.525199,0.0,0.61,0.44208,0.535895,0.0,0.61,0.435582,0.501153,0.0,0.61,0.442552,0.51131,0.0,0.61,0.449522,0.521467,0.0,0.61,0.456493,0.531623,0.0,0.61
fixture/demo,167,5.566667,0,0.504917,0.18271,0.0,0.93,0.514292,0.17021,0.0,0.93,0.522104,0.168648,0.0,0.93,0.529917,0.17021,0.0,0.93,0.495542,0.17021,0.0,0.93,0.487729,0.168648,0.0,0.93,0.479917,0.17021,0.0,0.93,0.542417,0.17646,0.0,0.93,0.467417,0.17646,0.0,0.93,0.517417,0.199898,0.0,0.93,0.492417,0.199898,0.0,0.93,0.586167,0.275,0.0,0.93,0.423667,0.275,0.0,0.93,0.674881,0.374607,0.0,0.93,0.383042,0.390275,0.0,0.93,0.721334,0.499643,0.0,0.93,0.408042,0.475,0.0,0.93,0.741646,0.518393,0.0,0.93,0.387729,0.49375,0.0,0.93,0.747896,0.494955,0.0,0.93,0.381479,0.470312,0.0,0.93,0.735396,0.505893,0.0,0.93,0.393979,0.48125,0.0,0.93,0.567417,0.459375,0.0,0.93,0.442417,0.459375,0.0,0.93,0.576792,0.58125,0.0,0.32,0.433042,0.58125,0.0,0.32,0.583042,0.684375,0.0,0.32,0.426792,0.684375,0.0,0.32,0.573667,0.7,0.0,0.32,0.436167,0.7,0.0,0.32,0.617417,0.69375,0.0,0.32,0.392417,0.69375,0.0,0.32,0.721334,0.499643,0.0,0.88,0.750267,0.523897,0.0,0.88,0.757907,0.53356,0.0,0.88,0.765548,0.543223,0.0,0.88,0.773188,0.552886,0.0,0.88,0.741514,0.527149,0.0,0.88,0.747375,0.537473,0.0,0.88,0.753236,0.547797,0.0,0.88,0.759096,0.558121,0.0,0.88,0.732761,0.530401,0.0,0.88,0.736842,0.541386,0.0,0.88,0.740923,0.552372,0.0,0.88,0.745005,0.563357,0.0,0.88,0.724008,0.533653,0.0,0.88,0.72631,0.545299,0.0,0.88,0.728611,0.556946,0.0,0.88,0.730913,0.568592,0.0,0.88,0.715255,0.536905,0.0,0.88,0.715777,0.549212,0.0,0.88,0.716299,0.56152,0.0,0.88,0.716821,0.573827,0.0,0.88,0.408042,0.475,0.0,0.61,0.399416,0.511756,0.0,0.61,0.399091,0.52407,0.0,0.61,0.398766,0.536385,0.0,0.61,0.398441,0.548699,0.0,0.61,0.408372,0.509114,0.0,0.61,0.409868,0.520891,0.0,0.61,0.411363,0.532667,0.0,0.61,0.412859,0.544444,0.0,0.61,0.417328,0.506471,0.0,0.61,0.420644,0.517711,0.0,0.61,0.423961,0.52895,0.0,0.61,0.427277,0.54019,0.0,0.61,0.426284,0.503828,0.0,0.61,0.431421,0.514531,0.0,0.61,0.436558,0.525233,0.0,0.61,0.441696,0.535936,0.0,0.61,0.435239,0.501186,0.0,0.61,0.442197,0.511351,0.0,0.61,0.449156,0.521516,0.0,0.61,0.456114,0.531681,0.0,0.61
fixture/demo,168,5.6,0,0.504592,0.182583,0.0,0.93,0.513967,0.170083,0.0,0.93,0.52178,0.168521,0.0,0.93,0.529592,0.170083,0.0,0.93,0.495217,0.170083,0.0,0.93,0.487405,0.168521,0.0,0.93,0.479592,0.170083,0.0,0.93,0.542092,0.176333,0.0,0.93,0.467092,0.176333,0.0,0.93,0.517092,0.199771,0.0,0.93,0.492092,0.199771,0.0,0.93,0.585842,0.275,0.0,0.93,0.423342,0.275,0.0,0.93,0.675423,0.374906,0.0,0.93,0.382717,0.389885,0.0,0.93,0.723615,0.500141,0.0,0.93,0.407717,0.475,0.0,0.93,0.743927,0.518891,0.0,0.93,0.387405,0.49375,0.0,0.93,0.750177,0.495453,0.0,0.93,0.381155,0.470312,0.0,0.93,0.737677,0.506391,0.0,0.93,0.393655,0.48125,0.0,0.93,0.567092,0.459375,0.0,0.93,0.442092,0.459375,0.0,0.93,0.576467,0.58125,0.0,0.32,0.432717,0.58125,0.0,0.32,0.582717,0.684375,0.0,0.32,0.426467,0.684375,0.0,0.32,0.573342,0.7,0.0,0.32,0.435842,0.7,0.0,0.32,0.617092,0.69375,0.0,0.32,0.392092,0.69375,0.0,0.32,0.723615,0.500141,0.0,0.88,0.752828,0.524057,0.0,0.88,0.76058,0.533631,0.0,0.88,0.768332,0.543204,0.0,0.88,0.776085,0.552777,0.0,0.88,0.744114,0.527411,0.0,0.88,0.750094,0.537666,0.0,0.88,0.756074,0.547921,0.0,0.88,0.762055,0.558176,0.0,0.88,0.735399,0.530764,0.0,0.88,0.739608,0.541701,0.0,0.88,0.743816,0.552638,0.0,0.88,0.748025,0.563575,0.0,0.88,0.726684,0.534118,0.0,0.88,0.729121,0.545736,0.0,0.88,0.731558,0.557355,0.0,0.88,0.733995,0.568974,0.0,0.88,0.71797,0.537471,0.0,0.88,0.718635,0.549772,0.0,0.88,0.7193,0.562072,0.0,0.88,0.719965,0.574373,0.0,0.88,0.407717,0.475,0.0,0.61,0.399046,0.511745,0.0,0.61,0.398706,0.524059,0.0,0.61,0.398365,0.536373,0.0,0.61,0.398025,0.548687,0.0,0.61,0.408005,0.509114,0.0,0.61,0.409486,0.520893,0.0,0.61,0.410967,0.532672,0.0,0.61,0.412448,0.54445,0.0,0.61,0.416964,0.506483,0.0,0.61,0.420267,0.517726,0.0,0.61,0.423569,0.52897,0.0,0.61,0.426872,0.540214,0.0,0.61,0.425923,0.503851,0.0,0.61,0.431047,0.51456,0.0,0.61,0.436171,0.525269,0.0,0.61,0.441295,0.535977,0.0,0.61,0.434882,0.50122,0.0,0.61,0.441828,0.511393,0.0,0.61,0.448773,0.521567,0.0,0.61,0.455719,0.531741,0.0,0.61
fixture/demo,169,5.633333,0,0.504255,0.182407,0.0,0.93,0.51363,0.169907,0.0,0.93,0.521442,0.168345,0.0,0.93,0.529255,0.169907,0.0,0.93,0.49488,0.169907,0.0,0.93,0.487067,0.168345,0.0,0.93,0.479255,0.169907,0.0,0.93,0.541755,0.176157,0.0,0.93,0.466755,0.176157,0.0,0.93,0.516755,0.199595,0.0,0.93,0.491755,0.199595,0.0,0.93,0.585505,0.275,0.0,0.93,0.423005,0.275,0.0,0.93,0.675915,0.375189,0.0,0.93,0.38238,0.389481,0.0,0.93,0.725744,0.500604,0.0,0.93,0.40738,0.475,0.0,0.93,0.746056,0.519354,0.0,0.93,0.387067,0.49375,0.0,0.93,0.752306,0.495917,0.0,0.93,0.380817,0.470312,0.0,0.93,0.739806,0.506854,0.0,0.93,0.393317,0.48125,0.0,0.93,0.566755,0.459375,0.0,0.93,0.441755,0.459375,0.0,0.93,0.57613,0.58125,0.0,0.32,0.43238,0.58125,0.0,0.32,0.58238,0.684375,0.0,0.32,0.42613,0.684375,0.0,0.32,0.573005,0.7,0.0,0.32,0.435505,0.7,0.0,0.32,0.616755,0.69375,0.0,0.32,0.391755,0.69375,0.0,0.32,0.725744,0.500604,0.0,0.88,0.755214,0.524203,0.0,0.88,0.76307,0.533691,0.0,0.88,0.770925,0.54318,0.0,0.88,0.778781,0.552669,0.0,0.88,0.746537,0.52765,0.0,0.88,0.752628,0.53784,0.0,0.88,0.758719,0.54803,0.0,0.88,0.76481,0.55822,0.0,0.88,0.737859,0.531098,0.0,0.88,0.742186,0.541989,0.0,0.88,0.746513,0.552879,0.0,0.88,0.75084,0.56377,0.0,0.88,0.729181,0.534546,0.0,0.88,0.731744,0.546137,0.0,0.88,0.734307,0.557729,0.0,0.88,0.736869,0.569321,0.0,0.88,0.720504,0.537994,0.0,0.88,0.721302,0.550286,0.0,0.88,0.7221,0.562579,0.0,0.88,0.722899,0.574871,0.0,0.88,0.40738,0.475,0.0,0.61,0.398662,0.511734,0.0,0.61,0.398306,0.524048,0.0,0.61,0.39795,0.536361,0.0,0.61,0.397593,0.548674,0.0,0.61,0.407624,0.509114,0.0,0.61,0.40909,0.520895,0.0,0.61,0.410556,0.532676,0.0,0.61,0.412022,0.544456,0.0,0.61,0.416587,0.506494,0.0,0.61,0.419875,0.517742,0.0,0.61,0.423163,0.52899,0.0,0.61,0.426451,0.540238,0.0,0.61,0.425549,0.503874,0.0,0.61,0.43066,0.51459,0.0,0.61,0.43577,0.525305,0.0,0.61,0.44088,0.53602,0.0,0.61,0.434512,0.501254,0.0,0.61,0.441444,0.511437,0.0,0.61,0.448377,0.52162,0.0,0.61,0.455309,0.531802,0.0,0.61
fixture/demo,170,5.666667,0,0.503906,0.182184,0.0,0.93,0.513281,0.169684,0.0,0.93,0.521094,0.168122,0.0,0.93,0.528906,0.169684,0.0,0.93,0.494531,0.169684,0.0,0.93,0.486719,0.168122,0.0,0.93,0.478906,0.169684,0.0,0.93,0.541406,0.175934,0.0,0.93,0.466406,0.175934,0.0,0.93,0.516406,0.199372,0.0,0.93,0.491406,0.199372,0.0,0.93,0.585156,0.275,0.0,0.93,0.422656,0.275,0.0,0.93,0.676354,0.375453,0.0,0.93,0.382031,0.389062,0.0,0.93,0.727714,0.501032,0.0,0.93,0.407031,0.475,0.0,0.93,0.748026,0.519782,0.0,0.93,0.386719,0.49375,0.0,0.93,0.754276,0.496344,0.0,0.93,0.380469,0.470312,0.0,0.93,0.741776,0.507282,0.0,0.93,0.392969,0.48125,0.0,0.93,0.566406,0.459375,0.0,0.93,0.441406,0.459375,0.0,0.93,0.575781,0.58125,0.0,0.32,0.432031,0.58125,0.0,0.32,0.582031,0.684375,0.0,0.32,0.425781,0.684375,0.0,0.32,0.572656,0.7,0.0,0.32,0.435156,0.7,0.0,0.32,0.616406,0.69375,0.0,0.32,0.391406,0.69375,0.0,0.32,0.727714,0.501032,0.0,0.88,0.75742,0.524333,0.0,0.88,0.76537,0.533742,0.0,0.88,0.773321,0.543152,0.0,0.88,0.781271,0.552561,0.0,0.88,0.748777,0.527868,0.0,0.88,0.754971,0.537996,0.0,0.88,0.761164,0.548124,0.0,0.88,0.767357,0.558252,0.0,0.88,0.740135,0.531402,0.0,0.88,0.744571,0.542249,0.0,0.88,0.749007,0.553096,0.0,0.88,0.753443,0.563942,0.0,0.88,0.731492,0.534937,0.0,0.88,0.734171,0.546502,0.0,0.88,0.73685,0.558068,0.0,0.88,0.739529,0.569633,0.0,0.88,0.722849,0.538472,0.0,0.88,0.723771,0.550756,0.0,0.88,0.724693,0.56304,0.0,0.88,0.725615,0.575324,0.0,0.88,0.407031,0.475,0.0,0.61,0.398265,0.511723,0.0,0.61,0.397893,0.524036,0.0,0.61,0.39752,0.536349,0.0,0.61,0.397148,0.548661,0.0,0.61,0.407231,0.509115,0.0,0.61,0.408681,0.520897,0.0,0.61,0.410132,0.53268,0.0,0.61,0.411582,0.544462,0.0,0.61,0.416197,0.506506,0.0,0.61,0.41947,0.517759,0.0,0.61,0.422744,0.529011,0.0,0.61,0.426017,0.540263,0.0,0.61,0.425163,0.503898,0.0,0.61,0.430259,0.51462,0.0,0.61,0.435355,0.525342,0.0,0.61,0.440451,0.536064,0.0,0.61,0.434128,0.50129,0.0,0.61,0.441048,0.511482,0.0,0.61,0.447967,0.521673,0.0,0.61,0.454886,0.531865,0.0,0.61
fixture/demo,171,5.7,0,0.503547,0.181917,0.0,0.93,0.512922,0.169417,0.0,0.93,0.520734,0.167855,0.0,0.93,0.528547,0.169417,0.0,0.93,0.494172,0.169417,0.0,0.93,0.486359,0.167855,0.0,0.93,0.478547,0.169417,0.0,0.93,0.541047,0.175667,0.0,0.93,0.466047,0.175667,0.0,0.93,0.516047,0.199105,0.0,0.93,0.491047,0.199105,0.0,0.93,0.584797,0.275,0.0,0.93,0.422297,0.275,0.0,0.93,0.676737,0.375696,0.0,0.93,0.381672,0.388631,0.0,0.93,0.729519,0.501422,0.0,0.93,0.406672,0.475,0.0,0.93,0.749831,0.520172,0.0,0.93,0.386359,0.49375,0.0,0.93,0.756081,0.496734,0.0,0.93,0.380109,0.470312,0.0,0.93,0.743581,0.507672,0.0,0.93,0.392609,0.48125,0.0,0.93,0.566047,0.459375,0.0,0.93,0.441047,0.459375,0.0,0.93,0.575422,0.58125,0.0,0.32,0.431672,0.58125,0.0,0.32,0.581672,0.684375,0.0,0.32,0.425422,0.684375,0.0,0.32,0.572297,0.7,0.0,0.32,0.434797,0.7,0.0,0.32,0.616047,0.69375,0.0,0.32,0.391047,0.69375,0.0,0.32,0.729519,0.501422,0.0,0.88,0.759439,0.524448,0.0,0.88,0.767476,0.533783,0.0,0.88,0.775513,0.543119,0.0,0.88,0.78355,0.552454,0.0,0.88,0.75083,0.528062,0.0,0.88,0.757116,0.538132,0.0,0.88,0.763403,0.548203,0.0,0.88,0.769689,0.558273,0.0,0.88,0.74222,0.531677,0.0,0.88,0.746756,0.542482,0.0,0.88,0.751292,0.553287,0.0,0.88,0.755829,0.564092,0.0,0.88,0.73361,0.535291,0.0,0.88,0.736396,0.546831,0.0,0.88,0.739182,0.558371,0.0,0.88,0.741968,0.569911,0.0,0.88,0.725001,0.538905,0.0,0.88,0.726036,0.55118,0.0,0.88,0.727071,0.563455,0.0,0.88,0.728107,0.57573,0.0,0.88,0.406672,0.475,0.0,0.61,0.397856,0.511711,0.0,0.61,0.397468,0.524023,0.0,0.61,0.397079,0.536336,0.0,0.61,0.39669,0.548648,0.0,0.61,0.406826,0.509115,0.0,0.61,0.40826,0.520899,0.0,0.61,0.409695,0.532684,0.0,0.61,0.41113,0.544468,0.0,0.61,0.415795,0.506519,0.0,0.61,0.419053,0.517775,0.0,0.61,0.422312,0.529032,0.0,0.61,0.42557,0.540289,0.0,0.61,0.424764,0.503922,0.0,0.61,0.429846,0.514651,0.0,0.61,0.434928,0.52538,0.0,0.61,0.44001,0.536109,0.0,0.61,0.433734,0.501326,0.0,0.61,0.440639,0.511527,0.0,0.61,0.447545,0.521728,0.0,0.61,0.45445,0.531929,0.0,0.61
fixture/demo,172,5.733333,0,0.503178,0.181608,0.0,0.93,0.512553,0.169108,0.0,0.93,0.520365,0.167546,0.0,0.93,0.528178,0.169108,0.0,0.93,0.493803,0.169108,0.0,0.93,0.48599,0.167546,0.0,0.93,0.478178,0.169108,0.0,0.93,0.540678,0.175358,0.0,0.93,0.465678,0.175358,0.0,0.93,0.515678,0.198796,0.0,0.93,0.490678,0.198796,0.0,0.93,0.584428,0.275,0.0,0.93,0.421928,0.275,0.0,0.93,0.677064,0.375917,0.0,0.93,0.381303,0.388188,0.0,0.93,0.731153,0.501774,0.0,0.93,0.406303,0.475,0.0,0.93,0.751466,0.520524,0.0,0.93,0.38599,0.49375,0.0,0.93,0.757716,0.497087,0.0,0.93,0.37974,0.470312,0.0,0.93,0.745216,0.508024,0.0,0.93,0.39224,0.48125,0.0,0.93,0.565678,0.459375,0.0,0.93,0.440678,0.459375,0.0,0.93,0.575053,0.58125,0.0,0.32,0.431303,0.58125,0.0,0.32,0.581303,0.684375,0.0,0.32,0.425053,0.684375,0.0,0.32,0.571928,0.7,0.0,0.32,0.434428,0.7,0.0,0.32,0.615678,0.69375,0.0,0.32,0.390678,0.69375,0.0,0.32,0.731153,0.501774,0.0,0.88,0.761267,0.524547,0.0,0.88,0.769382,0.533814,0.0,0.88,0.777498,0.543081,0.0,0.88,0.785613,0.552349,0.0,0.88,0.752688,0.528234,0.0,0.88,0.759059,0.538251,0.0,0.88,0.765431,0.548268,0.0,0.88,0.771802,0.558284,0.0,0.88,0.744109,0.531921,0.0,0.88,0.748736,0.542687,0.0,0.88,0.753364,0.553454,0.0,0.88,0.757991,0.56422,0.0,0.88,0.73553,0.535607,0.0,0.88,0.738413,0.547124,0.0,0.88,0.741296,0.55864,0.0,0.88,0.744179,0.570156,0.0,0.88,0.726952,0.539294,0.0,0.88,0.72809,0.55156,0.0,0.88,0.729229,0.563826,0.0,0.88,0.730368,0.576092,0.0,0.88,0.406303,0.475,0.0,0.61,0.397437,0.511699,0.0,0.61,0.397032,0.524011,0.0,0.61,0.396626,0.536323,0.0,0.61,0.39622,0.548635,0.0,0.61,0.40641,0.509115,0.0,0.61,0.407829,0.520902,0.0,0.61,0.409247,0.532688,0.0,0.61,0.410666,0.544474,0.0,0.61,0.415383,0.506531,0.0,0.61,0.418626,0.517792,0.0,0.61,0.421869,0.529053,0.0,0.61,0.425112,0.540314,0.0,0.61,0.424356,0.503947,0.0,0.61,0.429423,0.514683,0.0,0.61,0.43449,0.525419,0.0,0.61,0.439558,0.536154,0.0,0.61,0.433329,0.501363,0.0,0.61,0.44022,0.511573,0.0,0.61,0.447112,0.521784,0.0,0.61,0.454003,0.531994,0.0,0.61
fixture/demo,173,5.766667,0,0.5028,0.181262,0.0,0.93,0.512175,0.168762,0.0,0.93,0.519987,0.167199,0.0,0.93,0.5278,0.168762,0.0,0.93,0.493425,0.168762,0.0,0.93,0.485612,0.167199,0.0,0.93,0.4778,0.168762,0.0,0.93,0.5403,0.175012,0.0,0.93,0.4653,0.175012,0.0,0.93,0.5153,0.198449,0.0,0.93,0.4903,0.198449,0.0,0.93,0.58405,0.275,0.0,0.93,0.42155,0.275,0.0,0.93,0.677331,0.376113,0.0,0.93,0.380925,0.387735,0.0,0.93,0.732612,0.502087,0.0,0.93,0.405925,0.475,0.0,0.93,0.752924,0.520837,0.0,0.93,0.385612,0.49375,0.0,0.93,0.759174,0.4974,0.0,0.93,0.379362,0.470312,0.0,0.93,0.746674,0.508337,0.0,0.93,0.391862,0.48125,0.0,0.93,0.5653,0.459375,0.0,0.93,0.4403,0.459375,0.0,0.93,0.574675,0.58125,0.0,0.32,0.430925,0.58125,0.0,0.32,0.580925,0.684375,0.0,0.32,0.424675,0.684375,0.0,0.32,0.57155,0.7,0.0,0.32,0.43405,0.7,0.0,0.32,0.6153,0.69375,0.0,0.32,0.3903,0.69375,0.0,0.32,0.732612,0.502087,0.0,0.88,0.762898,0.52463,0.0,0.88,0.771084,0.533835,0.0,0.88,0.779269,0.54304,0.0,0.88,0.787455,0.552245,0.0,0.88,0.754347,0.528382,0.0,0.88,0.760795,0.53835,0.0,0.88,0.767242,0.548318,0.0,0.88,0.77369,0.558286,0.0,0.88,0.745797,0.532134,0.0,0.88,0.750506,0.542865,0.0,0.88,0.755215,0.553596,0.0,0.88,0.759924,0.564327,0.0,0.88,0.737246,0.535886,0.0,0.88,0.740217,0.54738,0.0,0.88,0.743188,0.558874,0.0,0.88,0.746158,0.570368,0.0,0.88,0.728696,0.539638,0.0,0.88,0.729928,0.551895,0.0,0.88,0.73116,0.564152,0.0,0.88,0.732392,0.576408,0.0,0.88,0.405925,0.475,0.0,0.61,0.397009,0.511687,0.0,0.61,0.396586,0.523998,0.0,0.61,0.396163,0.536309,0.0,0.61,0.395741,0.54862,0.0,0.61,0.405985,0.509115,0.0,0.61,0.407387,0.520904,0.0,0.61,0.40879,0.532692,0.0,0.61,0.410192,0.54448,0.0,0.61,0.414961,0.506544,0.0,0.61,0.418189,0.517809,0.0,0.61,0.421416,0.529075,0.0,0.61,0.424644,0.54034,0.0,0.61,0.423938,0.503972,0.0,0.61,0.42899,0.514715,0.0,0.61,0.434043,0.525457,0.0,0.61,0.439095,0.5362,0.0,0.61,0.432914,0.5014,0.0,0.61,0.439792,0.51162,0.0,0.61,0.446669,0.52184,0.0,0.61,0.453547,0.53206,0.0,0.61
fixture/demo,174,5.8,0,0.502414,0.18088,0.0,0.93,0.511789,0.16838,0.0,0.93,0.519602,0.166818,0.0,0.93,0.527414,0.16838,0.0,0.93,0.493039,0.16838,0.0,0.93,0.485227,0.166818,0.0,0.93,0.477414,0.16838,0.0,0.93,0.539914,0.17463,0.0,0.93,0.464914,0.17463,0.0,0.93,0.514914,0.198068,0.0,0.93,0.489914,0.198068,0.0,0.93,0.583664,0.275,0.0,0.93,0.421164,0.275,0.0,0.93,0.677538,0.376284,0.0,0.93,0.380539,0.387272,0.0,0.93,0.733888,0.50236,0.0,0.93,0.405539,0.475,0.0,0.93,0.754201,0.52111,0.0,0.93,0.385227,0.49375,0.0,0.93,0.760451,0.497673,0.0,0.93,0.378977,0.470312,0.0,0.93,0.747951,0.50861,0.0,0.93,0.391477,0.48125,0.0,0.93,0.564914,0.459375,0.0,0.93,0.439914,0.459375,0.0,0.93,0.574289,0.58125,0.0,0.32,0.430539,0.58125,0.0,0.32,0.580539,0.684375,0.0,0.32,0.424289,0.684375,0.0,0.32,0.571164,0.7,0.0,0.32,0.433664,0.7,0.0,0.32,0.614914,0.69375,0.0,0.32,0.389914,0.69375,0.0,0.32,0.733888,0.50236,0.0,0.88,0.764327,0.524696,0.0,0.88,0.772575,0.533846,0.0,0.88,0.780824,0.542995,0.0,0.88,0.789072,0.552145,0.0,0.88,0.755802,0.528507,0.0,0.88,0.762317,0.538431,0.0,0.88,0.768832,0.548355,0.0,0.88,0.775347,0.558279,0.0,0.88,0.747278,0.532317,0.0,0.88,0.752059,0.543015,0.0,0.88,0.756841,0.553714,0.0,0.88,0.761623,0.564413,0.0,0.88,0.738753,0.536127,0.0,0.88,0.741801,0.5476,0.0,0.88,0.74485,0.559074,0.0,0.88,0.747899,0.570547,0.0,0.88,0.730228,0.539937,0.0,0.88,0.731544,0.552185,0.0,0.88,0.732859,0.564433,0.0,0.88,0.734175,0.576681,0.0,0.88,0.405539,0.475,0.0,0.61,0.396572,0.511674,0.0,0.61,0.396132,0.523985,0.0,0.61,0.395692,0.536296,0.0,0.61,0.395252,0.548606,0.0,0.61,0.405552,0.509115,0.0,0.61,0.406938,0.520906,0.0,0.61,0.408324,0.532696,0.0,0.61,0.40971,0.544486,0.0,0.61,0.414532,0.506556,0.0,0.61,0.417743,0.517826,0.0,0.61,0.420955,0.529096,0.0,0.61,0.424167,0.540366,0.0,0.61,0.423512,0.503997,0.0,0.61,0.428549,0.514747,0.0,0.61,0.433587,0.525497,0.0,0.61,0.438624,0.536246,0.0,0.61,0.432492,0.501438,0.0,0.61,0.439355,0.511668,0.0,0.61,0.446218,0.521897,0.0,0.61,0.453081,0.532127,0.0,0.61
fixture/demo,175,5.833333,0,0.502022,0.180469,0.0,0.93,0.511397,0.167969,0.0,0.93,0.51921,0.166406,0.0,0.93,0.527022,0.167969,0.0,0.93,0.492647,0.167969,0.0,0.93,0.484835,0.166406,0.0,0.93,0.477022,0.167969,0.0,0.93,0.539522,0.174219,0.0,0.93,0.464522,0.174219,0.0,0.93,0.514522,0.197656,0.0,0.93,0.489522,0.197656,0.0,0.93,0.583272,0.275,0.0,0.93,0.420772,0.275,0.0,0.93,0.677682,0.376427,0.0,0.93,0.380147,0.386801,0.0,0.93,0.734979,0.502593,0.0,0.93,0.405147,0.475,0.0,0.93,0.755291,0.521343,0.0,0.93,0.384835,0.49375,0.0,0.93,0.761541,0.497905,0.0,0.93,0.378585,0.470312,0.0,0.93,0.749041,0.508843,0.0,0.93,0.391085,0.48125,0.0,0.93,0.564522,0.459375,0.0,0.93,0.439522,0.459375,0.0,0.93,0.573897,0.58125,0.0,0.32,0.430147,0.58125,0.0,0.32,0.580147,0.684375,0.0,0.32,0.423897,0.684375,0.0,0.32,0.570772,0.7,0.0,0.32,0.433272,0.7,0.0,0.32,0.614522,0.69375,0.0,0.32,0.389522,0.69375,0.0,0.32,0.734979,0.502593,0.0,0.88,0.76555,0.524746,0.0,0.88,0.773853,0.533846,0.0,0.88,0.782156,0.542946,0.0,0.88,0.790459,0.552046,0.0,0.88,0.757049,0.528607,0.0,0.88,0.763623,0.538492,0.0,0.88,0.770197,0.548377,0.0,0.88,0.776771,0.558262,0.0,0.88,0.748547,0.532469,0.0,0.88,0.753393,0.543138,0.0,0.88,0.758238,0.553808,0.0,0.88,0.763084,0.564478,0.0,0.88,0.740045,0.53633,0.0,0.88,0.743162,0.547785,0.0,0.88,0.746279,0.55924,0.0,0.88,0.749396,0.570694,0.0,0.88,0.731543,0.540191,0.0,0.88,0.732932,0.552431,0.0,0.88,0.73432,0.564671,0.0,0.88,0.735709,0.576911,0.0,0.88,0.405147,0.475,0.0,0.61,0.396128,0.511662,0.0,0.61,0.395671,0.523972,0.0,0.61,0.395214,0.536282,0.0,0.61,0.394757,0.548592,0.0,0.61,0.405112,0.509115,0.0,0.61,0.406481,0.520908,0.0,0.61,0.40785,0.5327,0.0,0.61,0.40922,0.544492,0.0,0.61,0.414095,0.506569,0.0,0.61,0.417291,0.517843,0.0,0.61,0.420487,0.529118,0.0,0.61,0.423683,0.540393,0.0,0.61,0.423079,0.504022,0.0,0.61,0.428101,0.514779,0.0,0.61,0.433123,0.525536,0.0,0.61,0.438146,0.536293,0.0,0.61,0.432062,0.501476,0.0,0.61,0.438911,0.511715,0.0,0.61,0.44576,0.521954,0.0,0.61,0.452609,0.532193,0.0,0.61
fixture/demo,176,5.866667,0,0.501624,0.180032,0.0,0.93,0.510999,0.167532,0.0,0.93,0.518812,0.165969,0.0,0.93,0.526624,0.167532,0.0,0.93,0.492249,0.167532,0.0,0.93,0.484437,0.165969,0.0,0.93,0.476624,0.167532,0.0,0.93,0.539124,0.173782,0.0,0.93,0.464124,0.173782,0.0,0.93,0.514124,0.197219,0.0,0.93,0.489124,0.197219,0.0,0.93,0.582874,0.275,0.0,0.93,0.420374,0.275,0.0,0.93,0.677762,0.376542,0.0,0.93,0.379749,0.386324,0.0,0.93,0.735879,0.502784,0.0,0.93,0.404749,0.475,0.0,0.93,0.756191,0.521534,0.0,0.93,0.384437,0.49375,0.0,0.93,0.762441,0.498096,0.0,0.93,0.378187,0.470312,0.0,0.93,0.749941,0.509034,0.0,0.93,0.390687,0.48125,0.0,0.93,0.564124,0.459375,0.0,0.93,0.439124,0.459375,0.0,0.93,0.573499,0.58125,0.0,0.32,0.429749,0.58125,0.0,0.32,0.579749,0.684375,0.0,0.32,0.423499,0.684375,0.0,0.32,0.570374,0.7,0.0,0.32,0.432874,0.7,0.0,0.32,0.614124,0.69375,0.0,0.32,0.389124,0.69375,0.0,0.32,0.735879,0.502784,0.0,0.88,0.766564,0.52478,0.0,0.88,0.774913,0.533837,0.0,0.88,0.783263,0.542894,0.0,0.88,0.791612,0.551951,0.0,0.88,0.758082,0.528685,0.0,0.88,0.764707,0.538536,0.0,0.88,0.771332,0.548387,0.0,0.88,0.777957,0.558238,0.0,0.88,0.7496,0.532589,0.0,0.88,0.754501,0.543234,0.0,0.88,0.759401,0.553879,0.0,0.88,0.764302,0.564524,0.0,0.88,0.741118,0.536494,0.0,0.88,0.744294,0.547933,0.0,0.88,0.74747,0.559372,0.0,0.88,0.750646,0.57081,0.0,0.88,0.732637,0.540399,0.0,0.88,0.734088,0.552631,0.0,0.88,0.73554,0.564864,0.0,0.88,0.736991,0.577097,0.0,0.88,0.404749,0.475,0.0,0.61,0.395679,0.511649,0.0,0.61,0.395204,0.523958,0.0,0.61,0.394729,0.536268,0.0,0.61,0.394255,0.548577,0.0,0.61,0.404666,0.509115,0.0,0.61,0.406018,0.520909,0.0,0.61,0.407371,0.532704,0.0,0.61,0.408724,0.544498,0.0,0.61,0.413653,0.506581,0.0,0.61,0.416833,0.51786,0.0,0.61,0.420013,0.52914,0.0,0.61,0.423193,0.540419,0.0,0.61,0.42264,0.504048,0.0,0.61,0.427647,0.514812,0.0,0.61,0.432654,0.525576,0.0,0.61,0.437661,0.53634,0.0,0.61,0.431627,0.501514,0.0,0.61,0.438462,0.511763,0.0,0.61,0.445296,0.522012,0.0,0.61,0.45213,0.53226,0.0,0.61
fixture/demo,177,5.9,0,0.501222,0.179574,0.0,0.93,0.510597,0.167074,0.0,0.93,0.51841,0.165511,0.0,0.93,0.526222,0.167074,0.0,0.93,0.491847,0.167074,0.0,0.93,0.484035,0.165511,0.0,0.93,0.476222,0.167074,0.0,0.93,0.538722,0.173324,0.0,0.93,0.463722,0.173324,0.0,0.93,0.513722,0.196761,0.0,0.93,0.488722,0.196761,0.0,0.93,0.582472,0.275,0.0,0.93,0.419972,0.275,0.0,0.93,0.677777,0.376628,0.0,0.93,0.379347,0.385842,0.0,0.93,0.736584,0.502933,0.0,0.93,0.404347,0.475,0.0,0.93,0.756897,0.521683,0.0,0.93,0.384035,0.49375,0.0,0.93,0.763147,0.498245,0.0,0.93,0.377785,0.470312,0.0,0.93,0.750647,0.509183,0.0,0.93,0.390285,0.48125,0.0,0.93,0.563722,0.459375,0.0,0.93,0.438722,0.459375,0.0,0.93,0.573097,0.58125,0.0,0.32,0.429347,0.58125,0.0,0.32,0.579347,0.684375,0.0,0.32,0.423097,0.684375,0.0,0.32,0.569972,0.7,0.0,0.32,0.432472,0.7,0.0,0.32,0.613722,0.69375,0.0,0.32,0.388722,0.69375,0.0,0.32,0.736584,0.502933,0.0,0.88,0.767364,0.524796,0.0,0.88,0.775752,0.533818,0.0,0.88,0.784141,0.542839,0.0,0.88,0.792529,0.55186,0.0,0.88,0.758899,0.528738,0.0,0.88,0.765566,0.53856,0.0,0.88,0.772234,0.548383,0.0,0.88,0.778901,0.558205,0.0,0.88,0.750434,0.532679,0.0,0.88,0.75538,0.543303,0.0,0.88,0.760327,0.553926,0.0,0.88,0.765273,0.56455,0.0,0.88,0.741969,0.53662,0.0,0.88,0.745194,0.548045,0.0,0.88,0.74842,0.55947,0.0,0.88,0.751645,0.570895,0.0,0.88,0.733504,0.540561,0.0,0.88,0.735008,0.552788,0.0,0.88,0.736512,0.565014,0.0,0.88,0.738017,0.57724,0.0,0.88,0.404347,0.475,0.0,0.61,0.395225,0.511636,0.0,0.61,0.394733,0.523945,0.0,0.61,0.394241,0.536253,0.0,0.61,0.393749,0.548562,0.0,0.61,0.404215,0.509115,0.0,0.61,0.405551,0.520911,0.0,0.61,0.406887,0.532707,0.0,0.61,0.408223,0.544503,0.0,0.61,0.413206,0.506594,0.0,0.61,0.41637,0.517878,0.0,0.61,0.419534,0.529161,0.0,0.61,0.422698,0.540445,0.0,0.61,0.422197,0.504073,0.0,0.61,0.427189,0.514844,0.0,0.61,0.432181,0.525615,0.0,0.61,0.437172,0.536386,0.0,0.61,0.431188,0.501552,0.0,0.61,0.438007,0.51181,0.0,0.61,0.444827,0.522069,0.0,0.61,0.451647,0.532327,0.0,0.61
fixture/demo,178,5.933333,0,0.500817,0.1791,0.0,0.93,0.510192,0.1666,0.0,0.93,0.518004,0.165037,0.0,0.93,0.525817,0.1666,0.0,0.93,0.491442,0.1666,0.0,0.93,0.483629,0.165037,0.0,0.93,0.475817,0.1666,0.0,0.93,0.538317,0.17285,0.0,0.93,0.463317,0.17285,0.0,0.93,0.513317,0.196287,0.0,0.93,0.488317,0.196287,0.0,0.93,0.582067,0.275,0.0,0.93,0.419567,0.275,0.0,0.93,0.677726,0.376683,0.0,0.93,0.378942,0.385355,0.0,0.93,0.737091,0.503039,0.0,0.93,0.403942,0.475,0.0,0.93,0.757404,0.521789,0.0,0.93,0.383629,0.49375,0.0,0.93,0.763654,0.498352,0.0,0.93,0.377379,0.470312,0.0,0.93,0.751154,0.509289,0.0,0.93,0.389879,0.48125,0.0,0.93,0.563317,0.459375,0.0,0.93,0.438317,0.459375,0.0,0.93,0.572692,0.58125,0.0,0.32,0.428942,0.58125,0.0,0.32,0.578942,0.684375,0.0,0.32,0.422692,0.684375,0.0,0.32,0.569567,0.7,0.0,0.32,0.432067,0.7,0.0,0.32,0.613317,0.69375,0.0,0.32,0.388317,0.69375,0.0,0.32,0.737091,0.503039,0.0,0.88,0.767947,0.524796,0.0,0.88,0.776366,0.533788,0.0,0.88,0.784786,0.54278,0.0,0.88,0.793206,0.551772,0.0,0.88,0.759495,0.528767,0.0,0.88,0.766197,0.538566,0.0,0.88,0.772898,0.548365,0.0,0.88,0.7796,0.558165,0.0,0.88,0.751044,0.532738,0.0,0.88,0.756027,0.543344,0.0,0.88,0.761011,0.55395,0.0,0.88,0.765994,0.564557,0.0,0.88,0.742593,0.536708,0.0,0.88,0.745858,0.548122,0.0,0.88,0.749123,0.559536,0.0,0.88,0.752388,0.570949,0.0,0.88,0.734142,0.540679,0.0,0.88,0.735688,0.5529,0.0,0.88,0.737235,0.565121,0.0,0.88,0.738782,0.577342,0.0,0.88,0.403942,0.475,0.0,0.61,0.394767,0.511623,0.0,0.61,0.394258,0.523931,0.0,0.61,0.393749,0.536239,0.0,0.61,0.393239,0.548547,0.0,0.61,0.403762,0.509115,0.0,0.61,0.405081,0.520913,0.0,0.61,0.4064,0.532711,0.0,0.61,0.40772,0.544509,0.0,0.61,0.412756,0.506606,0.0,0.61,0.415904,0.517894,0.0,0.61,0.419052,0.529182,0.0,0.61,0.4222,0.540471,0.0,0.61,0.42175,0.504098,0.0,0.61,0.426727,0.514876,0.0,0.61,0.431704,0.525654,0.0,0.61,0.43668,0.536432,0.0,0.61,0.430745,0.50159,0.0,0.61,0.43755,0.511858,0.0,0.61,0.444355,0.522126,0.0,0.61,0.45116,0.532394,0.0,0.61
fixture/demo,179,5.966667,0,0.500409,0.178615,0.0,0.93,0.509784,0.166115,0.0,0.93,0.517596,0.164552,0.0,0.93,0.525409,0.166115,0.0,0.93,0.491034,0.166115,0.0,0.93,0.483221,0.164552,0.0,0.93,0.475409,0.166115,0.0,0.93,0.537909,0.172365,0.0,0.93,0.462909,0.172365,0.0,0.93,0.512909,0.195802,0.0,0.93,0.487909,0.195802,0.0,0.93,0.581659,0.275,0.0,0.93,0.419159,0.275,0.0,0.93,0.677608,0.376708,0.0,0.93,0.378534,0.384866,0.0,0.93,0.737397,0.503104,0.0,0.93,0.403534,0.475,0.0,0.93,0.75771,0.521854,0.0,0.93,0.383221,0.49375,0.0,0.93,0.76396,0.498416,0.0,0.93,0.376971,0.470312,0.0,0.93,0.75146,0.509354,0.0,0.93,0.389471,0.48125,0.0,0.93,0.562909,0.459375,0.0,0.93,0.437909,0.459375,0.0,0.93,0.572284,0.58125,0.0,0.32,0.428534,0.58125,0.0,0.32,0.578534,0.684375,0.0,0.32,0.422284,0.684375,0.0,0.32,0.569159,0.7,0.0,0.32,0.431659,0.7,0.0,0.32,0.612909,0.69375,0.0,0.32,0.387909,0.69375,0.0,0.32,0.737397,0.503104,0.0,0.88,0.76831,0.524779,0.0,0.88,0.776753,0.533749,0.0,0.88,0.785196,0.542719,0.0,0.88,0.79364,0.551689,0.0,0.88,0.759869,0.528772,0.0,0.88,0.766596,0.538554,0.0,0.88,0.773323,0.548335,0.0,0.88,0.78005,0.558117,0.0,0.88,0.751428,0.532765,0.0,0.88,0.756439,0.543358,0.0,0.88,0.76145,0.553952,0.0,0.88,0.766461,0.564545,0.0,0.88,0.742987,0.536758,0.0,0.88,0.746282,0.548163,0.0,0.88,0.749577,0.559568,0.0,0.88,0.752872,0.570973,0.0,0.88,0.734547,0.54075,0.0,0.88,0.736125,0.552967,0.0,0.88,0.737704,0.565184,0.0,0.88,0.739283,0.577401,0.0,0.88,0.403534,0.475,0.0,0.61,0.394308,0.51161,0.0,0.61,0.393782,0.523917,0.0,0.61,0.393255,0.536225,0.0,0.61,0.392728,0.548532,0.0,0.61,0.403306,0.509114,0.0,0.61,0.404609,0.520914,0.0,0.61,0.405911,0.532714,0.0,0.61,0.407214,0.544514,0.0,0.61,0.412304,0.506619,0.0,0.61,0.415436,0.517911,0.0,0.61,0.418568,0.529204,0.0,0.61,0.4217,0.540496,0.0,0.61,0.421302,0.504123,0.0,0.61,0.426263,0.514908,0.0,0.61,0.431225,0.525693,0.0,0.61,0.436186,0.536478,0.0,0.61,0.430299,0.501627,0.0,0.61,0.43709,0.511905,0.0,0.61,0.443881,0.522183,0.0,0.61,0.450672,0.53246,0.0,0.61
fixture/demo,180,6.0,0,0.5,0.178125,0.0,0.93,0.509375,0.165625,0.0,0.93,0.517188,0.164062,0.0,0.93,0.525,0.165625,0.0,0.93,0.490625,0.165625,0.0,0.93,0.482812,0.164062,0.0,0.93,0.475,0.165625,0.0,0.93,0.5375,0.171875,0.0,0.93,0.4625,0.171875,0.0,0.93,0.5125,0.195312,0.0,0.93,0.4875,0.195312,0.0,0.93,0.58125,0.275,0.0,0.93,0.41875,0.275,0.0,0.93,0.677423,0.376701,0.0,0.93,0.378125,0.384375,0.0,0.93,0.7375,0.503125,0.0,0.93,0.403125,0.475,0.0,0.93,0.757812,0.521875,0.0,0.93,0.382812,0.49375,0.0,0.93,0.764062,0.498438,0.0,0.93,0.376562,0.470312,0.0,0.93,0.751562,0.509375,0.0,0.93,0.389062,0.48125,0.0,0.93,0.5625,0.459375,0.0,0.93,0.4375,0.459375,0.0,0.93,0.571875,0.58125,0.0,0.32,0.428125,0.58125,0.0,0.32,0.578125,0.684375,0.0,0.32,0.421875,0.684375,0.0,0.32,0.56875,0.7,0.0,0.32,0.43125,0.7,0.0,0.32,0.6125,0.69375,0.0,0.32,0.3875,0.69375,0.0,0.32,0.7375,0.503125,0.0,0.88,0.768451,0.524746,0.0,0.88,0.77691,0.533701,0.0,0.88,0.785369,0.542655,0.0,0.88,0.793828,0.55161,0.0,0.88,0.760017,0.528754,0.0,0.88,0.766762,0.538523,0.0,0.88,0.773506,0.548293,0.0,0.88,0.780251,0.558062,0.0,0.88,0.751583,0.532761,0.0,0.88,0.756613,0.543346,0.0,0.88,0.761643,0.55393,0.0,0.88,0.766673,0.564515,0.0,0.88,0.74315,0.536769,0.0,0.88,0.746465,0.548168,0.0,0.88,0.74978,0.559568,0.0,0.88,0.753095,0.570967,0.0,0.88,0.734716,0.540777,0.0,0.88,0.736317,0.552991,0.0,0.88,0.737917,0.565205,0.0,0.88,0.739517,0.577419,0.0,0.88,0.403125,0.475,0.0,0.61,0.393848,0.511597,0.0,0.61,0.393304,0.523904,0.0,0.61,0.392761,0.53621,0.0,0.61,0.392217,0.548517,0.0,0.61,0.40285,0.509114,0.0,0.61,0.404136,0.520916,0.0,0.61,0.405422,0.532717,0.0,0.61,0.406708,0.544519,0.0,0.61,0.411851,0.506631,0.0,0.61,0.414967,0.517928,0.0,0.61,0.418084,0.529225,0.0,0.61,0.4212,0.540521,0.0,0.61,0.420852,0.504148,0.0,0.61,0.425799,0.51494,0.0,0.61,0.430745,0.525732,0.0,0.61,0.435691,0.536524,0.0,0.61,0.429853,0.501665,0.0,0.61,0.43663,0.511952,0.0,0.61,0.443406,0.522239,0.0,0.61,0.450183,0.532526,0.0,0.61
fixture/demo,181,6.033333,0,0.499591,0.177635,0.0,0.93,0.508966,0.165135,0.0,0.93,0.516779,0.163573,0.0,0.93,0.524591,0.165135,0.0,0.93,0.490216,0.165135,0.0,0.93,0.482404,0.163573,0.0,0.93,0.474591,0.165135,0.0,0.93,0.537091,0.171385,0.0,0.93,0.462091,0.171385,0.0,0.93,0.512091,0.194823,0.0,0.93,0.487091,0.194823,0.0,0.93,0.580841,0.275,0.0,0.93,0.418341,0.275,0.0,0.93,0.677169,0.376664,0.0,0.93,0.377716,0.383884,0.0,0.93,0.737397,0.503104,0.0,0.93,0.402716,0.475,0.0,0.93,0.757709,0.521854,0.0,0.93,0.382404,0.49375,0.0,0.93,0.763959,0.498416,0.0,0.93,0.376154,0.470312,0.0,0.93,0.751459,0.509354,0.0,0.93,0.388654,0.48125,0.0,0.93,0.562091,0.459375,0.0,0.93,0.437091,0.459375,0.0,0.93,0.571466,0.58125,0.0,0.32,0.427716,0.58125,0.0,0.32,0.577716,0.684375,0.0,0.32,0.421466,0.684375,0.0,0.32,0.568341,0.7,0.0,0.32,0.430841,0.7,0.0,0.32,0.612091,0.69375,0.0,0.32,0.387091,0.69375,0.0,0.32,0.737397,0.503104,0.0,0.88,0.768368,0.524696,0.0,0.88,0.776835,0.533643,0.0,0.88,0.785302,0.54259,0.0,0.88,0.79377,0.551537,0.0,0.88,0.759938,0.528712,0.0,0.88,0.766691,0.538475,0.0,0.88,0.773445,0.548238,0.0,0.88,0.780198,0.558002,0.0,0.88,0.751508,0.532727,0.0,0.88,0.756547,0.543307,0.0,0.88,0.761587,0.553887,0.0,0.88,0.766626,0.564466,0.0,0.88,0.743078,0.536743,0.0,0.88,0.746403,0.548139,0.0,0.88,0.749729,0.559535,0.0,0.88,0.753055,0.570931,0.0,0.88,0.734648,0.540758,0.0,0.88,0.736259,0.552971,0.0,0.88,0.737871,0.565183,0.0,0.88,0.739483,0.577396,0.0,0.88,0.402716,0.475,0.0,0.61,0.393389,0.511584,0.0,0.61,0.392828,0.52389,0.0,0.61,0.392267,0.536196,0.0,0.61,0.391706,0.548502,0.0,0.61,0.402394,0.509114,0.0,0.61,0.403664,0.520917,0.0,0.61,0.404933,0.532721,0.0,0.61,0.406203,0.544524,0.0,0.61,0.411398,0.506643,0.0,0.61,0.414499,0.517944,0.0,0.61,0.4176,0.529245,0.0,0.61,0.4207,0.540546,0.0,0.61,0.420403,0.504172,0.0,0.61,0.425334,0.514971,0.0,0.61,0.430266,0.52577,0.0,0.61,0.435198,0.536569,0.0,0.61,0.429408,0.501702,0.0,0.61,0.43617,0.511998,0.0,0.61,0.442932,0.522295,0.0,0.61,0.449695,0.532591,0.0,0.61
fixture/demo,182,6.066667,0,0.499183,0.17715,0.0,0.93,0.508558,0.16465,0.0,0.93,0.516371,0.163088,0.0,0.93,0.524183,0.16465,0.0,0.93,0.489808,0.16465,0.0,0.93,0.481996,0.163088,0.0,0.93,0.474183,0.16465,0.0,0.93,0.536683,0.1709,0.0,0.93,0.461683,0.1709,0.0,0.93,0.511683,0.194338,0.0,0.93,0.486683,0.194338,0.0,0.93,0.580433,0.275,0.0,0.93,0.417933,0.275,0.0,0.93,0.676847,0.376595,0.0,0.93,0.377308,0.383395,0.0,0.93,0.737087,0.503039,0.0,0.93,0.402308,0.475,0.0,0.93,0.757399,0.521789,0.0,0.93,0.381996,0.49375,0.0,0.93,0.763649,0.498352,0.0,0.93,0.375746,0.470312,0.0,0.93,0.751149,0.509289,0.0,0.93,0.388246,0.48125,0.0,0.93,0.561683,0.459375,0.0,0.93,0.436683,0.459375,0.0,0.93,0.571058,0.58125,0.0,0.32,0.427308,0.58125,0.0,0.32,0.577308,0.684375,0.0,0.32,0.421058,0.684375,0.0,0.32,0.567933,0.7,0.0,0.32,0.430433,0.7,0.0,0.32,0.611683,0.69375,0.0,0.32,0.386683,0.69375,0.0,0.32,0.737087,0.503039,0.0,0.88,0.768059,0.52463,0.0,0.88,0.776527,0.533576,0.0,0.88,0.784995,0.542523,0.0,0.88,0.793463,0.551469,0.0,0.88,0.759629,0.528646,0.0,0.88,0.766383,0.538409,0.0,0.88,0.773137,0.548172,0.0,0.88,0.779891,0.557935,0.0,0.88,0.751199,0.532662,0.0,0.88,0.75624,0.543241,0.0,0.88,0.76128,0.553821,0.0,0.88,0.76632,0.5644,0.0,0.88,0.74277,0.536678,0.0,0.88,0.746096,0.548074,0.0,0.88,0.749422,0.55947,0.0,0.88,0.752749,0.570866,0.0,0.88,0.73434,0.540694,0.0,0.88,0.735952,0.552907,0.0,0.88,0.737565,0.565119,0.0,0.88,0.739177,0.577332,0.0,0.88,0.402308,0.475,0.0,0.61,0.392931,0.511572,0.0,0.61,0.392354,0.523877,0.0,0.61,0.391776,0.536182,0.0,0.61,0.391198,0.548486,0.0,0.61,0.401939,0.509113,0.0,0.61,0.403193,0.520918,0.0,0.61,0.404447,0.532723,0.0,0.61,0.405701,0.544529,0.0,0.61,0.410947,0.506655,0.0,0.61,0.414033,0.51796,0.0,0.61,0.417118,0.529265,0.0,0.61,0.420203,0.540571,0.0,0.61,0.419955,0.504196,0.0,0.61,0.424872,0.515002,0.0,0.61,0.429789,0.525807,0.0,0.61,0.434706,0.536613,0.0,0.61,0.428963,0.501738,0.0,0.61,0.435712,0.512044,0.0,0.61,0.44246,0.522349,0.0,0.61,0.449208,0.532655,0.0,0.61
fixture/demo,183,6.1,0,0.498778,0.176676,0.0,0.93,0.508153,0.164176,0.0,0.93,0.515965,0.162614,0.0,0.93,0.523778,0.164176,0.0,0.93,0.489403,0.164176,0.0,0.93,0.48159,0.162614,0.0,0.93,0.473778,0.164176,0.0,0.93,0.536278,0.170426,0.0,0.93,0.461278,0.170426,0.0,0.93,0.511278,0.193864,0.0,0.93,0.486278,0.193864,0.0,0.93,0.580028,0.275,0.0,0.93,0.417528,0.275,0.0,0.93,0.676457,0.376495,0.0,0.93,0.376903,0.382908,0.0,0.93,0.736569,0.502933,0.0,0.93,0.401903,0.475,0.0,0.93,0.756882,0.521683,0.0,0.93,0.38159,0.49375,0.0,0.93,0.763132,0.498245,0.0,0.93,0.37534,0.470312,0.0,0.93,0.750632,0.509183,0.0,0.93,0.38784,0.48125,0.0,0.93,0.561278,0.459375,0.0,0.93,0.436278,0.459375,0.0,0.93,0.570653,0.58125,0.0,0.32,0.426903,0.58125,0.0,0.32,0.576903,0.684375,0.0,0.32,0.420653,0.684375,0.0,0.32,0.567528,0.7,0.0,0.32,0.430028,0.7,0.0,0.32,0.611278,0.69375,0.0,0.32,0.386278,0.69375,0.0,0.32,0.736569,0.502933,0.0,0.88,0.767524,0.524548,0.0,0.88,0.775985,0.533501,0.0,0.88,0.784445,0.542455,0.0,0.88,0.792906,0.551408,0.0,0.88,0.759091,0.528557,0.0,0.88,0.765837,0.538326,0.0,0.88,0.772583,0.548094,0.0,0.88,0.77933,0.557862,0.0,0.88,0.750658,0.532567,0.0,0.88,0.75569,0.54315,0.0,0.88,0.760721,0.553734,0.0,0.88,0.765753,0.564317,0.0,0.88,0.742225,0.536576,0.0,0.88,0.745542,0.547974,0.0,0.88,0.748859,0.559373,0.0,0.88,0.752176,0.570772,0.0,0.88,0.733792,0.540585,0.0,0.88,0.735395,0.552799,0.0,0.88,0.736997,0.565013,0.0,0.88,0.7386,0.577226,0.0,0.88,0.401903,0.475,0.0,0.61,0.392477,0.511559,0.0,0.61,0.391882,0.523863,0.0,0.61,0.391288,0.536167,0.0,0.61,0.390694,0.548471,0.0,0.61,0.401488,0.509113,0.0,0.61,0.402726,0.52092,0.0,0.61,0.403964,0.532726,0.0,0.61,0.405202,0.544533,0.0,0.61,0.410499,0.506666,0.0,0.61,0.413569,0.517976,0.0,0.61,0.41664,0.529285,0.0,0.61,0.41971,0.540595,0.0,0.61,0.419511,0.50422,0.0,0.61,0.424413,0.515032,0.0,0.61,0.429315,0.525844,0.0,0.61,0.434218,0.536656,0.0,0.61,0.428522,0.501774,0.0,0.61,0.435256,0.512089,0.0,0.61,0.441991,0.522403,0.0,0.61,0.448725,0.532718,0.0,0.61
fixture/demo,184,6.133333,0,0.498376,0.176218,0.0,0.93,0.507751,0.163718,0.0,0.93,0.515563,0.162156,0.0,0.93,0.523376,0.163718,0.0,0.93,0.489001,0.163718,0.0,0.93,0.481188,0.162156,0.0,0.93,0.473376,0.163718,0.0,0.93,0.535876,0.169968,0.0,0.93,0.460876,0.169968,0.0,0.93,0.510876,0.193406,0.0,0.93,0.485876,0.193406,0.0,0.93,0.579626,0.275,0.0,0.93,0.417126,0.275,0.0,0.93,0.676,0.376365,0.0,0.93,0.376501,0.382426,0.0,0.93,0.735843,0.502784,0.0,0.93,0.401501,0.475,0.0,0.93,0.756156,0.521534,0.0,0.93,0.381188,0.49375,0.0,0.93,0.762406,0.498096,0.0,0.93,0.374938,0.470312,0.0,0.93,0.749906,0.509034,0.0,0.93,0.387438,0.48125,0.0,0.93,0.560876,0.459375,0.0,0.93,0.435876,0.459375,0.0,0.93,0.570251,0.58125,0.0,0.32,0.426501,0.58125,0.0,0.32,0.576501,0.684375,0.0,0.32,0.420251,0.684375,0.0,0.32,0.567126,0.7,0.0,0.32,0.429626,0.7,0.0,0.32,0.610876,0.69375,0.0,0.32,0.385876,0.69375,0.0,0.32,0.735843,0.502784,0.0,0.88,0.766762,0.524451,0.0,0.88,0.775208,0.533418,0.0,0.88,0.783653,0.542386,0.0,0.88,0.792099,0.551353,0.0,0.88,0.758322,0.528446,0.0,0.88,0.765052,0.538226,0.0,0.88,0.771782,0.548005,0.0,0.88,0.778512,0.557785,0.0,0.88,0.749882,0.532441,0.0,0.88,0.754896,0.543033,0.0,0.88,0.75991,0.553625,0.0,0.88,0.764924,0.564217,0.0,0.88,0.741443,0.536436,0.0,0.88,0.744741,0.54784,0.0,0.88,0.748039,0.559245,0.0,0.88,0.751337,0.570649,0.0,0.88,0.733003,0.540431,0.0,0.88,0.734585,0.552648,0.0,0.88,0.736167,0.564864,0.0,0.88,0.73775,0.577081,0.0,0.88,0.401501,0.475,0.0,0.61,0.392026,0.511547,0.0,0.61,0.391416,0.52385,0.0,0.61,0.390806,0.536153,0.0,0.61,0.390195,0.548457,0.0,0.61,0.401041,0.509112,0.0,0.61,0.402263,0.520921,0.0,0.61,0.403486,0.532729,0.0,0.61,0.404708,0.544537,0.0,0.61,0.410055,0.506678,0.0,0.61,0.413111,0.517991,0.0,0.61,0.416166,0.529305,0.0,0.61,0.419221,0.540618,0.0,0.61,0.41907,0.504243,0.0,0.61,0.423958,0.515062,0.0,0.61,0.428846,0.52588,0.0,0.61,0.433734,0.536699,0.0,0.61,0.428085,0.501809,0.0,0.61,0.434805,0.512132,0.0,0.61,0.441526,0.522456,0.0,0.61,0.448247,0.53278,0.0,0.61
fixture/demo,185,6.166667,0,0.497978,0.175781,0.0,0.93,0.507353,0.163281,0.0,0.93,0.515165,0.161719,0.0,0.93,0.522978,0.163281,0.0,0.93,0.488603,0.163281,0.0,0.93,0.48079,0.161719,0.0,0.93,0.472978,0.163281,0.0,0.93,0.535478,0.169531,0.0,0.93,0.460478,0.169531,0.0,0.93,0.510478,0.192969,0.0,0.93,0.485478,0.192969,0.0,0.93,0.579228,0.275,0.0,0.93,0.416728,0.275,0.0,0.93,0.675476,0.376205,0.0,0.93,0.376103,0.381949,0.0,0.93,0.73491,0.502593,0.0,0.93,0.401103,0.475,0.0,0.93,0.755222,0.521343,0.0,0.93,0.38079,0.49375,0.0,0.93,0.761472,0.497905,0.0,0.93,0.37454,0.470312,0.0,0.93,0.748972,0.508843,0.0,0.93,0.38704,0.48125,0.0,0.93,0.560478,0.459375,0.0,0.93,0.435478,0.459375,0.0,0.93,0.569853,0.58125,0.0,0.32,0.426103,0.58125,0.0,0.32,0.576103,0.684375,0.0,0.32,0.419853,0.684375,0.0,0.32,0.566728,0.7,0.0,0.32,0.429228,0.7,0.0,0.32,0.610478,0.69375,0.0,0.32,0.385478,0.69375,0.0,0.32,0.73491,0.502593,0.0,0.88,0.765773,0.524339,0.0,0.88,0.774196,0.533328,0.0,0.88,0.782619,0.542316,0.0,0.88,0.791042,0.551305,0.0,0.88,0.757323,0.528312,0.0,0.88,0.764028,0.538109,0.0,0.88,0.770733,0.547906,0.0,0.88,0.777438,0.557703,0.0,0.88,0.748873,0.532286,0.0,0.88,0.75386,0.54289,0.0,0.88,0.758847,0.553495,0.0,0.88,0.763834,0.5641,0.0,0.88,0.740424,0.536259,0.0,0.88,0.743693,0.547672,0.0,0.88,0.746962,0.559084,0.0,0.88,0.75023,0.570497,0.0,0.88,0.731974,0.540233,0.0,0.88,0.733525,0.552453,0.0,0.88,0.735076,0.564674,0.0,0.88,0.736627,0.576894,0.0,0.88,0.401103,0.475,0.0,0.61,0.391581,0.511534,0.0,0.61,0.390955,0.523837,0.0,0.61,0.390329,0.536139,0.0,0.61,0.389703,0.548442,0.0,0.61,0.400599,0.509112,0.0,0.61,0.401806,0.520921,0.0,0.61,0.403013,0.532731,0.0,0.61,0.404221,0.544541,0.0,0.61,0.409617,0.506689,0.0,0.61,0.412657,0.518006,0.0,0.61,0.415698,0.529324,0.0,0.61,0.418739,0.540641,0.0,0.61,0.418634,0.504266,0.0,0.61,0.423509,0.515091,0.0,0.61,0.428383,0.525916,0.0,0.61,0.433257,0.53674,0.0,0.61,0.427652,0.501843,0.0,0.61,0.43436,0.512175,0.0,0.61,0.441067,0.522508,0.0,0.61,0.447775,0.53284,0.0,0.61
fixture/demo,186,6.2,0,0.497586,0.17537,0.0,0.93,0.506961,0.16287,0.0,0.93,0.514773,0.161307,0.0,0.93,0.522586,0.16287,0.0,0.93,0.488211,0.16287,0.0,0.93,0.480398,0.161307,0.0,0.93,0.472586,0.16287,0.0,0.93,0.535086,0.16912,0.0,0.93,0.460086,0.16912,0.0,0.93,0.510086,0.192557,0.0,0.93,0.485086,0.192557,0.0,0.93,0.578836,0.275,0.0,0.93,0.416336,0.275,0.0,0.93,0.674885,0.376017,0.0,0.93,0.375711,0.381478,0.0,0.93,0.73377,0.50236,0.0,0.93,0.400711,0.475,0.0,0.93,0.754083,0.52111,0.0,0.93,0.380398,0.49375,0.0,0.93,0.760333,0.497673,0.0,0.93,0.374148,0.470312,0.0,0.93,0.747833,0.50861,0.0,0.93,0.386648,0.48125,0.0,0.93,0.560086,0.459375,0.0,0.93,0.435086,0.459375,0.0,0.93,0.569461,0.58125,0.0,0.32,0.425711,0.58125,0.0,0.32,0.575711,0.684375,0.0,0.32,0.419461,0.684375,0.0,0.32,0.566336,0.7,0.0,0.32,0.428836,0.7,0.0,0.32,0.610086,0.69375,0.0,0.32,0.385086,0.69375,0.0,0.32,0.73377,0.50236,0.0,0.88,0.764558,0.524212,0.0,0.88,0.77295,0.53323,0.0,0.88,0.781342,0.542248,0.0,0.88,0.789734,0.551265,0.0,0.88,0.756095,0.528157,0.0,0.88,0.762766,0.537976,0.0,0.88,0.769437,0.547796,0.0,0.88,0.776109,0.557616,0.0,0.88,0.747632,0.532101,0.0,0.88,0.752582,0.542723,0.0,0.88,0.757533,0.553345,0.0,0.88,0.762483,0.563966,0.0,0.88,0.739168,0.536046,0.0,0.88,0.742398,0.547469,0.0,0.88,0.745628,0.558893,0.0,0.88,0.748857,0.570317,0.0,0.88,0.730705,0.53999,0.0,0.88,0.732214,0.552216,0.0,0.88,0.733723,0.564442,0.0,0.88,0.735232,0.576667,0.0,0.88,0.400711,0.475,0.0,0.61,0.391143,0.511522,0.0,0.61,0.390501,0.523824,0.0,0.61,0.38986,0.536126,0.0,0.61,0.389218,0.548428,0.0,0.61,0.400164,0.509111,0.0,0.61,0.401356,0.520922,0.0,0.61,0.402548,0.532734,0.0,0.61,0.403741,0.544545,0.0,0.61,0.409185,0.506699,0.0,0.61,0.412211,0.518021,0.0,0.61,0.415237,0.529342,0.0,0.61,0.418264,0.540663,0.0,0.61,0.418205,0.504288,0.0,0.61,0.423066,0.515119,0.0,0.61,0.427926,0.52595,0.0,0.61,0.432787,0.536781,0.0,0.61,0.427226,0.501877,0.0,0.61,0.433921,0.512217,0.0,0.61,0.440615,0.522558,0.0,0.61,0.447309,0.532899,0.0,0.61
fixture/demo,187,6.233333,0,0.4972,0.174988,0.0,0.93,0.506575,0.162488,0.0,0.93,0.514388,0.160926,0.0,0.93,0.5222,0.162488,0.0,0.93,0.487825,0.162488,0.0,0.93,0.480013,0.160926,0.0,0.93,0.4722,0.162488,0.0,0.93,0.5347,0.168738,0.0,0.93,0.4597,0.168738,0.0,0.93,0.5097,0.192176,0.0,0.93,0.4847,0.192176,0.0,0.93,0.57845,0.275,0.0,0.93,0.41595,0.275,0.0,0.93,0.674231,0.375801,0.0,0.93,0.375325,0.381015,0.0,0.93,0.732426,0.502087,0.0,0.93,0.400325,0.475,0.0,0.93,0.752738,0.520837,0.0,0.93,0.380013,0.49375,0.0,0.93,0.758988,0.4974,0.0,0.93,0.373763,0.470312,0.0,0.93,0.746488,0.508337,0.0,0.93,0.386263,0.48125,0.0,0.93,0.5597,0.459375,0.0,0.93,0.4347,0.459375,0.0,0.93,0.569075,0.58125,0.0,0.32,0.425325,0.58125,0.0,0.32,0.575325,0.684375,0.0,0.32,0.419075,0.684375,0.0,0.32,0.56595,0.7,0.0,0.32,0.42845,0.7,0.0,0.32,0.6097,0.69375,0.0,0.32,0.3847,0.69375,0.0,0.32,0.732426,0.502087,0.0,0.88,0.763119,0.524072,0.0,0.88,0.771472,0.533126,0.0,0.88,0.779825,0.54218,0.0,0.88,0.788178,0.551234,0.0,0.88,0.754639,0.52798,0.0,0.88,0.761267,0.537828,0.0,0.88,0.767896,0.547677,0.0,0.88,0.774525,0.557525,0.0,0.88,0.746158,0.531888,0.0,0.88,0.751063,0.542531,0.0,0.88,0.755967,0.553174,0.0,0.88,0.760872,0.563817,0.0,0.88,0.737678,0.535796,0.0,0.88,0.740858,0.547233,0.0,0.88,0.744039,0.558671,0.0,0.88,0.747219,0.570108,0.0,0.88,0.729197,0.539704,0.0,0.88,0.730654,0.551936,0.0,0.88,0.73211,0.564168,0.0,0.88,0.733566,0.5764,0.0,0.88,0.400325,0.475,0.0,0.61,0.390713,0.51151,0.0,0.61,0.390056,0.523811,0.0,0.61,0.389399,0.536112,0.0,0.61,0.388742,0.548413,0.0,0.61,0.399736,0.50911,0.0,0.61,0.400914,0.520923,0.0,0.61,0.402092,0.532736,0.0,0.61,0.40327,0.544549,0.0,0.61,0.40876,0.50671,0.0,0.61,0.411773,0.518035,0.0,0.61,0.414785,0.52936,0.0,0.61,0.417797,0.540685,0.0,0.61,0.417784,0.50431,0.0,0.61,0.422631,0.515146,0.0,0.61,0.427478,0.525983,0.0,0.61,0.432325,0.53682,0.0,0.61,0.426808,0.501909,0.0,0.61,0.433489,0.512258,0.0,0.61,0.440171,0.522607,0.0,0.61,0.446853,0.532956,0.0,0.61
fixture/demo,188,6.266667,0,0.496822,0.174642,0.0,0.93,0.506197,0.162142,0.0,0.93,0.51401,0.160579,0.0,0.93,0.521822,0.162142,0.0,0.93,0.487447,0.162142,0.0,0.93,0.479635,0.160579,0.0,0.93,0.471822,0.162142,0.0,0.93,0.534322,0.168392,0.0,0.93,0.459322,0.168392,0.0,0.93,0.509322,0.191829,0.0,0.93,0.484322,0.191829,0.0,0.93,0.578072,0.275,0.0,0.93,0.415572,0.275,0.0,0.93,0.673513,0.375559,0.0,0.93,0.374947,0.380562,0.0,0.93,0.730879,0.501774,0.0,0.93,0.399947,0.475,0.0,0.93,0.751191,0.520524,0.0,0.93,0.379635,0.49375,0.0,0.93,0.757441,0.497087,0.0,0.93,0.373385,0.470312,0.0,0.93,0.744941,0.508024,0.0,0.93,0.385885,0.48125,0.0,0.93,0.559322,0.459375,0.0,0.93,0.434322,0.459375,0.0,0.93,0.568697,0.58125,0.0,0.32,0.424947,0.58125,0.0,0.32,0.574947,0.684375,0.0,0.32,0.418697,0.684375,0.0,0.32,0.565572,0.7,0.0,0.32,0.428072,0.7,0.0,0.32,0.609322,0.69375,0.0,0.32,0.384322,0.69375,0.0,0.32,0.730879,0.501774,0.0,0.88,0.761457,0.523919,0.0,0.88,0.769762,0.533016,0.0,0.88,0.778068,0.542114,0.0,0.88,0.786374,0.551211,0.0,0.88,0.752956,0.527782,0.0,0.88,0.759533,0.537665,0.0,0.88,0.766111,0.547548,0.0,0.88,0.772688,0.557431,0.0,0.88,0.744456,0.531646,0.0,0.88,0.749305,0.542314,0.0,0.88,0.754153,0.552983,0.0,0.88,0.759002,0.563651,0.0,0.88,0.735955,0.53551,0.0,0.88,0.739076,0.546964,0.0,0.88,0.742196,0.558418,0.0,0.88,0.745317,0.569872,0.0,0.88,0.727454,0.539373,0.0,0.88,0.728847,0.551613,0.0,0.88,0.730239,0.563852,0.0,0.88,0.731631,0.576092,0.0,0.88,0.399947,0.475,0.0,0.61,0.390291,0.511499,0.0,0.61,0.38962,0.523799,0.0,0.61,0.388948,0.536099,0.0,0.61,0.388277,0.5484,0.0,0.61,0.399318,0.509109,0.0,0.61,0.400482,0.520924,0.0,0.61,0.401645,0.532738,0.0,0.61,0.402809,0.544552,0.0,0.61,0.408344,0.50672,0.0,0.61,0.411343,0.518048,0.0,0.61,0.414342,0.529377,0.0,0.61,0.417341,0.540705,0.0,0.61,0.417371,0.50433,0.0,0.61,0.422205,0.515173,0.0,0.61,0.427039,0.526016,0.0,0.61,0.431873,0.536858,0.0,0.61,0.426398,0.501941,0.0,0.61,0.433067,0.512298,0.0,0.61,0.439736,0.522655,0.0,0.61,0.446406,0.533011,0.0,0.61
fixture/demo,189,6.3,0,0.496453,0.174333,0.0,0.93,0.505828,0.161833,0.0,0.93,0.513641,0.16027,0.0,0.93,0.521453,0.161833,0.0,0.93,0.487078,0.161833,0.0,0.93,0.479266,0.16027,0.0,0.93,0.471453,0.161833,0.0,0.93,0.533953,0.168083,0.0,0.93,0.458953,0.168083,0.0,0.93,0.508953,0.19152,0.0,0.93,0.483953,0.19152,0.0,0.93,0.577703,0.275,0.0,0.93,0.415203,0.275,0.0,0.93,0.672733,0.375293,0.0,0.93,0.374578,0.380119,0.0,0.93,0.729132,0.501422,0.0,0.93,0.399578,0.475,0.0,0.93,0.749445,0.520172,0.0,0.93,0.379266,0.49375,0.0,0.93,0.755695,0.496734,0.0,0.93,0.373016,0.470312,0.0,0.93,0.743195,0.507672,0.0,0.93,0.385516,0.48125,0.0,0.93,0.558953,0.459375,0.0,0.93,0.433953,0.459375,0.0,0.93,0.568328,0.58125,0.0,0.32,0.424578,0.58125,0.0,0.32,0.574578,0.684375,0.0,0.32,0.418328,0.684375,0.0,0.32,0.565203,0.7,0.0,0.32,0.427703,0.7,0.0,0.32,0.608953,0.69375,0.0,0.32,0.383953,0.69375,0.0,0.32,0.729132,0.501422,0.0,0.88,0.759575,0.523753,0.0,0.88,0.767824,0.532901,0.0,0.88,0.776074,0.542049,0.0,0.88,0.784324,0.551197,0.0,0.88,0.75105,0.527565,0.0,0.88,0.757567,0.537488,0.0,0.88,0.764084,0.547411,0.0,0.88,0.7706,0.557334,0.0,0.88,0.742526,0.531376,0.0,0.88,0.74731,0.542074,0.0,0.88,0.752093,0.552772,0.0,0.88,0.756877,0.56347,0.0,0.88,0.734002,0.535188,0.0,0.88,0.737053,0.546661,0.0,0.88,0.740103,0.558134,0.0,0.88,0.743154,0.569607,0.0,0.88,0.725478,0.538999,0.0,0.88,0.726795,0.551247,0.0,0.88,0.728113,0.563495,0.0,0.88,0.72943,0.575743,0.0,0.88,0.399578,0.475,0.0,0.61,0.38988,0.511488,0.0,0.61,0.389194,0.523787,0.0,0.61,0.388508,0.536087,0.0,0.61,0.387823,0.548386,0.0,0.61,0.398909,0.509109,0.0,0.61,0.400059,0.520924,0.0,0.61,0.401209,0.53274,0.0,0.61,0.402359,0.544556,0.0,0.61,0.407939,0.50673,0.0,0.61,0.410924,0.518062,0.0,0.61,0.41391,0.529394,0.0,0.61,0.416896,0.540726,0.0,0.61,0.416968,0.50435,0.0,0.61,0.421789,0.515199,0.0,0.61,0.426611,0.526047,0.0,0.61,0.431433,0.536895,0.0,0.61,0.425997,0.501971,0.0,0.61,0.432655,0.512336,0.0,0.61,0.439312,0.5227,0.0,0.61,0.445969,0.533065,0.0,0.61
fixture/demo,190,6.333333,0,0.496094,0.174066,0.0,0.93,0.505469,0.161566,0.0,0.93,0.513281,0.160003,0.0,0.93,0.521094,0.161566,0.0,0.93,0.486719,0.161566,0.0,0.93,0.478906,0.160003,0.0,0.93,0.471094,0.161566,0.0,0.93,0.533594,0.167816,0.0,0.93,0.458594,0.167816,0.0,0.93,0.508594,0.191253,0.0,0.93,0.483594,0.191253,0.0,0.93,0.577344,0.275,0.0,0.93,0.414844,0.275,0.0,0.93,0.671895,0.375003,0.0,0.93,0.374219,0.379688,0.0,0.93,0.72719,0.501032,0.0,0.93,0.399219,0.475,0.0,0.93,0.747503,0.519782,0.0,0.93,0.378906,0.49375,0.0,0.93,0.753753,0.496344,0.0,0.93,0.372656,0.470312,0.0,0.93,0.741253,0.507282,0.0,0.93,0.385156,0.48125,0.0,0.93,0.558594,0.459375,0.0,0.93,0.433594,0.459375,0.0,0.93,0.567969,0.58125,0.0,0.32,0.424219,0.58125,0.0,0.32,0.574219,0.684375,0.0,0.32,0.417969,0.684375,0.0,0.32,0.564844,0.7,0.0,0.32,0.427344,0.7,0.0,0.32,0.608594,0.69375,0.0,0.32,0.383594,0.69375,0.0,0.32,0.72719,0.501032,0.0,0.88,0.757475,0.523576,0.0,0.88,0.76566,0.532782,0.0,0.88,0.773846,0.541988,0.0,0.88,0.782031,0.551193,0.0,0.88,0.748924,0.527328,0.0,0.88,0.755371,0.537296,0.0,0.88,0.761818,0.547265,0.0,0.88,0.768265,0.557233,0.0,0.88,0.740374,0.531079,0.0,0.88,0.745082,0.541811,0.0,0.88,0.74979,0.552542,0.0,0.88,0.754499,0.563273,0.0,0.88,0.731823,0.534831,0.0,0.88,0.734793,0.546325,0.0,0.88,0.737763,0.557819,0.0,0.88,0.740733,0.569313,0.0,0.88,0.723272,0.538582,0.0,0.88,0.724504,0.550839,0.0,0.88,0.725735,0.563096,0.0,0.88,0.726967,0.575353,0.0,0.88,0.399219,0.475,0.0,0.61,0.38948,0.511477,0.0,0.61,0.38878,0.523776,0.0,0.61,0.388081,0.536074,0.0,0.61,0.387381,0.548373,0.0,0.61,0.398512,0.509108,0.0,0.61,0.399649,0.520925,0.0,0.61,0.400785,0.532742,0.0,0.61,0.401922,0.544559,0.0,0.61,0.407544,0.506739,0.0,0.61,0.410517,0.518074,0.0,0.61,0.41349,0.529409,0.0,0.61,0.416463,0.540745,0.0,0.61,0.416576,0.50437,0.0,0.61,0.421385,0.515223,0.0,0.61,0.426195,0.526077,0.0,0.61,0.431004,0.536931,0.0,0.61,0.425608,0.502001,0.0,0.61,0.432253,0.512373,0.0,0.61,0.438899,0.522745,0.0,0.61,0.445545,0.533117,0.0,0.61
fixture/demo,191,6.366667,0,0.495745,0.173843,0.0,0.93,0.50512,0.161343,0.0,0.93,0.512933,0.15978,0.0,0.93,0.520745,0.161343,0.0,0.93,0.48637,0.161343,0.0,0.93,0.478558,0.15978,0.0,0.93,0.470745,0.161343,0.0,0.93,0.533245,0.167593,0.0,0.93,0.458245,0.167593,0.0,0.93,0.508245,0.19103,0.0,0.93,0.483245,0.19103,0.0,0.93,0.576995,0.275,0.0,0.93,0.414495,0.275,0.0,0.93,0.671,0.374693,0.0,0.93,0.37387,0.379269,0.0,0.93,0.725057,0.500604,0.0,0.93,0.39887,0.475,0.0,0.93,0.74537,0.519354,0.0,0.93,0.378558,0.49375,0.0,0.93,0.75162,0.495917,0.0,0.93,0.372308,0.470312,0.0,0.93,0.73912,0.506854,0.0,0.93,0.384808,0.48125,0.0,0.93,0.558245,0.459375,0.0,0.93,0.433245,0.459375,0.0,0.93,0.56762,0.58125,0.0,0.32,0.42387,0.58125,0.0,0.32,0.57387,0.684375,0.0,0.32,0.41762,0.684375,0.0,0.32,0.564495,0.7,0.0,0.32,0.426995,0.7,0.0,0.32,0.608245,0.69375,0.0,0.32,0.383245,0.69375,0.0,0.32,0.725057,0.500604,0.0,0.88,0.755162,0.523388,0.0,0.88,0.763274,0.532658,0.0,0.88,0.771386,0.541929,0.0,0.88,0.779498,0.551199,0.0,0.88,0.746582,0.527072,0.0,0.88,0.75295,0.537091,0.0,0.88,0.759317,0.54711,0.0,0.88,0.765685,0.55713,0.0,0.88,0.738002,0.530755,0.0,0.88,0.742625,0.541524,0.0,0.88,0.747248,0.552292,0.0,0.88,0.751871,0.56306,0.0,0.88,0.729422,0.534439,0.0,0.88,0.7323,0.545956,0.0,0.88,0.735179,0.557474,0.0,0.88,0.738058,0.568991,0.0,0.88,0.720841,0.538123,0.0,0.88,0.721976,0.550389,0.0,0.88,0.72311,0.562655,0.0,0.88,0.724244,0.574921,0.0,0.88,0.39887,0.475,0.0,0.61,0.389092,0.511466,0.0,0.61,0.388379,0.523764,0.0,0.61,0.387667,0.536062,0.0,0.61,0.386954,0.54836,0.0,0.61,0.398126,0.509107,0.0,0.61,0.399251,0.520925,0.0,0.61,0.400375,0.532743,0.0,0.61,0.401499,0.544562,0.0,0.61,0.407161,0.506748,0.0,0.61,0.410122,0.518086,0.0,0.61,0.413083,0.529425,0.0,0.61,0.416044,0.540763,0.0,0.61,0.416195,0.504388,0.0,0.61,0.420993,0.515247,0.0,0.61,0.425791,0.526106,0.0,0.61,0.430589,0.536965,0.0,0.61,0.42523,0.502029,0.0,0.61,0.431865,0.512408,0.0,0.61,0.438499,0.522787,0.0,0.61,0.445134,0.533166,0.0,0.61
fixture/demo,192,6.4,0,0.495408,0.173667,0.0,0.93,0.504783,0.161167,0.0,0.93,0.512595,0.159604,0.0,0.93,0.520408,0.161167,0.0,0.93,0.486033,0.161167,0.0,0.93,0.47822,0.159604,0.0,0.93,0.470408,0.161167,0.0,0.93,0.532908,0.167417,0.0,0.93,0.457908,0.167417,0.0,0.93,0.507908,0.190854,0.0,0.93,0.482908,0.190854,0.0,0.93,0.576658,0.275,0.0,0.93,0.414158,0.275,0.0,0.93,0.670051,0.374364,0.0,0.93,0.373533,0.378865,0.0,0.93,0.722738,0.500141,0.0,0.93,0.398533,0.475,0.0,0.93,0.74305,0.518891,0.0,0.93,0.37822,0.49375,0.0,0.93,0.7493,0.495453,0.0,0.93,0.37197,0.470312,0.0,0.93,0.7368,0.506391,0.0,0.93,0.38447,0.48125,0.0,0.93,0.557908,0.459375,0.0,0.93,0.432908,0.459375,0.0,0.93,0.567283,0.58125,0.0,0.32,0.423533,0.58125,0.0,0.32,0.573533,0.684375,0.0,0.32,0.417283,0.684375,0.0,0.32,0.564158,0.7,0.0,0.32,0.426658,0.7,0.0,0.32,0.607908,0.69375,0.0,0.32,0.382908,0.69375,0.0,0.32,0.722738,0.500141,0.0,0.88,0.75264,0.52319,0.0,0.88,0.76067,0.532532,0.0,0.88,0.7687,0.541874,0.0,0.88,0.776729,0.551215,0.0,0.88,0.744028,0.526798,0.0,0.88,0.750306,0.536873,0.0,0.88,0.756585,0.546948,0.0,0.88,0.762864,0.557024,0.0,0.88,0.735415,0.530405,0.0,0.88,0.739943,0.541214,0.0,0.88,0.744471,0.552023,0.0,0.88,0.748998,0.562832,0.0,0.88,0.726803,0.534013,0.0,0.88,0.72958,0.545555,0.0,0.88,0.732356,0.557098,0.0,0.88,0.735133,0.56864,0.0,0.88,0.71819,0.537621,0.0,0.88,0.719216,0.549896,0.0,0.88,0.720242,0.562172,0.0,0.88,0.721267,0.574448,0.0,0.88,0.398533,0.475,0.0,0.61,0.388717,0.511456,0.0,0.61,0.387992,0.523754,0.0,0.61,0.387267,0.536051,0.0,0.61,0.386541,0.548348,0.0,0.61,0.397754,0.509106,0.0,0.61,0.398866,0.520926,0.0,0.61,0.399978,0.532745,0.0,0.61,0.40109,0.544564,0.0,0.61,0.406791,0.506756,0.0,0.61,0.409741,0.518098,0.0,0.61,0.41269,0.529439,0.0,0.61,0.415639,0.540781,0.0,0.61,0.415828,0.504406,0.0,0.61,0.420615,0.51527,0.0,0.61,0.425401,0.526134,0.0,0.61,0.430188,0.536997,0.0,0.61,0.424865,0.502056,0.0,0.61,0.431489,0.512442,0.0,0.61,0.438113,0.522828,0.0,0.61,0.444737,0.533214,0.0,0.61
fixture/demo,193,6.433333,0,0.495083,0.17354,0.0,0.93,0.504458,0.16104,0.0,0.93,0.512271,0.159477,0.0,0.93,0.520083,0.16104,0.0,0.93,0.485708,0.16104,0.0,0.93,0.477896,0.159477,0.0,0.93,0.470083,0.16104,0.0,0.93,0.532583,0.16729,0.0,0.93,0.457583,0.16729,0.0,0.93,0.507583,0.190727,0.0,0.93,0.482583,0.190727,0.0,0.93,0.576333,0.275,0.0,0.93,0.413833,0.275,0.0,0.93,0.669051,0.374019,0.0,0.93,0.373208,0.378475,0.0,0.93,0.720238,0.499643,0.0,0.93,0.398208,0.475,0.0,0.93,0.740551,0.518393,0.0,0.93,0.377896,0.49375,0.0,0.93,0.746801,0.494955,0.0,0.93,0.371646,0.470312,0.0,0.93,0.734301,0.505893,0.0,0.93,0.384146,0.48125,0.0,0.93,0.557583,0.459375,0.0,0.93,0.432583,0.459375,0.0,0.93,0.566958,0.58125,0.0,0.32,0.423208,0.58125,0.0,0.32,0.573208,0.684375,0.0,0.32,0.416958,0.684375,0.0,0.32,0.563833,0.7,0.0,0.32,0.426333,0.7,0.0,0.32,0.607583,0.69375,0.0,0.32,0.382583,0.69375,0.0,0.32,0.720238,0.499643,0.0,0.88,0.749914,0.522983,0.0,0.88,0.757852,0.532403,0.0,0.88,0.76579,0.541822,0.0,0.88,0.773729,0.551242,0.0,0.88,0.741267,0.526506,0.0,0.88,0.747447,0.536642,0.0,0.88,0.753627,0.546778,0.0,0.88,0.759807,0.556915,0.0,0.88,0.73262,0.53003,0.0,0.88,0.737042,0.540882,0.0,0.88,0.741464,0.551735,0.0,0.88,0.745885,0.562587,0.0,0.88,0.723972,0.533553,0.0,0.88,0.726636,0.545122,0.0,0.88,0.7293,0.556691,0.0,0.88,0.731964,0.56826,0.0,0.88,0.715325,0.537077,0.0,0.88,0.716231,0.549362,0.0,0.88,0.717137,0.561647,0.0,0.88,0.718042,0.573932,0.0,0.88,0.398208,0.475,0.0,0.61,0.388357,0.511447,0.0,0.61,0.38762,0.523743,0.0,0.61,0.386882,0.53604,0.0,0.61,0.386145,0.548336,0.0,0.61,0.397396,0.509106,0.0,0.61,0.398497,0.520926,0.0,0.61,0.399597,0.532746,0.0,0.61,0.400697,0.544567,0.0,0.61,0.406435,0.506764,0.0,0.61,0.409374,0.518109,0.0,0.61,0.412312,0.529453,0.0,0.61,0.41525,0.540798,0.0,0.61,0.415475,0.504423,0.0,0.61,0.420251,0.515292,0.0,0.61,0.425027,0.52616,0.0,0.61,0.429803,0.537029,0.0,0.61,0.424514,0.502082,0.0,0.61,0.431128,0.512475,0.0,0.61,0.437742,0.522867,0.0,0.61,0.444355,0.533259,0.0,0.61
fixture/demo,194,6.466667,0,0.494772,0.173463,0.0,0.93,0.504147,0.160963,0.0,0.93,0.51196,0.159401,0.0,0.93,0.519772,0.160963,0.0,0.93,0.485397,0.160963,0.0,0.93,0.477585,0.159401,0.0,0.93,0.469772,0.160963,0.0,0.93,0.532272,0.167213,0.0,0.93,0.457272,0.167213,0.0,0.93,0.507272,0.190651,0.0,0.93,0.482272,0.190651,0.0,0.93,0.576022,0.275,0.0,0.93,0.413522,0.275,0.0,0.93,0.668003,0.37366,0.0,0.93,0.372897,0.378102,0.0,0.93,0.717564,0.499112,0.0,0.93,0.397897,0.475,0.0,0.93,0.737877,0.517862,0.0,0.93,0.377585,0.49375,0.0,0.93,0.744127,0.494424,0.0,0.93,0.371335,0.470312,0.0,0.93,0.731627,0.505362,0.0,0.93,0.383835,0.48125,0.0,0.93,0.557272,0.459375,0.0,0.93,0.432272,0.459375,0.0,0.93,0.566647,0.58125,0.0,0.32,0.422897,0.58125,0.0,0.32,0.572897,0.684375,0.0,0.32,0.416647,0.684375,0.0,0.32,0.563522,0.7,0.0,0.32,0.426022,0.7,0.0,0.32,0.607272,0.69375,0.0,0.32,0.382272,0.69375,0.0,0.32,0.717564,0.499112,0.0,0.88,0.746989,0.522767,0.0,0.88,0.754827,0.532271,0.0,0.88,0.762664,0.541775,0.0,0.88,0.770501,0.551279,0.0,0.88,0.738305,0.526198,0.0,0.88,0.744377,0.5364,0.0,0.88,0.750448,0.546601,0.0,0.88,0.75652,0.556803,0.0,0.88,0.729621,0.529629,0.0,0.88,0.733927,0.540528,0.0,0.88,0.738232,0.551427,0.0,0.88,0.742538,0.562326,0.0,0.88,0.720936,0.53306,0.0,0.88,0.723477,0.544656,0.0,0.88,0.726017,0.556253,0.0,0.88,0.728557,0.56785,0.0,0.88,0.712252,0.536491,0.0,0.88,0.713027,0.548785,0.0,0.88,0.713801,0.561079,0.0,0.88,0.714576,0.573373,0.0,0.88,0.397897,0.475,0.0,0.61,0.388012,0.511438,0.0,0.61,0.387263,0.523733,0.0,0.61,0.386514,0.536029,0.0,0.61,0.385765,0.548325,0.0,0.61,0.397053,0.509105,0.0,0.61,0.398143,0.520926,0.0,0.61,0.399232,0.532748,0.0,0.61,0.400321,0.544569,0.0,0.61,0.406095,0.506772,0.0,0.61,0.409022,0.518119,0.0,0.61,0.41195,0.529466,0.0,0.61,0.414878,0.540814,0.0,0.61,0.415136,0.504439,0.0,0.61,0.419902,0.515312,0.0,0.61,0.424668,0.526185,0.0,0.61,0.429434,0.537058,0.0,0.61,0.424178,0.502107,0.0,0.61,0.430782,0.512505,0.0,0.61,0.437386,0.522904,0.0,0.61,0.44399,0.533303,0.0,0.61
fixture/demo,195,6.5,0,0.494476,0.173438,0.0,0.93,0.503851,0.160938,0.0,0.93,0.511663,0.159375,0.0,0.93,0.519476,0.160938,0.0,0.93,0.485101,0.160938,0.0,0.93,0.477288,0.159375,0.0,0.93,0.469476,0.160938,0.0,0.93,0.531976,0.167188,0.0,0.93,0.456976,0.167188,0.0,0.93,0.506976,0.190625,0.0,0.93,0.481976,0.190625,0.0,0.93,0.575726,0.275,0.0,0.93,0.413226,0.275,0.0,0.93,0.666911,0.37329,0.0,0.93,0.372601,0.377746,0.0,0.93,0.714724,0.498549,0.0,0.93,0.397601,0.475,0.0,0.93,0.735036,0.517299,0.0,0.93,0.377288,0.49375,0.0,0.93,0.741286,0.493861,0.0,0.93,0.371038,0.470312,0.0,0.93,0.728786,0.504799,0.0,0.93,0.383538,0.48125,0.0,0.93,0.556976,0.459375,0.0,0.93,0.431976,0.459375,0.0,0.93,0.566351,0.58125,0.0,0.32,0.422601,0.58125,0.0,0.32,0.572601,0.684375,0.0,0.32,0.416351,0.684375,0.0,0.32,0.563226,0.7,0.0,0.32,0.425726,0.7,0.0,0.32,0.606976,0.69375,0.0,0.32,0.381976,0.69375,0.0,0.32,0.714724,0.498549,0.0,0.88,0.743873,0.522544,0.0,0.88,0.751599,0.532138,0.0,0.88,0.759325,0.541732,0.0,0.88,0.767052,0.551326,0.0,0.88,0.735149,0.525874,0.0,0.88,0.741102,0.536145,0.0,0.88,0.747055,0.546416,0.0,0.88,0.753007,0.556687,0.0,0.88,0.726426,0.529204,0.0,0.88,0.730605,0.540152,0.0,0.88,0.734784,0.5511,0.0,0.88,0.738963,0.562048,0.0,0.88,0.717702,0.532534,0.0,0.88,0.720108,0.544159,0.0,0.88,0.722513,0.555784,0.0,0.88,0.724919,0.567409,0.0,0.88,0.708978,0.535863,0.0,0.88,0.70961,0.548166,0.0,0.88,0.710242,0.560468,0.0,0.88,0.710874,0.57277,0.0,0.88,0.397601,0.475,0.0,0.61,0.387683,0.511429,0.0,0.61,0.386923,0.523724,0.0,0.61,0.386163,0.536019,0.0,0.61,0.385404,0.548314,0.0,0.61,0.396726,0.509104,0.0,0.61,0.397805,0.520926,0.0,0.61,0.398884,0.532749,0.0,0.61,0.399963,0.544571,0.0,0.61,0.40577,0.506779,0.0,0.61,0.408687,0.518129,0.0,0.61,0.411605,0.529479,0.0,0.61,0.414523,0.540829,0.0,0.61,0.414813,0.504455,0.0,0.61,0.41957,0.515332,0.0,0.61,0.424326,0.526209,0.0,0.61,0.429082,0.537086,0.0,0.61,0.423857,0.50213,0.0,0.61,0.430452,0.512534,0.0,0.61,0.437047,0.522939,0.0,0.61,0.443641,0.533343,0.0,0.61
fixture/demo,196,6.533333,0,0.494194,0.173463,0.0,0.93,0.503569,0.160963,0.0,0.93,0.511382,0.159401,0.0,0.93,0.519194,0.160963,0.0,0.93,0.484819,0.160963,0.0,0.93,0.477007,0.159401,0.0,0.93,0.469194,0.160963,0.0,0.93,0.531694,0.167213,0.0,0.93,0.456694,0.167213,0.0,0.93,0.506694,0.190651,0.0,0.93,0.481694,0.190651,0.0,0.93,0.575444,0.275,0.0,0.93,0.412944,0.275,0.0,0.93,0.665778,0.372912,0.0,0.93,0.372319,0.377408,0.0,0.93,0.711724,0.497955,0.0,0.93,0.397319,0.475,0.0,0.93,0.732037,0.516705,0.0,0.93,0.377007,0.49375,0.0,0.93,0.738287,0.493268,0.0,0.93,0.370757,0.470312,0.0,0.93,0.725787,0.504205,0.0,0.93,0.383257,0.48125,0.0,0.93,0.556694,0.459375,0.0,0.93,0.431694,0.459375,0.0,0.93,0.566069,0.58125,0.0,0.32,0.422319,0.58125,0.0,0.32,0.572319,0.684375,0.0,0.32,0.416069,0.684375,0.0,0.32,0.562944,0.7,0.0,0.32,0.425444,0.7,0.0,0.32,0.606694,0.69375,0.0,0.32,0.381694,0.69375,0.0,0.32,0.711724,0.497955,0.0,0.88,0.74057,0.522313,0.0,0.88,0.748176,0.532003,0.0,0.88,0.755782,0.541694,0.0,0.88,0.763388,0.551384,0.0,0.88,0.731806,0.525534,0.0,0.88,0.73763,0.535879,0.0,0.88,0.743453,0.546224,0.0,0.88,0.749277,0.556568,0.0,0.88,0.723041,0.528754,0.0,0.88,0.727083,0.539754,0.0,0.88,0.731125,0.550754,0.0,0.88,0.735167,0.561753,0.0,0.88,0.714277,0.531975,0.0,0.88,0.716537,0.543629,0.0,0.88,0.718797,0.555284,0.0,0.88,0.721056,0.566938,0.0,0.88,0.705512,0.535195,0.0,0.88,0.70599,0.547505,0.0,0.88,0.706468,0.559814,0.0,0.88,0.706946,0.572123,0.0,0.88,0.397319,0.475,0.0,0.61,0.387371,0.51142,0.0,0.61,0.386601,0.523715,0.0,0.61,0.385831,0.536009,0.0,0.61,0.385061,0.548304,0.0,0.61,0.396416,0.509103,0.0,0.61,0.397485,0.520927,0.0,0.61,0.398554,0.53275,0.0,0.61,0.399623,0.544573,0.0,0.61,0.405462,0.506786,0.0,0.61,0.40837,0.518138,0.0,0.61,0.411278,0.529491,0.0,0.61,0.414186,0.540843,0.0,0.61,0.414507,0.504469,0.0,0.61,0.419254,0.51535,0.0,0.61,0.424001,0.526231,0.0,0.61,0.428749,0.537112,0.0,0.61,0.423553,0.502152,0.0,0.61,0.430139,0.512562,0.0,0.61,0.436725,0.522972,0.0,0.61,0.443311,0.533382,0.0,0.61
fixture/demo,197,6.566667,0,0.493929,0.17354,0.0,0.93,0.503304,0.16104,0.0,0.93,0.511116,0.159477,0.0,0.93,0.518929,0.16104,0.0,0.93,0.484554,0.16104,0.0,0.93,0.476741,0.159477,0.0,0.93,0.468929,0.16104,0.0,0.93,0.531429,0.16729,0.0,0.93,0.456429,0.16729,0.0,0.93,0.506429,0.190727,0.0,0.93,0.481429,0.190727,0.0,0.93,0.575179,0.275,0.0,0.93,0.412679,0.275,0.0,0.93,0.664607,0.372528,0.0,0.93,0.372054,0.377089,0.0,0.93,0.708574,0.497333,0.0,0.93,0.397054,0.475,0.0,0.93,0.728886,0.516083,0.0,0.93,0.376741,0.49375,0.0,0.93,0.735136,0.492646,0.0,0.93,0.370491,0.470312,0.0,0.93,0.722636,0.503583,0.0,0.93,0.382991,0.48125,0.0,0.93,0.556429,0.459375,0.0,0.93,0.431429,0.459375,0.0,0.93,0.565804,0.58125,0.0,0.32,0.422054,0.58125,0.0,0.32,0.572054,0.684375,0.0,0.32,0.415804,0.684375,0.0,0.32,0.562679,0.7,0.0,0.32,0.425179,0.7,0.0,0.32,0.606429,0.69375,0.0,0.32,0.381429,0.69375,0.0,0.32,0.708574,0.497333,0.0,0.88,0.73709,0.522076,0.0,0.88,0.744565,0.531868,0.0,0.88,0.75204,0.541659,0.0,0.88,0.759515,0.55145,0.0,0.88,0.728283,0.525179,0.0,0.88,0.733968,0.535601,0.0,0.88,0.739652,0.546023,0.0,0.88,0.745336,0.556445,0.0,0.88,0.719476,0.528281,0.0,0.88,0.72337,0.539334,0.0,0.88,0.727264,0.550387,0.0,0.88,0.731158,0.56144,0.0,0.88,0.710669,0.531384,0.0,0.88,0.712772,0.543068,0.0,0.88,0.714876,0.554751,0.0,0.88,0.716979,0.566435,0.0,0.88,0.701862,0.534486,0.0,0.88,0.702175,0.546801,0.0,0.88,0.702488,0.559116,0.0,0.88,0.7028,0.57143,0.0,0.88,0.397054,0.475,0.0,0.61,0.387077,0.511413,0.0,0.61,0.386297,0.523706,0.0,0.61,0.385517,0.536,0.0,0.61,0.384738,0.548294,0.0,0.61,0.396124,0.509103,0.0,0.61,0.397184,0.520927,0.0,0.61,0.398244,0.532751,0.0,0.61,0.399303,0.544575,0.0,0.61,0.405171,0.506792,0.0,0.61,0.40807,0.518147,0.0,0.61,0.41097,0.529501,0.0,0.61,0.413869,0.540856,0.0,0.61,0.414219,0.504482,0.0,0.61,0.418957,0.515367,0.0,0.61,0.423696,0.526252,0.0,0.61,0.428434,0.537137,0.0,0.61,0.423266,0.502172,0.0,0.61,0.429844,0.512587,0.0,0.61,0.436422,0.523003,0.0,0.61,0.443,0.533418,0.0,0.61
fixture/demo,198,6.6,0,0.49368,0.173667,0.0,0.93,0.503055,0.161167,0.0,0.93,0.510867,0.159604,0.0,0.93,0.51868,0.161167,0.0,0.93,0.484305,0.161167,0.0,0.93,0.476492,0.159604,0.0,0.93,0.46868,0.161167,0.0,0.93,0.53118,0.167417,0.0,0.93,0.45618,0.167417,0.0,0.93,0.50618,0.190854,0.0,0.93,0.48118,0.190854,0.0,0.93,0.57493,0.275,0.0,0.93,0.41243,0.275,0.0,0.93,0.663404,0.372142,0.0,0.93,0.371805,0.37679,0.0,0.93,0.705281,0.496684,0.0,0.93,0.396805,0.475,0.0,0.93,0.725594,0.515434,0.0,0.93,0.376492,0.49375,0.0,0.93,0.731844,0.491997,0.0,0.93,0.370242,0.470312,0.0,0.93,0.719344,0.502934,0.0,0.93,0.382742,0.48125,0.0,0.93,0.55618,0.459375,0.0,0.93,0.43118,0.459375,0.0,0.93,0.565555,0.58125,0.0,0.32,0.421805,0.58125,0.0,0.32,0.571805,0.684375,0.0,0.32,0.415555,0.684375,0.0,0.32,0.56243,0.7,0.0,0.32,0.42493,0.7,0.0,0.32,0.60618,0.69375,0.0,0.32,0.38118,0.69375,0.0,0.32,0.705281,0.496684,0.0,0.88,0.73344,0.521833,0.0,0.88,0.740774,0.531731,0.0,0.88,0.748108,0.541628,0.0,0.88,0.755442,0.551526,0.0,0.88,0.72459,0.524809,0.0,0.88,0.730124,0.535312,0.0,0.88,0.735658,0.545815,0.0,0.88,0.741193,0.556317,0.0,0.88,0.715739,0.527785,0.0,0.88,0.719474,0.538893,0.0,0.88,0.723209,0.550001,0.0,0.88,0.726944,0.561108,0.0,0.88,0.706889,0.530761,0.0,0.88,0.708824,0.542474,0.0,0.88,0.71076,0.554187,0.0,0.88,0.712695,0.5659,0.0,0.88,0.698038,0.533738,0.0,0.88,0.698174,0.546055,0.0,0.88,0.69831,0.558373,0.0,0.88,0.698446,0.570691,0.0,0.88,0.396805,0.475,0.0,0.61,0.386801,0.511405,0.0,0.61,0.386013,0.523699,0.0,0.61,0.385224,0.535992,0.0,0.61,0.384435,0.548285,0.0,0.61,0.39585,0.509102,0.0,0.61,0.396901,0.520927,0.0,0.61,0.397952,0.532752,0.0,0.61,0.399004,0.544577,0.0,0.61,0.404899,0.506798,0.0,0.61,0.40779,0.518155,0.0,0.61,0.410681,0.529512,0.0,0.61,0.413572,0.540868,0.0,0.61,0.413948,0.504495,0.0,0.61,0.418679,0.515383,0.0,0.61,0.423409,0.526271,0.0,0.61,0.42814,0.53716,0.0,0.61,0.422997,0.502191,0.0,0.61,0.429567,0.512611,0.0,0.61,0.436138,0.523031,0.0,0.61,0.442708,0.533451,0.0,0.61
fixture/demo,199,6.633333,0,0.493448,0.173843,0.0,0.93,0.502823,0.161343,0.0,0.93,0.510635,0.15978,0.0,0.93,0.518448,0.161343,0.0,0.93,0.484073,0.161343,0.0,0.93,0.47626,0.15978,0.0,0.93,0.468448,0.161343,0.0,0.93,0.530948,0.167593,0.0,0.93,0.455948,0.167593,0.0,0.93,0.505948,0.19103,0.0,0.93,0.480948,0.19103,0.0,0.93,0.574698,0.275,0.0,0.93,0.412198,0.275,0.0,0.93,0.662171,0.371757,0.0,0.93,0.371573,0.376512,0.0,0.93,0.701856,0.49601,0.0,0.93,0.396573,0.475,0.0,0.93,0.722169,0.51476,0.0,0.93,0.37626,0.49375,0.0,0.93,0.728419,0.491322,0.0,0.93,0.37001,0.470312,0.0,0.93,0.715919,0.50226,0.0,0.93,0.38251,0.48125,0.0,0.93,0.555948,0.459375,0.0,0.93,0.430948,0.459375,0.0,0.93,0.565323,0.58125,0.0,0.32,0.421573,0.58125,0.0,0.32,0.571573,0.684375,0.0,0.32,0.415323,0.684375,0.0,0.32,0.562198,0.7,0.0,0.32,0.424698,0.7,0.0,0.32,0.605948,0.69375,0.0,0.32,0.380948,0.69375,0.0,0.32,0.701856,0.49601,0.0,0.88,0.729629,0.521585,0.0,0.88,0.736811,0.531593,0.0,0.88,0.743993,0.541601,0.0,0.88,0.751176,0.551609,0.0,0.88,0.720734,0.524426,0.0,0.88,0.726108,0.535012,0.0,0.88,0.731482,0.545597,0.0,0.88,0.736856,0.556183,0.0,0.88,0.711839,0.527267,0.0,0.88,0.715405,0.53843,0.0,0.88,0.71897,0.549593,0.0,0.88,0.722535,0.560757,0.0,0.88,0.702944,0.530108,0.0,0.88,0.704701,0.541849,0.0,0.88,0.706458,0.553589,0.0,0.88,0.708215,0.56533,0.0,0.88,0.69405,0.532949,0.0,0.88,0.693998,0.545267,0.0,0.88,0.693947,0.557586,0.0,0.88,0.693895,0.569904,0.0,0.88,0.396573,0.475,0.0,0.61,0.386545,0.511399,0.0,0.61,0.385748,0.523691,0.0,0.61,0.384951,0.535984,0.0,0.61,0.384154,0.548277,0.0,0.61,0.395595,0.509101,0.0,0.61,0.396639,0.520927,0.0,0.61,0.397682,0.532752,0.0,0.61,0.398725,0.544578,0.0,0.61,0.404646,0.506804,0.0,0.61,0.407529,0.518162,0.0,0.61,0.410412,0.529521,0.0,0.61,0.413296,0.540879,0.0,0.61,0.413696,0.504506,0.0,0.61,0.41842,0.515398,0.0,0.61,0.423143,0.526289,0.0,0.61,0.427866,0.537181,0.0,0.61,0.422747,0.502209,0.0,0.61,0.42931,0.512633,0.0,0.61,0.435874,0.523058,0.0,0.61,0.442437,0.533482,0.0,0.61
fixture/demo,200,6.666667,0,0.493234,0.174066,0.0,0.93,0.502609,0.161566,0.0,0.93,0.510422,0.160003,0.0,0.93,0.518234,0.161566,0.0,0.93,0.483859,0.161566,0.0,0.93,0.476047,0.160003,0.0,0.93,0.468234,0.161566,0.0,0.93,0.530734,0.167816,0.0,0.93,0.455734,0.167816,0.0,0.93,0.505734,0.191253,0.0,0.93,0.480734,0.191253,0.0,0.93,0.574484,0.275,0.0,0.93,0.411984,0.275,0.0,0.93,0.660914,0.371376,0.0,0.93,0.371359,0.376256,0.0,0.93,0.698309,0.495312,0.0,0.93,0.396359,0.475,0.0,0.93,0.718621,0.514062,0.0,0.93,0.376047,0.49375,0.0,0.93,0.724871,0.490625,0.0,0.93,0.369797,0.470312,0.0,0.93,0.712371,0.501562,0.0,0.93,0.382297,0.48125,0.0,0.93,0.555734,0.459375,0.0,0.93,0.430734,0.459375,0.0,0.93,0.565109,0.58125,0.0,0.32,0.421359,0.58125,0.0,0.32,0.571359,0.684375,0.0,0.32,0.415109,0.684375,0.0,0.32,0.561984,0.7,0.0,0.32,0.424484,0.7,0.0,0.32,0.605734,0.69375,0.0,0.32,0.380734,0.69375,0.0,0.32,0.698309,0.495312,0.0,0.88,0.725666,0.521332,0.0,0.88,0.732686,0.531454,0.0,0.88,0.739706,0.541577,0.0,0.88,0.746726,0.551699,0.0,0.88,0.716726,0.524029,0.0,0.88,0.721929,0.5347,0.0,0.88,0.727131,0.545371,0.0,0.88,0.732334,0.556041,0.0,0.88,0.707787,0.526726,0.0,0.88,0.711172,0.537945,0.0,0.88,0.714557,0.549165,0.0,0.88,0.717942,0.560384,0.0,0.88,0.698847,0.529423,0.0,0.88,0.700415,0.541191,0.0,0.88,0.701982,0.552959,0.0,0.88,0.70355,0.564726,0.0,0.88,0.689908,0.532121,0.0,0.88,0.689658,0.544437,0.0,0.88,0.689408,0.556753,0.0,0.88,0.689158,0.569069,0.0,0.88,0.396359,0.475,0.0,0.61,0.386309,0.511392,0.0,0.61,0.385504,0.523685,0.0,0.61,0.3847,0.535977,0.0,0.61,0.383895,0.548269,0.0,0.61,0.395361,0.509101,0.0,0.61,0.396396,0.520927,0.0,0.61,0.397432,0.532753,0.0,0.61,0.398468,0.544579,0.0,0.61,0.404413,0.506809,0.0,0.61,0.407289,0.518169,0.0,0.61,0.410165,0.529529,0.0,0.61,0.413041,0.54089,0.0,0.61,0.413464,0.504517,0.0,0.61,0.418181,0.515411,0.0,0.61,0.422898,0.526306,0.0,0.61,0.427614,0.5372,0.0,0.61,0.422516,0.502225,0.0,0.61,0.429073,0.512654,0.0,0.61,0.43563,0.523082,0.0,0.61,0.442187,0.533511,0.0,0.61
fixture/demo,201,6.7,0,0.493039,0.174333,0.0,0.93,0.502414,0.161833,0.0,0.93,0.510227,0.16027,0.0,0.93,0.518039,0.161833,0.0,0.93,0.483664,0.161833,0.0,0.93,0.475852,0.16027,0.0,0.93,0.468039,0.161833,0.0,0.93,0.530539,0.168083,0.0,0.93,0.455539,0.168083,0.0,0.93,0.505539,0.19152,0.0,0.93,0.480539,0.19152,0.0,0.93,0.574289,0.275,0.0,0.93,0.411789,0.275,0.0,0.93,0.659637,0.371002,0.0,0.93,0.371164,0.376022,0.0,0.93,0.694649,0.494594,0.0,0.93,0.396164,0.475,0.0,0.93,0.714961,0.513344,0.0,0.93,0.375852,0.49375,0.0,0.93,0.721211,0.489906,0.0,0.93,0.369602,0.470312,0.0,0.93,0.708711,0.500844,0.0,0.93,0.382102,0.48125,0.0,0.93,0.555539,0.459375,0.0,0.93,0.430539,0.459375,0.0,0.93,0.564914,0.58125,0.0,0.32,0.421164,0.58125,0.0,0.32,0.571164,0.684375,0.0,0.32,0.414914,0.684375,0.0,0.32,0.561789,0.7,0.0,0.32,0.424289,0.7,0.0,0.32,0.605539,0.69375,0.0,0.32,0.380539,0.69375,0.0,0.32,0.694649,0.494594,0.0,0.88,0.72156,0.521074,0.0,0.88,0.728408,0.531314,0.0,0.88,0.735255,0.541554,0.0,0.88,0.742102,0.551794,0.0,0.88,0.712576,0.523619,0.0,0.88,0.717597,0.534376,0.0,0.88,0.722618,0.545134,0.0,0.88,0.727638,0.555891,0.0,0.88,0.703592,0.526164,0.0,0.88,0.706787,0.537439,0.0,0.88,0.709981,0.548714,0.0,0.88,0.713175,0.559989,0.0,0.88,0.694608,0.528709,0.0,0.88,0.695976,0.540501,0.0,0.88,0.697344,0.552294,0.0,0.88,0.698711,0.564086,0.0,0.88,0.685625,0.531254,0.0,0.88,0.685166,0.543564,0.0,0.88,0.684707,0.555874,0.0,0.88,0.684248,0.568184,0.0,0.88,0.396164,0.475,0.0,0.61,0.386093,0.511387,0.0,0.61,0.385282,0.523678,0.0,0.61,0.38447,0.53597,0.0,0.61,0.383659,0.548262,0.0,0.61,0.395146,0.5091,0.0,0.61,0.396175,0.520927,0.0,0.61,0.397205,0.532754,0.0,0.61,0.398234,0.544581,0.0,0.61,0.404199,0.506813,0.0,0.61,0.407069,0.518175,0.0,0.61,0.409939,0.529537,0.0,0.61,0.412809,0.540899,0.0,0.61,0.413253,0.504527,0.0,0.61,0.417963,0.515424,0.0,0.61,0.422674,0.526321,0.0,0.61,0.427384,0.537218,0.0,0.61,0.422306,0.50224,0.0,0.61,0.428857,0.512672,0.0,0.61,0.435408,0.523104,0.0,0.61,0.441959,0.533536,0.0,0.61
fixture/demo,202,6.733333,0,0.492863,0.174642,0.0,0.93,0.502238,0.162142,0.0,0.93,0.51005,0.160579,0.0,0.93,0.517863,0.162142,0.0,0.93,0.483488,0.162142,0.0,0.93,0.475675,0.160579,0.0,0.93,0.467863,0.162142,0.0,0.93,0.530363,0.168392,0.0,0.93,0.455363,0.168392,0.0,0.93,0.505363,0.191829,0.0,0.93,0.480363,0.191829,0.0,0.93,0.574113,0.275,0.0,0.93,0.411613,0.275,0.0,0.93,0.658343,0.370639,0.0,0.93,0.370988,0.375811,0.0,0.93,0.690888,0.493855,0.0,0.93,0.395988,0.475,0.0,0.93,0.711201,0.512605,0.0,0.93,0.375675,0.49375,0.0,0.93,0.717451,0.489168,0.0,0.93,0.369425,0.470312,0.0,0.93,0.704951,0.500105,0.0,0.93,0.381925,0.48125,0.0,0.93,0.555363,0.459375,0.0,0.93,0.430363,0.459375,0.0,0.93,0.564738,0.58125,0.0,0.32,0.420988,0.58125,0.0,0.32,0.570988,0.684375,0.0,0.32,0.414738,0.684375,0.0,0.32,0.561613,0.7,0.0,0.32,0.424113,0.7,0.0,0.32,0.605363,0.69375,0.0,0.32,0.380363,0.69375,0.0,0.32,0.690888,0.493855,0.0,0.88,0.717323,0.520811,0.0,0.88,0.723987,0.531171,0.0,0.88,0.730651,0.541532,0.0,0.88,0.737314,0.551892,0.0,0.88,0.708296,0.523195,0.0,0.88,0.713124,0.534041,0.0,0.88,0.717952,0.544886,0.0,0.88,0.72278,0.555731,0.0,0.88,0.699268,0.52558,0.0,0.88,0.70226,0.53691,0.0,0.88,0.705253,0.54824,0.0,0.88,0.708246,0.55957,0.0,0.88,0.69024,0.527964,0.0,0.88,0.691397,0.539779,0.0,0.88,0.692554,0.551594,0.0,0.88,0.693711,0.563409,0.0,0.88,0.681212,0.530349,0.0,0.88,0.680534,0.542649,0.0,0.88,0.679855,0.554948,0.0,0.88,0.679177,0.567248,0.0,0.88,0.395988,0.475,0.0,0.61,0.385899,0.511382,0.0,0.61,0.385081,0.523673,0.0,0.61,0.384263,0.535964,0.0,0.61,0.383446,0.548256,0.0,0.61,0.394953,0.5091,0.0,0.61,0.395976,0.520927,0.0,0.61,0.396999,0.532754,0.0,0.61,0.398023,0.544582,0.0,0.61,0.404007,0.506817,0.0,0.61,0.406871,0.518181,0.0,0.61,0.409735,0.529544,0.0,0.61,0.412599,0.540908,0.0,0.61,0.413062,0.504535,0.0,0.61,0.417767,0.515435,0.0,0.61,0.422471,0.526334,0.0,0.61,0.427176,0.537234,0.0,0.61,0.422116,0.502253,0.0,0.61,0.428662,0.512689,0.0,0.61,0.435208,0.523124,0.0,0.61,0.441753,0.53356,0.0,0.61
fixture/demo,203,6.766667,0,0.492706,0.174988,0.0,0.93,0.502081,0.162488,0.0,0.93,0.509894,0.160926,0.0,0.93,0.517706,0.162488,0.0,0.93,0.483331,0.162488,0.0,0.93,0.475519,0.160926,0.0,0.93,0.467706,0.162488,0.0,0.93,0.530206,0.168738,0.0,0.93,0.455206,0.168738,0.0,0.93,0.505206,0.192176,0.0,0.93,0.480206,0.192176,0.0,0.93,0.573956,0.275,0.0,0.93,0.411456,0.275,0.0,0.93,0.657037,0.370289,0.0,0.93,0.370831,0.375623,0.0,0.93,0.687038,0.493099,0.0,0.93,0.395831,0.475,0.0,0.93,0.70735,0.511849,0.0,0.93,0.375519,0.49375,0.0,0.93,0.7136,0.488412,0.0,0.93,0.369269,0.470312,0.0,0.93,0.7011,0.499349,0.0,0.93,0.381769,0.48125,0.0,0.93,0.555206,0.459375,0.0,0.93,0.430206,0.459375,0.0,0.93,0.564581,0.58125,0.0,0.32,0.420831,0.58125,0.0,0.32,0.570831,0.684375,0.0,0.32,0.414581,0.684375,0.0,0.32,0.561456,0.7,0.0,0.32,0.423956,0.7,0.0,0.32,0.605206,0.69375,0.0,0.32,0.380206,0.69375,0.0,0.32,0.687038,0.493099,0.0,0.88,0.712966,0.520543,0.0,0.88,0.719435,0.531026,0.0,0.88,0.725904,0.541509,0.0,0.88,0.732374,0.551992,0.0,0.88,0.703895,0.522759,0.0,0.88,0.70852,0.533692,0.0,0.88,0.713145,0.544626,0.0,0.88,0.71777,0.555559,0.0,0.88,0.694824,0.524975,0.0,0.88,0.697605,0.536359,0.0,0.88,0.700386,0.547743,0.0,0.88,0.703167,0.559127,0.0,0.88,0.685753,0.527191,0.0,0.88,0.68669,0.539025,0.0,0.88,0.687627,0.55086,0.0,0.88,0.688564,0.562694,0.0,0.88,0.676683,0.529406,0.0,0.88,0.675775,0.541691,0.0,0.88,0.674868,0.553976,0.0,0.88,0.67396,0.566261,0.0,0.88,0.395831,0.475,0.0,0.61,0.385726,0.511377,0.0,0.61,0.384903,0.523668,0.0,0.61,0.384079,0.535959,0.0,0.61,0.383256,0.54825,0.0,0.61,0.394781,0.509099,0.0,0.61,0.395799,0.520927,0.0,0.61,0.396817,0.532755,0.0,0.61,0.397835,0.544582,0.0,0.61,0.403837,0.506821,0.0,0.61,0.406695,0.518186,0.0,0.61,0.409554,0.52955,0.0,0.61,0.412413,0.540915,0.0,0.61,0.412892,0.504543,0.0,0.61,0.417592,0.515445,0.0,0.61,0.422292,0.526346,0.0,0.61,0.426992,0.537248,0.0,0.61,0.421947,0.502265,0.0,0.61,0.428488,0.512703,0.0,0.61,0.435029,0.523142,0.0,0.61,0.441571,0.53358,0.0,0.61
fixture/demo,204,6.8,0,0.49257,0.17537,0.0,0.93,0.501945,0.16287,0.0,0.93,0.509757,0.161307,0.0,0.93,0.51757,0.16287,0.0,0.93,0.483195,0.16287,0.0,0.93,0.475382,0.161307,0.0,0.93,0.46757,0.16287,0.0,0.93,0.53007,0.16912,0.0,0.93,0.45507,0.16912,0.0,0.93,0.50507,0.192557,0.0,0.93,0.48007,0.192557,0.0,0.93,0.57382,0.275,0.0,0.93,0.41132,0.275,0.0,0.93,0.655724,0.369956,0.0,0.93,0.370695,0.375459,0.0,0.93,0.683109,0.492328,0.0,0.93,0.395695,0.475,0.0,0.93,0.703422,0.511078,0.0,0.93,0.375382,0.49375,0.0,0.93,0.709672,0.487641,0.0,0.93,0.369132,0.470312,0.0,0.93,0.697172,0.498578,0.0,0.93,0.381632,0.48125,0.0,0.93,0.55507,0.459375,0.0,0.93,0.43007,0.459375,0.0,0.93,0.564445,0.58125,0.0,0.32,0.420695,0.58125,0.0,0.32,0.570695,0.684375,0.0,0.32,0.414445,0.684375,0.0,0.32,0.56132,0.7,0.0,0.32,0.42382,0.7,0.0,0.32,0.60507,0.69375,0.0,0.32,0.38007,0.69375,0.0,0.32,0.683109,0.492328,0.0,0.88,0.708499,0.520271,0.0,0.88,0.714764,0.530877,0.0,0.88,0.721028,0.541484,0.0,0.88,0.727292,0.552091,0.0,0.88,0.699387,0.52231,0.0,0.88,0.703799,0.533331,0.0,0.88,0.708211,0.544352,0.0,0.88,0.712622,0.555374,0.0,0.88,0.690275,0.524349,0.0,0.88,0.692834,0.535785,0.0,0.88,0.695393,0.547221,0.0,0.88,0.697952,0.558657,0.0,0.88,0.681163,0.526388,0.0,0.88,0.681869,0.538239,0.0,0.88,0.682576,0.550089,0.0,0.88,0.683283,0.561939,0.0,0.88,0.672051,0.528427,0.0,0.88,0.670905,0.540692,0.0,0.88,0.669759,0.552957,0.0,0.88,0.668613,0.565222,0.0,0.88,0.395695,0.475,0.0,0.61,0.385575,0.511373,0.0,0.61,0.384747,0.523664,0.0,0.61,0.383919,0.535954,0.0,0.61,0.383091,0.548245,0.0,0.61,0.394631,0.509099,0.0,0.61,0.395645,0.520927,0.0,0.61,0.396658,0.532755,0.0,0.61,0.397671,0.544583,0.0,0.61,0.403688,0.506824,0.0,0.61,0.406542,0.51819,0.0,0.61,0.409397,0.529556,0.0,0.61,0.412251,0.540921,0.0,0.61,0.412744,0.50455,0.0,0.61,0.41744,0.515453,0.0,0.61,0.422135,0.526356,0.0,0.61,0.426831,0.53726,0.0,0.61,0.4218,0.502275,0.0,0.61,0.428337,0.512716,0.0,0.61,0.434874,0.523157,0.0,0.61,0.441411,0.533598,0.0,0.61
fixture/demo,205,6.833333,0,0.492454,0.175781,0.0,0.93,0.501829,0.163281,0.0,0.93,0.509641,0.161719,0.0,0.93,0.517454,0.163281,0.0,0.93,0.483079,0.163281,0.0,0.93,0.475266,0.161719,0.0,0.93,0.467454,0.163281,0.0,0.93,0.529954,0.169531,0.0,0.93,0.454954,0.169531,0.0,0.93,0.504954,0.192969,0.0,0.93,0.479954,0.192969,0.0,0.93,0.573704,0.275,0.0,0.93,0.411204,0.275,0.0,0.93,0.654408,0.369643,0.0,0.93,0.370579,0.375319,0.0,0.93,0.679115,0.491544,0.0,0.93,0.395579,0.475,0.0,0.93,0.699427,0.510294,0.0,0.93,0.375266,0.49375,0.0,0.93,0.705677,0.486857,0.0,0.93,0.369016,0.470312,0.0,0.93,0.693177,0.497794,0.0,0.93,0.381516,0.48125,0.0,0.93,0.554954,0.459375,0.0,0.93,0.429954,0.459375,0.0,0.93,0.564329,0.58125,0.0,0.32,0.420579,0.58125,0.0,0.32,0.570579,0.684375,0.0,0.32,0.414329,0.684375,0.0,0.32,0.561204,0.7,0.0,0.32,0.423704,0.7,0.0,0.32,0.604954,0.69375,0.0,0.32,0.379954,0.69375,0.0,0.32,0.679115,0.491544,0.0,0.88,0.703936,0.519993,0.0,0.88,0.709985,0.530724,0.0,0.88,0.716034,0.541455,0.0,0.88,0.722083,0.552186,0.0,0.88,0.694784,0.521848,0.0,0.88,0.698973,0.532956,0.0,0.88,0.703161,0.544064,0.0,0.88,0.707349,0.555172,0.0,0.88,0.685633,0.523703,0.0,0.88,0.687961,0.535188,0.0,0.88,0.690288,0.546673,0.0,0.88,0.692616,0.558158,0.0,0.88,0.676481,0.525557,0.0,0.88,0.676949,0.53742,0.0,0.88,0.677416,0.549282,0.0,0.88,0.677883,0.561144,0.0,0.88,0.66733,0.527412,0.0,0.88,0.665936,0.539652,0.0,0.88,0.664543,0.551891,0.0,0.88,0.66315,0.564131,0.0,0.88,0.395579,0.475,0.0,0.61,0.385447,0.51137,0.0,0.61,0.384615,0.52366,0.0,0.61,0.383783,0.535951,0.0,0.61,0.382951,0.548241,0.0,0.61,0.394504,0.509098,0.0,0.61,0.395513,0.520927,0.0,0.61,0.396523,0.532755,0.0,0.61,0.397532,0.544584,0.0,0.61,0.403561,0.506827,0.0,0.61,0.406412,0.518194,0.0,0.61,0.409262,0.52956,0.0,0.61,0.412113,0.540927,0.0,0.61,0.412618,0.504555,0.0,0.61,0.41731,0.51546,0.0,0.61,0.422002,0.526365,0.0,0.61,0.426694,0.53727,0.0,0.61,0.421675,0.502284,0.0,0.61,0.428208,0.512727,0.0,0.61,0.434742,0.52317,0.0,0.61,0.441276,0.533613,0.0,0.61
fixture/demo,206,6.866667,0,0.492358,0.176218,0.0,0.93,0.501733,0.163718,0.0,0.93,0.509546,0.162156,0.0,0.93,0.517358,0.163718,0.0,0.93,0.482983,0.163718,0.0,0.93,0.475171,0.162156,0.0,0.93,0.467358,0.163718,0.0,0.93,0.529858,0.169968,0.0,0.93,0.454858,0.169968,0.0,0.93,0.504858,0.193406,0.0,0.93,0.479858,0.193406,0.0,0.93,0.573608,0.275,0.0,0.93,0.411108,0.275,0.0,0.93,0.653093,0.369352,0.0,0.93,0.370483,0.375205,0.0,0.93,0.675067,0.490749,0.0,0.93,0.395483,0.475,0.0,0.93,0.695379,0.509499,0.0,0.93,0.375171,0.49375,0.0,0.93,0.701629,0.486061,0.0,0.93,0.368921,0.470312,0.0,0.93,0.689129,0.496999,0.0,0.93,0.381421,0.48125,0.0,0.93,0.554858,0.459375,0.0,0.93,0.429858,0.459375,0.0,0.93,0.564233,0.58125,0.0,0.32,0.420483,0.58125,0.0,0.32,0.570483,0.684375,0.0,0.32,0.414233,0.684375,0.0,0.32,0.561108,0.7,0.0,0.32,0.423608,0.7,0.0,0.32,0.604858,0.69375,0.0,0.32,0.379858,0.69375,0.0,0.32,0.675067,0.490749,0.0,0.88,0.699288,0.51971,0.0,0.88,0.705111,0.530565,0.0,0.88,0.710935,0.54142,0.0,0.88,0.716758,0.552275,0.0,0.88,0.6901,0.521373,0.0,0.88,0.694055,0.532566,0.0,0.88,0.69801,0.54376,0.0,0.88,0.701966,0.554953,0.0,0.88,0.680911,0.523036,0.0,0.88,0.682999,0.534568,0.0,0.88,0.685086,0.546099,0.0,0.88,0.687173,0.557631,0.0,0.88,0.671723,0.5247,0.0,0.88,0.671942,0.536569,0.0,0.88,0.672162,0.548439,0.0,0.88,0.672381,0.560308,0.0,0.88,0.662535,0.526363,0.0,0.88,0.660886,0.53857,0.0,0.88,0.659237,0.550778,0.0,0.88,0.657588,0.562986,0.0,0.88,0.395483,0.475,0.0,0.61,0.385342,0.511367,0.0,0.61,0.384506,0.523657,0.0,0.61,0.383671,0.535947,0.0,0.61,0.382835,0.548237,0.0,0.61,0.394399,0.509098,0.0,0.61,0.395405,0.520927,0.0,0.61,0.396412,0.532756,0.0,0.61,0.397418,0.544584,0.0,0.61,0.403457,0.506829,0.0,0.61,0.406305,0.518196,0.0,0.61,0.409152,0.529564,0.0,0.61,0.412,0.540931,0.0,0.61,0.412514,0.50456,0.0,0.61,0.417204,0.515466,0.0,0.61,0.421893,0.526372,0.0,0.61,0.426582,0.537278,0.0,0.61,0.421572,0.502291,0.0,0.61,0.428103,0.512736,0.0,0.61,0.434634,0.523181,0.0,0.61,0.441164,0.533625,0.0,0.61
fixture/demo,207,6.9,0,0.492284,0.176676,0.0,0.93,0.501659,0.164176,0.0,0.93,0.509471,0.162614,0.0,0.93,0.517284,0.164176,0.0,0.93,0.482909,0.164176,0.0,0.93,0.475096,0.162614,0.0,0.93,0.467284,0.164176,0.0,0.93,0.529784,0.170426,0.0,0.93,0.454784,0.170426,0.0,0.93,0.504784,0.193864,0.0,0.93,0.479784,0.193864,0.0,0.93,0.573534,0.275,0.0,0.93,0.411034,0.275,0.0,0.93,0.651783,0.369086,0.0,0.93,0.370409,0.375115,0.0,0.93,0.670978,0.489944,0.0,0.93,0.395409,0.475,0.0,0.93,0.69129,0.508694,0.0,0.93,0.375096,0.49375,0.0,0.93,0.69754,0.485257,0.0,0.93,0.368846,0.470312,0.0,0.93,0.68504,0.496194,0.0,0.93,0.381346,0.48125,0.0,0.93,0.554784,0.459375,0.0,0.93,0.429784,0.459375,0.0,0.93,0.564159,0.58125,0.0,0.32,0.420409,0.58125,0.0,0.32,0.570409,0.684375,0.0,0.32,0.414159,0.684375,0.0,0.32,0.561034,0.7,0.0,0.32,0.423534,0.7,0.0,0.32,0.604784,0.69375,0.0,0.32,0.379784,0.69375,0.0,0.32,0.670978,0.489944,0.0,0.88,0.694569,0.519421,0.0,0.88,0.700157,0.530399,0.0,0.88,0.705745,0.541378,0.0,0.88,0.711333,0.552356,0.0,0.88,0.685347,0.520886,0.0,0.88,0.68906,0.532162,0.0,0.88,0.692773,0.543438,0.0,0.88,0.696486,0.554714,0.0,0.88,0.676125,0.522351,0.0,0.88,0.677963,0.533924,0.0,0.88,0.679801,0.545498,0.0,0.88,0.681639,0.557072,0.0,0.88,0.666903,0.523815,0.0,0.88,0.666866,0.535687,0.0,0.88,0.666829,0.547558,0.0,0.88,0.666793,0.55943,0.0,0.88,0.657681,0.52528,0.0,0.88,0.655769,0.537449,0.0,0.88,0.653858,0.549618,0.0,0.88,0.651946,0.561788,0.0,0.88,0.395409,0.475,0.0,0.61,0.385259,0.511365,0.0,0.61,0.384421,0.523655,0.0,0.61,0.383583,0.535945,0.0,0.61,0.382745,0.548235,0.0,0.61,0.394317,0.509098,0.0,0.61,0.395321,0.520927,0.0,0.61,0.396325,0.532756,0.0,0.61,0.397328,0.544585,0.0,0.61,0.403376,0.506831,0.0,0.61,0.406221,0.518199,0.0,0.61,0.409066,0.529567,0.0,0.61,0.411911,0.540935,0.0,0.61,0.412434,0.504563,0.0,0.61,0.417121,0.515471,0.0,0.61,0.421807,0.526378,0.0,0.61,0.426494,0.537285,0.0,0.61,0.421492,0.502296,0.0,0.61,0.42802,0.512743,0.0,0.61,0.434549,0.523189,0.0,0.61,0.441077,0.533635,0.0,0.61
fixture/demo,208,6.933333,0,0.49223,0.17715,0.0,0.93,0.501605,0.16465,0.0,0.93,0.509418,0.163088,0.0,0.93,0.51723,0.16465,0.0,0.93,0.482855,0.16465,0.0,0.93,0.475043,0.163088,0.0,0.93,0.46723,0.16465,0.0,0.93,0.52973,0.1709,0.0,0.93,0.45473,0.1709,0.0,0.93,0.50473,0.194338,0.0,0.93,0.47973,0.194338,0.0,0.93,0.57348,0.275,0.0,0.93,0.41098,0.275,0.0,0.93,0.650482,0.368848,0.0,0.93,0.370355,0.375051,0.0,0.93,0.666861,0.489133,0.0,0.93,0.395355,0.475,0.0,0.93,0.687173,0.507883,0.0,0.93,0.375043,0.49375,0.0,0.93,0.693423,0.484446,0.0,0.93,0.368793,0.470312,0.0,0.93,0.680923,0.495383,0.0,0.93,0.381293,0.48125,0.0,0.93,0.55473,0.459375,0.0,0.93,0.42973,0.459375,0.0,0.93,0.564105,0.58125,0.0,0.32,0.420355,0.58125,0.0,0.32,0.570355,0.684375,0.0,0.32,0.414105,0.684375,0.0,0.32,0.56098,0.7,0.0,0.32,0.42348,0.7,0.0,0.32,0.60473,0.69375,0.0,0.32,0.37973,0.69375,0.0,0.32,0.666861,0.489133,0.0,0.88,0.689792,0.519126,0.0,0.88,0.695135,0.530225,0.0,0.88,0.700479,0.541325,0.0,0.88,0.705822,0.552424,0.0,0.88,0.68054,0.520386,0.0,0.88,0.684002,0.531741,0.0,0.88,0.687464,0.543097,0.0,0.88,0.690927,0.554452,0.0,0.88,0.671288,0.521646,0.0,0.88,0.672869,0.533257,0.0,0.88,0.67445,0.544869,0.0,0.88,0.676031,0.556481,0.0,0.88,0.662036,0.522906,0.0,0.88,0.661736,0.534773,0.0,0.88,0.661436,0.546641,0.0,0.88,0.661136,0.558509,0.0,0.88,0.652784,0.524165,0.0,0.88,0.650603,0.536289,0.0,0.88,0.648422,0.548413,0.0,0.88,0.646241,0.560537,0.0,0.88,0.395355,0.475,0.0,0.61,0.3852,0.511363,0.0,0.61,0.384361,0.523653,0.0,0.61,0.383521,0.535943,0.0,0.61,0.382681,0.548233,0.0,0.61,0.394259,0.509098,0.0,0.61,0.395261,0.520927,0.0,0.61,0.396263,0.532756,0.0,0.61,0.397265,0.544585,0.0,0.61,0.403317,0.506832,0.0,0.61,0.406161,0.5182,0.0,0.61,0.409005,0.529569,0.0,0.61,0.411848,0.540937,0.0,0.61,0.412376,0.504566,0.0,0.61,0.417061,0.515474,0.0,0.61,0.421746,0.526382,0.0,0.61,0.426432,0.53729,0.0,0.61,0.421434,0.5023,0.0,0.61,0.427961,0.512747,0.0,0.61,0.434488,0.523195,0.0,0.61,0.441015,0.533642,0.0,0.61
fixture/demo,209,6.966667,0,0.492198,0.177635,0.0,0.93,0.501573,0.165135,0.0,0.93,0.509386,0.163573,0.0,0.93,0.517198,0.165135,0.0,0.93,0.482823,0.165135,0.0,0.93,0.475011,0.163573,0.0,0.93,0.467198,0.165135,0.0,0.93,0.529698,0.171385,0.0,0.93,0.454698,0.171385,0.0,0.93,0.504698,0.194823,0.0,0.93,0.479698,0.194823,0.0,0.93,0.573448,0.275,0.0,0.93,0.410948,0.275,0.0,0.93,0.649195,0.36864,0.0,0.93,0.370323,0.375013,0.0,0.93,0.662728,0.488318,0.0,0.93,0.395323,0.475,0.0,0.93,0.683041,0.507068,0.0,0.93,0.375011,0.49375,0.0,0.93,0.689291,0.48363,0.0,0.93,0.368761,0.470312,0.0,0.93,0.676791,0.494568,0.0,0.93,0.381261,0.48125,0.0,0.93,0.554698,0.459375,0.0,0.93,0.429698,0.459375,0.0,0.93,0.564073,0.58125,0.0,0.32,0.420323,0.58125,0.0,0.32,0.570323,0.684375,0.0,0.32,0.414073,0.684375,0.0,0.32,0.560948,0.7,0.0,0.32,0.423448,0.7,0.0,0.32,0.604698,0.69375,0.0,0.32,0.379698,0.69375,0.0,0.32,0.662728,0.488318,0.0,0.88,0.684972,0.518824,0.0,0.88,0.690062,0.530042,0.0,0.88,0.695152,0.54126,0.0,0.88,0.700241,0.552478,0.0,0.88,0.675694,0.519873,0.0,0.88,0.678897,0.531304,0.0,0.88,0.6821,0.542736,0.0,0.88,0.685304,0.554167,0.0,0.88,0.666416,0.520922,0.0,0.88,0.667732,0.532567,0.0,0.88,0.669049,0.544211,0.0,0.88,0.670366,0.555856,0.0,0.88,0.657137,0.521972,0.0,0.88,0.656568,0.53383,0.0,0.88,0.655998,0.545687,0.0,0.88,0.655428,0.557545,0.0,0.88,0.647859,0.523021,0.0,0.88,0.645403,0.535092,0.0,0.88,0.642947,0.547163,0.0,0.88,0.640491,0.559234,0.0,0.88,0.395323,0.475,0.0,0.61,0.385165,0.511362,0.0,0.61,0.384324,0.523652,0.0,0.61,0.383483,0.535942,0.0,0.61,0.382642,0.548232,0.0,0.61,0.394224,0.509098,0.0,0.61,0.395225,0.520927,0.0,0.61,0.396225,0.532756,0.0,0.61,0.397226,0.544585,0.0,0.61,0.403282,0.506833,0.0,0.61,0.406125,0.518201,0.0,0.61,0.408967,0.52957,0.0,0.61,0.41181,0.540939,0.0,0.61,0.412341,0.504568,0.0,0.61,0.417025,0.515476,0.0,0.61,0.42171,0.526384,0.0,0.61,0.426394,0.537292,0.0,0.61,0.4214,0.502303,0.0,0.61,0.427926,0.51275,0.0,0.61,0.434452,0.523198,0.0,0.61,0.440978,0.533646,0.0,0.61
fixture/demo,210,7.0,0,0.492188,0.178125,0.0,0.93,0.501562,0.165625,0.0,0.93,0.509375,0.164062,0.0,0.93,0.517188,0.165625,0.0,0.93,0.482812,0.165625,0.0,0.93,0.475,0.164062,0.0,0.93,0.467188,0.165625,0.0,0.93,0.529688,0.171875,0.0,0.93,0.454688,0.171875,0.0,0.93,0.504687,0.195312,0.0,0.93,0.479688,0.195312,0.0,0.93,0.573438,0.275,0.0,0.93,0.410938,0.275,0.0,0.93,0.647924,0.368463,0.0,0.93,0.370312,0.375,0.0,0.93,0.658594,0.4875,0.0,0.93,0.395312,0.475,0.0,0.93,0.678906,0.50625,0.0,0.93,0.375,0.49375,0.0,0.93,0.685156,0.482812,0.0,0.93,0.36875,0.470312,0.0,0.93,0.672656,0.49375,0.0,0.93,0.38125,0.48125,0.0,0.93,0.554688,0.459375,0.0,0.93,0.429688,0.459375,0.0,0.93,0.564062,0.58125,0.0,0.32,0.420312,0.58125,0.0,0.32,0.570312,0.684375,0.0,0.32,0.414062,0.684375,0.0,0.32,0.560938,0.7,0.0,0.32,0.423438,0.7,0.0,0.32,0.604688,0.69375,0.0,0.32,0.379688,0.69375,0.0,0.32,0.658594,0.4875,0.0,0.88,0.680124,0.518514,0.0,0.88,0.684952,0.529847,0.0,0.88,0.689779,0.54118,0.0,0.88,0.694607,0.552513,0.0,0.88,0.670823,0.519348,0.0,0.88,0.67376,0.53085,0.0,0.88,0.676698,0.542353,0.0,0.88,0.679635,0.553855,0.0,0.88,0.661523,0.520181,0.0,0.88,0.662569,0.531853,0.0,0.88,0.663616,0.543525,0.0,0.88,0.664662,0.555197,0.0,0.88,0.652223,0.521015,0.0,0.88,0.651378,0.532857,0.0,0.88,0.650534,0.544698,0.0,0.88,0.649689,0.556539,0.0,0.88,0.642923,0.521849,0.0,0.88,0.640187,0.53386,0.0,0.88,0.637452,0.545871,0.0,0.88,0.634716,0.557882,0.0,0.88,0.395312,0.475,0.0,0.61,0.385153,0.511362,0.0,0.61,0.384312,0.523652,0.0,0.61,0.383471,0.535942,0.0,0.61,0.382629,0.548231,0.0,0.61,0.394212,0.509097,0.0,0.61,0.395212,0.520927,0.0,0.61,0.396213,0.532756,0.0,0.61,0.397213,0.544585,0.0,0.61,0.403271,0.506833,0.0,0.61,0.406113,0.518202,0.0,0.61,0.408955,0.529571,0.0,0.61,0.411797,0.540939,0.0,0.61,0.412329,0.504568,0.0,0.61,0.417013,0.515477,0.0,0.61,0.421697,0.526385,0.0,0.61,0.426381,0.537293,0.0,0.61,0.421388,0.502303,0.0,0.61,0.427914,0.512751,0.0,0.61,0.43444,0.523199,0.0,0.61,0.440965,0.533647,0.0,0.61
fixture/demo,211,7.033333,0,0.492198,0.178615,0.0,0.93,0.501573,0.166115,0.0,0.93,0.509386,0.164552,0.0,0.93,0.517198,0.166115,0.0,0.93,0.482823,0.166115,0.0,0.93,0.475011,0.164552,0.0,0.93,0.467198,0.166115,0.0,0.93,0.529698,0.172365,0.0,0.93,0.454698,0.172365,0.0,0.93,0.504698,0.195802,0.0,0.93,0.479698,0.195802,0.0,0.93,0.573448,0.275,0.0,0.93,0.410948,0.275,0.0,0.93,0.646674,0.36832,0.0,0.93,0.370323,0.375013,0.0,0.93,0.65447,0.486682,0.0,0.93,0.395323,0.475,0.0,0.93,0.674782,0.505432,0.0,0.93,0.375011,0.49375,0.0,0.93,0.681032,0.481995,0.0,0.93,0.368761,0.470312,0.0,0.93,0.668532,0.492932,0.0,0.93,0.381261,0.48125,0.0,0.93,0.554698,0.459375,0.0,0.93,0.429698,0.459375,0.0,0.93,0.564073,0.58125,0.0,0.32,0.420323,0.58125,0.0,0.32,0.570323,0.684375,0.0,0.32,0.414073,0.684375,0.0,0.32,0.560948,0.7,0.0,0.32,0.423448,0.7,0.0,0.32,0.604698,0.69375,0.0,0.32,0.379698,0.69375,0.0,0.32,0.65447,0.486682,0.0,0.88,0.675261,0.518196,0.0,0.88,0.67982,0.52964,0.0,0.88,0.684379,0.541084,0.0,0.88,0.688937,0.552528,0.0,0.88,0.665944,0.51881,0.0,0.88,0.668608,0.530379,0.0,0.88,0.671273,0.541947,0.0,0.88,0.673937,0.553516,0.0,0.88,0.656626,0.519424,0.0,0.88,0.657396,0.531117,0.0,0.88,0.658167,0.542811,0.0,0.88,0.658937,0.554504,0.0,0.88,0.647309,0.520037,0.0,0.88,0.646185,0.531856,0.0,0.88,0.645061,0.543674,0.0,0.88,0.643937,0.555492,0.0,0.88,0.637992,0.520651,0.0,0.88,0.634973,0.532594,0.0,0.88,0.631955,0.544537,0.0,0.88,0.628936,0.55648,0.0,0.88,0.395323,0.475,0.0,0.61,0.385165,0.511362,0.0,0.61,0.384324,0.523652,0.0,0.61,0.383483,0.535942,0.0,0.61,0.382642,0.548232,0.0,0.61,0.394224,0.509098,0.0,0.61,0.395225,0.520927,0.0,0.61,0.396225,0.532756,0.0,0.61,0.397226,0.544585,0.0,0.61,0.403282,0.506833,0.0,0.61,0.406125,0.518201,0.0,0.61,0.408967,0.52957,0.0,0.61,0.41181,0.540939,0.0,0.61,0.412341,0.504568,0.0,0.61,0.417025,0.515476,0.0,0.61,0.42171,0.526384,0.0,0.61,0.426394,0.537292,0.0,0.61,0.4214,0.502303,0.0,0.61,0.427926,0.51275,0.0,0.61,0.434452,0.523198,0.0,0.61,0.440978,0.533646,0.0,0.61
fixture/demo,212,7.066667,0,0.49223,0.1791,0.0,0.93,0.501605,0.1666,0.0,0.93,0.509418,0.165037,0.0,0.93,0.51723,0.1666,0.0,0.93,0.482855,0.1666,0.0,0.93,0.475043,0.165037,0.0,0.93,0.46723,0.1666,0.0,0.93,0.52973,0.17285,0.0,0.93,0.45473,0.17285,0.0,0.93,0.50473,0.196287,0.0,0.93,0.47973,0.196287,0.0,0.93,0.57348,0.275,0.0,0.93,0.41098,0.275,0.0,0.93,0.645447,0.36821,0.0,0.93,0.370355,0.375051,0.0,0.93,0.650369,0.485867,0.0,0.93,0.395355,0.475,0.0,0.93,0.670682,0.504617,0.0,0.93,0.375043,0.49375,0.0,0.93,0.676932,0.481179,0.0,0.93,0.368793,0.470312,0.0,0.93,0.664432,0.492117,0.0,0.93,0.381293,0.48125,0.0,0.93,0.55473,0.459375,0.0,0.93,0.42973,0.459375,0.0,0.93,0.564105,0.58125,0.0,0.32,0.420355,0.58125,0.0,0.32,0.570355,0.684375,0.0,0.32,0.414105,0.684375,0.0,0.32,0.56098,0.7,0.0,0.32,0.42348,0.7,0.0,0.32,0.60473,0.69375,0.0,0.32,0.37973,0.69375,0.0,0.32,0.650369,0.485867,0.0,0.88,0.6704,0.51787,0.0,0.88,0.674683,0.52942,0.0,0.88,0.678966,0.54097,0.0,0.88,0.68325,0.552519,0.0,0.88,0.66107,0.51826,0.0,0.88,0.663457,0.529889,0.0,0.88,0.665843,0.541519,0.0,0.88,0.66823,0.553148,0.0,0.88,0.651741,0.518651,0.0,0.88,0.652231,0.530359,0.0,0.88,0.652721,0.542068,0.0,0.88,0.65321,0.553776,0.0,0.88,0.642412,0.519041,0.0,0.88,0.641005,0.530829,0.0,0.88,0.639598,0.542617,0.0,0.88,0.638191,0.554404,0.0,0.88,0.633082,0.519431,0.0,0.88,0.629778,0.531298,0.0,0.88,0.626475,0.543166,0.0,0.88,0.623171,0.555033,0.0,0.88,0.395355,0.475,0.0,0.61,0.3852,0.511363,0.0,0.61,0.384361,0.523653,0.0,0.61,0.383521,0.535943,0.0,0.61,0.382681,0.548233,0.0,0.61,0.394259,0.509098,0.0,0.61,0.395261,0.520927,0.0,0.61,0.396263,0.532756,0.0,0.61,0.397265,0.544585,0.0,0.61,0.403317,0.506832,0.0,0.61,0.406161,0.5182,0.0,0.61,0.409005,0.529569,0.0,0.61,0.411848,0.540937,0.0,0.61,0.412376,0.504566,0.0,0.61,0.417061,0.515474,0.0,0.61,0.421746,0.526382,0.0,0.61,0.426432,0.53729,0.0,0.61,0.421434,0.5023,0.0,0.61,0.427961,0.512747,0.0,0.61,0.434488,0.523195,0.0,0.61,0.441015,0.533642,0.0,0.61
fixture/demo,213,7.1,0,0.492284,0.179574,0.0,0.93,0.501659,0.167074,0.0,0.93,0.509471,0.165511,0.0,0.93,0.517284,0.167074,0.0,0.93,0.482909,0.167074,0.0,0.93,0.475096,0.165511,0.0,0.93,0.467284,0.167074,0.0,0.93,0.529784,0.173324,0.0,0.93,0.454784,0.173324,0.0,0.93,0.504784,0.196761,0.0,0.93,0.479784,0.196761,0.0,0.93,0.573534,0.275,0.0,0.93,0.411034,0.275,0.0,0.93,0.644248,0.368135,0.0,0.93,0.370409,0.375115,0.0,0.93,0.646306,0.485056,0.0,0.93,0.395409,0.475,0.0,0.93,0.666618,0.503806,0.0,0.93,0.375096,0.49375,0.0,0.93,0.672868,0.480368,0.0,0.93,0.368846,0.470312,0.0,0.93,0.660368,0.491306,0.0,0.93,0.381346,0.48125,0.0,0.93,0.554784,0.459375,0.0,0.93,0.429784,0.459375,0.0,0.93,0.564159,0.58125,0.0,0.32,0.420409,0.58125,0.0,0.32,0.570409,0.684375,0.0,0.32,0.414159,0.684375,0.0,0.32,0.561034,0.7,0.0,0.32,0.423534,0.7,0.0,0.32,0.604784,0.69375,0.0,0.32,0.379784,0.69375,0.0,0.32,0.646306,0.485056,0.0,0.88,0.665555,0.517535,0.0,0.88,0.669558,0.529185,0.0,0.88,0.67356,0.540835,0.0,0.88,0.677562,0.552485,0.0,0.88,0.656219,0.517699,0.0,0.88,0.658323,0.529382,0.0,0.88,0.660428,0.541066,0.0,0.88,0.662532,0.552749,0.0,0.88,0.646883,0.517863,0.0,0.88,0.647089,0.52958,0.0,0.88,0.647295,0.541297,0.0,0.88,0.647501,0.553014,0.0,0.88,0.637547,0.518027,0.0,0.88,0.635855,0.529778,0.0,0.88,0.634163,0.541528,0.0,0.88,0.632471,0.553278,0.0,0.88,0.628211,0.518192,0.0,0.88,0.624621,0.529975,0.0,0.88,0.621031,0.541759,0.0,0.88,0.617441,0.553543,0.0,0.88,0.395409,0.475,0.0,0.61,0.385259,0.511365,0.0,0.61,0.384421,0.523655,0.0,0.61,0.383583,0.535945,0.0,0.61,0.382745,0.548235,0.0,0.61,0.394317,0.509098,0.0,0.61,0.395321,0.520927,0.0,0.61,0.396325,0.532756,0.0,0.61,0.397328,0.544585,0.0,0.61,0.403376,0.506831,0.0,0.61,0.406221,0.518199,0.0,0.61,0.409066,0.529567,0.0,0.61,0.411911,0.540935,0.0,0.61,0.412434,0.504563,0.0,0.61,0.417121,0.515471,0.0,0.61,0.421807,0.526378,0.0,0.61,0.426494,0.537285,0.0,0.61,0.421492,0.502296,0.0,0.61,0.42802,0.512743,0.0,0.61,0.434549,0.523189,0.0,0.61,0.441077,0.533635,0.0,0.61
fixture/demo,214,7.133333,0,0.492358,0.180032,0.0,0.93,0.501733,0.167532,0.0,0.93,0.509546,0.165969,0.0,0.93,0.517358,0.167532,0.0,0.93,0.482983,0.167532,0.0,0.93,0.475171,0.165969,0.0,0.93,0.467358,0.167532,0.0,0.93,0.529858,0.173782,0.0,0.93,0.454858,0.173782,0.0,0.93,0.504858,0.197219,0.0,0.93,0.479858,0.197219,0.0,0.93,0.573608,0.275,0.0,0.93,0.411108,0.275,0.0,0.93,0.64308,0.368095,0.0,0.93,0.370483,0.375205,0.0,0.93,0.642291,0.484251,0.0,0.93,0.395483,0.475,0.0,0.93,0.662604,0.503001,0.0,0.93,0.375171,0.49375,0.0,0.93,0.668854,0.479564,0.0,0.93,0.368921,0.470312,0.0,0.93,0.656354,0.490501,0.0,0.93,0.381421,0.48125,0.0,0.93,0.554858,0.459375,0.0,0.93,0.429858,0.459375,0.0,0.93,0.564233,0.58125,0.0,0.32,0.420483,0.58125,0.0,0.32,0.570483,0.684375,0.0,0.32,0.414233,0.684375,0.0,0.32,0.561108,0.7,0.0,0.32,0.423608,0.7,0.0,0.32,0.604858,0.69375,0.0,0.32,0.379858,0.69375,0.0,0.32,0.642291,0.484251,0.0,0.88,0.660743,0.51719,0.0,0.88,0.66446,0.528934,0.0,0.88,0.668178,0.540678,0.0,0.88,0.671895,0.552423,0.0,0.88,0.651406,0.517126,0.0,0.88,0.653225,0.528858,0.0,0.88,0.655044,0.540589,0.0,0.88,0.656863,0.552321,0.0,0.88,0.642069,0.517063,0.0,0.88,0.641989,0.528782,0.0,0.88,0.64191,0.5405,0.0,0.88,0.64183,0.552219,0.0,0.88,0.632731,0.517,0.0,0.88,0.630753,0.528705,0.0,0.88,0.628775,0.540411,0.0,0.88,0.626798,0.552117,0.0,0.88,0.623394,0.516936,0.0,0.88,0.619518,0.528629,0.0,0.88,0.615641,0.540322,0.0,0.88,0.611765,0.552015,0.0,0.88,0.395483,0.475,0.0,0.61,0.385342,0.511367,0.0,0.61,0.384506,0.523657,0.0,0.61,0.383671,0.535947,0.0,0.61,0.382835,0.548237,0.0,0.61,0.394399,0.509098,0.0,0.61,0.395405,0.520927,0.0,0.61,0.396412,0.532756,0.0,0.61,0.397418,0.544584,0.0,0.61,0.403457,0.506829,0.0,0.61,0.406305,0.518196,0.0,0.61,0.409152,0.529564,0.0,0.61,0.412,0.540931,0.0,0.61,0.412514,0.50456,0.0,0.61,0.417204,0.515466,0.0,0.61,0.421893,0.526372,0.0,0.61,0.426582,0.537278,0.0,0.61,0.421572,0.502291,0.0,0.61,0.428103,0.512736,0.0,0.61,0.434634,0.523181,0.0,0.61,0.441164,0.533625,0.0,0.61
fixture/demo,215,7.166667,0,0.492454,0.180469,0.0,0.93,0.501829,0.167969,0.0,0.93,0.509641,0.166406,0.0,0.93,0.517454,0.167969,0.0,0.93,0.483079,0.167969,0.0,0.93,0.475266,0.166406,0.0,0.93,0.467454,0.167969,0.0,0.93,0.529954,0.174219,0.0,0.93,0.454954,0.174219,0.0,0.93,0.504954,0.197656,0.0,0.93,0.479954,0.197656,0.0,0.93,0.573704,0.275,0.0,0.93,0.411204,0.275,0.0,0.93,0.641944,0.368089,0.0,0.93,0.370579,0.375319,0.0,0.93,0.638339,0.483456,0.0,0.93,0.395579,0.475,0.0,0.93,0.658651,0.502206,0.0,0.93,0.375266,0.49375,0.0,0.93,0.664901,0.478768,0.0,0.93,0.369016,0.470312,0.0,0.93,0.652401,0.489706,0.0,0.93,0.381516,0.48125,0.0,0.93,0.554954,0.459375,0.0,0.93,0.429954,0.459375,0.0,0.93,0.564329,0.58125,0.0,0.32,0.420579,0.58125,0.0,0.32,0.570579,0.684375,0.0,0.32,0.414329,0.684375,0.0,0.32,0.561204,0.7,0.0,0.32,0.423704,0.7,0.0,0.32,0.604954,0.69375,0.0,0.32,0.379954,0.69375,0.0,0.32,0.638339,0.483456,0.0,0.88,0.65598,0.516836,0.0,0.88,0.659409,0.528667,0.0,0.88,0.662838,0.540499,0.0,0.88,0.666267,0.552331,0.0,0.88,0.646647,0.516544,0.0,0.88,0.648178,0.528316,0.0,0.88,0.64971,0.540089,0.0,0.88,0.651241,0.551861,0.0,0.88,0.637314,0.516252,0.0,0.88,0.636948,0.527965,0.0,0.88,0.636582,0.539679,0.0,0.88,0.636216,0.551392,0.0,0.88,0.627981,0.515961,0.0,0.88,0.625717,0.527614,0.0,0.88,0.623454,0.539268,0.0,0.88,0.62119,0.550922,0.0,0.88,0.618648,0.515669,0.0,0.88,0.614487,0.527264,0.0,0.88,0.610326,0.538858,0.0,0.88,0.606165,0.550452,0.0,0.88,0.395579,0.475,0.0,0.61,0.385447,0.51137,0.0,0.61,0.384615,0.52366,0.0,0.61,0.383783,0.535951,0.0,0.61,0.382951,0.548241,0.0,0.61,0.394504,0.509098,0.0,0.61,0.395513,0.520927,0.0,0.61,0.396523,0.532755,0.0,0.61,0.397532,0.544584,0.0,0.61,0.403561,0.506827,0.0,0.61,0.406412,0.518194,0.0,0.61,0.409262,0.52956,0.0,0.61,0.412113,0.540927,0.0,0.61,0.412618,0.504555,0.0,0.61,0.41731,0.51546,0.0,0.61,0.422002,0.526365,0.0,0.61,0.426694,0.53727,0.0,0.61,0.421675,0.502284,0.0,0.61,0.428208,0.512727,0.0,0.61,0.434742,0.52317,0.0,0.61,0.441276,0.533613,0.0,0.61
fixture/demo,216,7.2,0,0.49257,0.18088,0.0,0.93,0.501945,0.16838,0.0,0.93,0.509757,0.166818,0.0,0.93,0.51757,0.16838,0.0,0.93,0.483195,0.16838,0.0,0.93,0.475382,0.166818,0.0,0.93,0.46757,0.16838,0.0,0.93,0.53007,0.17463,0.0,0.93,0.45507,0.17463,0.0,0.93,0.50507,0.198068,0.0,0.93,0.48007,0.198068,0.0,0.93,0.57382,0.275,0.0,0.93,0.41132,0.275,0.0,0.93,0.640845,0.368118,0.0,0.93,0.370695,0.375459,0.0,0.93,0.634461,0.482672,0.0,0.93,0.395695,0.475,0.0,0.93,0.654773,0.501422,0.0,0.93,0.375382,0.49375,0.0,0.93,0.661023,0.477984,0.0,0.93,0.369132,0.470312,0.0,0.93,0.648523,0.488922,0.0,0.93,0.381632,0.48125,0.0,0.93,0.55507,0.459375,0.0,0.93,0.43007,0.459375,0.0,0.93,0.564445,0.58125,0.0,0.32,0.420695,0.58125,0.0,0.32,0.570695,0.684375,0.0,0.32,0.414445,0.684375,0.0,0.32,0.56132,0.7,0.0,0.32,0.42382,0.7,0.0,0.32,0.60507,0.69375,0.0,0.32,0.38007,0.69375,0.0,0.32,0.634461,0.482672,0.0,0.88,0.651281,0.516472,0.0,0.88,0.65442,0.528384,0.0,0.88,0.657559,0.540296,0.0,0.88,0.660697,0.552208,0.0,0.88,0.641958,0.515953,0.0,0.88,0.643201,0.527759,0.0,0.88,0.644445,0.539565,0.0,0.88,0.645688,0.551372,0.0,0.88,0.632635,0.515433,0.0,0.88,0.631983,0.527134,0.0,0.88,0.63133,0.538834,0.0,0.88,0.630678,0.550535,0.0,0.88,0.623312,0.514914,0.0,0.88,0.620764,0.526509,0.0,0.88,0.618216,0.538104,0.0,0.88,0.615669,0.549699,0.0,0.88,0.613989,0.514394,0.0,0.88,0.609546,0.525883,0.0,0.88,0.605102,0.537373,0.0,0.88,0.600659,0.548862,0.0,0.88,0.395695,0.475,0.0,0.61,0.385575,0.511373,0.0,0.61,0.384747,0.523664,0.0,0.61,0.383919,0.535954,0.0,0.61,0.383091,0.548245,0.0,0.61,0.394631,0.509099,0.0,0.61,0.395645,0.520927,0.0,0.61,0.396658,0.532755,0.0,0.61,0.397671,0.544583,0.0,0.61,0.403688,0.506824,0.0,0.61,0.406542,0.51819,0.0,0.61,0.409397,0.529556,0.0,0.61,0.412251,0.540921,0.0,0.61,0.412744,0.50455,0.0,0.61,0.41744,0.515453,0.0,0.61,0.422135,0.526356,0.0,0.61,0.426831,0.53726,0.0,0.61,0.4218,0.502275,0.0,0.61,0.428337,0.512716,0.0,0.61,0.434874,0.523157,0.0,0.61,0.441411,0.533598,0.0,0.61
fixture/demo,217,7.233333,0,0.492706,0.181262,0.0,0.93,0.502081,0.168762,0.0,0.93,0.509894,0.167199,0.0,0.93,0.517706,0.168762,0.0,0.93,0.483331,0.168762,0.0,0.93,0.475519,0.167199,0.0,0.93,0.467706,0.168762,0.0,0.93,0.530206,0.175012,0.0,0.93,0.455206,0.175012,0.0,0.93,0.505206,0.198449,0.0,0.93,0.480206,0.198449,0.0,0.93,0.573956,0.275,0.0,0.93,0.411456,0.275,0.0,0.93,0.639785,0.368179,0.0,0.93,0.370831,0.375623,0.0,0.93,0.630669,0.481901,0.0,0.93,0.395831,0.475,0.0,0.93,0.650981,0.500651,0.0,0.93,0.375519,0.49375,0.0,0.93,0.657231,0.477213,0.0,0.93,0.369269,0.470312,0.0,0.93,0.644731,0.488151,0.0,0.93,0.381769,0.48125,0.0,0.93,0.555206,0.459375,0.0,0.93,0.430206,0.459375,0.0,0.93,0.564581,0.58125,0.0,0.32,0.420831,0.58125,0.0,0.32,0.570831,0.684375,0.0,0.32,0.414581,0.684375,0.0,0.32,0.561456,0.7,0.0,0.32,0.423956,0.7,0.0,0.32,0.605206,0.69375,0.0,0.32,0.380206,0.69375,0.0,0.32,0.630669,0.481901,0.0,0.88,0.646662,0.5161,0.0,0.88,0.64951,0.528085,0.0,0.88,0.652359,0.54007,0.0,0.88,0.655207,0.552054,0.0,0.88,0.637354,0.515354,0.0,0.88,0.63831,0.527187,0.0,0.88,0.639266,0.53902,0.0,0.88,0.640222,0.550853,0.0,0.88,0.628047,0.514608,0.0,0.88,0.62711,0.526289,0.0,0.88,0.626174,0.537971,0.0,0.88,0.625238,0.549652,0.0,0.88,0.618739,0.513862,0.0,0.88,0.61591,0.525392,0.0,0.88,0.613082,0.536921,0.0,0.88,0.610253,0.548451,0.0,0.88,0.609431,0.513116,0.0,0.88,0.60471,0.524494,0.0,0.88,0.599989,0.535872,0.0,0.88,0.595268,0.547249,0.0,0.88,0.395831,0.475,0.0,0.61,0.385726,0.511377,0.0,0.61,0.384903,0.523668,0.0,0.61,0.384079,0.535959,0.0,0.61,0.383256,0.54825,0.0,0.61,0.394781,0.509099,0.0,0.61,0.395799,0.520927,0.0,0.61,0.396817,0.532755,0.0,0.61,0.397835,0.544582,0.0,0.61,0.403837,0.506821,0.0,0.61,0.406695,0.518186,0.0,0.61,0.409554,0.52955,0.0,0.61,0.412413,0.540915,0.0,0.61,0.412892,0.504543,0.0,0.61,0.417592,0.515445,0.0,0.61,0.422292,0.526346,0.0,0.61,0.426992,0.537248,0.0,0.61,0.421947,0.502265,0.0,0.61,0.428488,0.512703,0.0,0.61,0.435029,0.523142,0.0,0.61,0.441571,0.53358,0.0,0.61
fixture/demo,218,7.266667,0,0.492863,0.181608,0.0,0.93,0.502238,0.169108,0.0,0.93,0.51005,0.167546,0.0,0.93,0.517863,0.169108,0.0,0.93,0.483488,0.169108,0.0,0.93,0.475675,0.167546,0.0,0.93,0.467863,0.169108,0.0,0.93,0.530363,0.175358,0.0,0.93,0.455363,0.175358,0.0,0.93,0.505363,0.198796,0.0,0.93,0.480363,0.198796,0.0,0.93,0.574113,0.275,0.0,0.93,0.411613,0.275,0.0,0.93,0.638766,0.368271,0.0,0.93,0.370988,0.375811,0.0,0.93,0.626975,0.481145,0.0,0.93,0.395988,0.475,0.0,0.93,0.647287,0.499895,0.0,0.93,0.375675,0.49375,0.0,0.93,0.653537,0.476457,0.0,0.93,0.369425,0.470312,0.0,0.93,0.641037,0.487395,0.0,0.93,0.381925,0.48125,0.0,0.93,0.555363,0.459375,0.0,0.93,0.430363,0.459375,0.0,0.93,0.564738,0.58125,0.0,0.32,0.420988,0.58125,0.0,0.32,0.570988,0.684375,0.0,0.32,0.414738,0.684375,0.0,0.32,0.561613,0.7,0.0,0.32,0.424113,0.7,0.0,0.32,0.605363,0.69375,0.0,0.32,0.380363,0.69375,0.0,0.32,0.626975,0.481145,0.0,0.88,0.642139,0.51572,0.0,0.88,0.644698,0.52777,0.0,0.88,0.647257,0.53982,0.0,0.88,0.649816,0.551869,0.0,0.88,0.632852,0.51475,0.0,0.88,0.633523,0.526602,0.0,0.88,0.634194,0.538455,0.0,0.88,0.634864,0.550308,0.0,0.88,0.623565,0.51378,0.0,0.88,0.622348,0.525435,0.0,0.88,0.62113,0.53709,0.0,0.88,0.619913,0.548746,0.0,0.88,0.614279,0.512809,0.0,0.88,0.611173,0.524268,0.0,0.88,0.608067,0.535726,0.0,0.88,0.604961,0.547184,0.0,0.88,0.604992,0.511839,0.0,0.88,0.599998,0.5231,0.0,0.88,0.595004,0.534361,0.0,0.88,0.59001,0.545622,0.0,0.88,0.395988,0.475,0.0,0.61,0.385899,0.511382,0.0,0.61,0.385081,0.523673,0.0,0.61,0.384263,0.535964,0.0,0.61,0.383446,0.548256,0.0,0.61,0.394953,0.5091,0.0,0.61,0.395976,0.520927,0.0,0.61,0.396999,0.532754,0.0,0.61,0.398023,0.544582,0.0,0.61,0.404007,0.506817,0.0,0.61,0.406871,0.518181,0.0,0.61,0.409735,0.529544,0.0,0.61,0.412599,0.540908,0.0,0.61,0.413062,0.504535,0.0,0.61,0.417767,0.515435,0.0,0.61,0.422471,0.526334,0.0,0.61,0.427176,0.537234,0.0,0.61,0.422116,0.502253,0.0,0.61,0.428662,0.512689,0.0,0.61,0.435208,0.523124,0.0,0.61,0.441753,0.53356,0.0,0.61
fixture/demo,219,7.3,0,0.493039,0.181917,0.0,0.93,0.502414,0.169417,0.0,0.93,0.510227,0.167855,0.0,0.93,0.518039,0.169417,0.0,0.93,0.483664,0.169417,0.0,0.93,0.475852,0.167855,0.0,0.93,0.468039,0.169417,0.0,0.93,0.530539,0.175667,0.0,0.93,0.455539,0.175667,0.0,0.93,0.505539,0.199105,0.0,0.93,0.480539,0.199105,0.0,0.93,0.574289,0.275,0.0,0.93,0.411789,0.275,0.0,0.93,0.637792,0.368392,0.0,0.93,0.371164,0.376022,0.0,0.93,0.62339,0.480406,0.0,0.93,0.396164,0.475,0.0,0.93,0.643703,0.499156,0.0,0.93,0.375852,0.49375,0.0,0.93,0.649953,0.475719,0.0,0.93,0.369602,0.470312,0.0,0.93,0.637453,0.486656,0.0,0.93,0.382102,0.48125,0.0,0.93,0.555539,0.459375,0.0,0.93,0.430539,0.459375,0.0,0.93,0.564914,0.58125,0.0,0.32,0.421164,0.58125,0.0,0.32,0.571164,0.684375,0.0,0.32,0.414914,0.684375,0.0,0.32,0.561789,0.7,0.0,0.32,0.424289,0.7,0.0,0.32,0.605539,0.69375,0.0,0.32,0.380539,0.69375,0.0,0.32,0.62339,0.480406,0.0,0.88,0.637728,0.515332,0.0,0.88,0.64,0.52744,0.0,0.88,0.642271,0.539547,0.0,0.88,0.644543,0.551654,0.0,0.88,0.628467,0.514142,0.0,0.88,0.628856,0.526007,0.0,0.88,0.629244,0.537872,0.0,0.88,0.629633,0.549737,0.0,0.88,0.619206,0.512951,0.0,0.88,0.617711,0.524574,0.0,0.88,0.616217,0.536197,0.0,0.88,0.614723,0.54782,0.0,0.88,0.609945,0.51176,0.0,0.88,0.606567,0.523141,0.0,0.88,0.60319,0.534522,0.0,0.88,0.599813,0.545903,0.0,0.88,0.600683,0.51057,0.0,0.88,0.595423,0.521708,0.0,0.88,0.590163,0.532847,0.0,0.88,0.584902,0.543986,0.0,0.88,0.396164,0.475,0.0,0.61,0.386093,0.511387,0.0,0.61,0.385282,0.523678,0.0,0.61,0.38447,0.53597,0.0,0.61,0.383659,0.548262,0.0,0.61,0.395146,0.5091,0.0,0.61,0.396175,0.520927,0.0,0.61,0.397205,0.532754,0.0,0.61,0.398234,0.544581,0.0,0.61,0.404199,0.506813,0.0,0.61,0.407069,0.518175,0.0,0.61,0.409939,0.529537,0.0,0.61,0.412809,0.540899,0.0,0.61,0.413253,0.504527,0.0,0.61,0.417963,0.515424,0.0,0.61,0.422674,0.526321,0.0,0.61,0.427384,0.537218,0.0,0.61,0.422306,0.50224,0.0,0.61,0.428857,0.512672,0.0,0.61,0.435408,0.523104,0.0,0.61,0.441959,0.533536,0.0,0.61
fixture/demo,220,7.333333,0,0.493234,0.182184,0.0,0.93,0.502609,0.169684,0.0,0.93,0.510422,0.168122,0.0,0.93,0.518234,0.169684,0.0,0.93,0.483859,0.169684,0.0,0.93,0.476047,0.168122,0.0,0.93,0.468234,0.169684,0.0,0.93,0.530734,0.175934,0.0,0.93,0.455734,0.175934,0.0,0.93,0.505734,0.199372,0.0,0.93,0.480734,0.199372,0.0,0.93,0.574484,0.275,0.0,0.93,0.411984,0.275,0.0,0.93,0.636864,0.368539,0.0,0.93,0.371359,0.376256,0.0,0.93,0.619926,0.479688,0.0,0.93,0.396359,0.475,0.0,0.93,0.640238,0.498438,0.0,0.93,0.376047,0.49375,0.0,0.93,0.646488,0.475,0.0,0.93,0.369797,0.470312,0.0,0.93,0.633988,0.485938,0.0,0.93,0.382297,0.48125,0.0,0.93,0.555734,0.459375,0.0,0.93,0.430734,0.459375,0.0,0.93,0.565109,0.58125,0.0,0.32,0.421359,0.58125,0.0,0.32,0.571359,0.684375,0.0,0.32,0.415109,0.684375,0.0,0.32,0.561984,0.7,0.0,0.32,0.424484,0.7,0.0,0.32,0.605734,0.69375,0.0,0.32,0.380734,0.69375,0.0,0.32,0.619926,0.479688,0.0,0.88,0.633444,0.514939,0.0,0.88,0.635432,0.527096,0.0,0.88,0.63742,0.539253,0.0,0.88,0.639408,0.55141,0.0,0.88,0.624213,0.513532,0.0,0.88,0.624324,0.525403,0.0,0.88,0.624436,0.537274,0.0,0.88,0.624547,0.549145,0.0,0.88,0.614982,0.512125,0.0,0.88,0.613217,0.52371,0.0,0.88,0.611451,0.535295,0.0,0.88,0.609686,0.54688,0.0,0.88,0.605751,0.510719,0.0,0.88,0.602109,0.522018,0.0,0.88,0.598467,0.533317,0.0,0.88,0.594824,0.544616,0.0,0.88,0.59652,0.509312,0.0,0.88,0.591001,0.520325,0.0,0.88,0.585482,0.531338,0.0,0.88,0.579963,0.542351,0.0,0.88,0.396359,0.475,0.0,0.61,0.386309,0.511392,0.0,0.61,0.385504,0.523685,0.0,0.61,0.3847,0.535977,0.0,0.61,0.383895,0.548269,0.0,0.61,0.395361,0.509101,0.0,0.61,0.396396,0.520927,0.0,0.61,0.397432,0.532753,0.0,0.61,0.398468,0.544579,0.0,0.61,0.404413,0.506809,0.0,0.61,0.407289,0.518169,0.0,0.61,0.410165,0.529529,0.0,0.61,0.413041,0.54089,0.0,0.61,0.413464,0.504517,0.0,0.61,0.418181,0.515411,0.0,0.61,0.422898,0.526306,0.0,0.61,0.427614,0.5372,0.0,0.61,0.422516,0.502225,0.0,0.61,0.429073,0.512654,0.0,0.61,0.43563,0.523082,0.0,0.61,0.442187,0.533511,0.0,0.61
fixture/demo,221,7.366667,0,0.493448,0.182407,0.0,0.93,0.502823,0.169907,0.0,0.93,0.510635,0.168345,0.0,0.93,0.518448,0.169907,0.0,0.93,0.484073,0.169907,0.0,0.93,0.47626,0.168345,0.0,0.93,0.468448,0.169907,0.0,0.93,0.530948,0.176157,0.0,0.93,0.455948,0.176157,0.0,0.93,0.505948,0.199595,0.0,0.93,0.480948,0.199595,0.0,0.93,0.574698,0.275,0.0,0.93,0.412198,0.275,0.0,0.93,0.635986,0.36871,0.0,0.93,0.371573,0.376512,0.0,0.93,0.616592,0.47899,0.0,0.93,0.396573,0.475,0.0,0.93,0.636904,0.49774,0.0,0.93,0.37626,0.49375,0.0,0.93,0.643154,0.474303,0.0,0.93,0.37001,0.470312,0.0,0.93,0.630654,0.48524,0.0,0.93,0.38251,0.48125,0.0,0.93,0.555948,0.459375,0.0,0.93,0.430948,0.459375,0.0,0.93,0.565323,0.58125,0.0,0.32,0.421573,0.58125,0.0,0.32,0.571573,0.684375,0.0,0.32,0.415323,0.684375,0.0,0.32,0.562198,0.7,0.0,0.32,0.424698,0.7,0.0,0.32,0.605948,0.69375,0.0,0.32,0.380948,0.69375,0.0,0.32,0.616592,0.47899,0.0,0.88,0.629301,0.514541,0.0,0.88,0.631011,0.52674,0.0,0.88,0.632721,0.53894,0.0,0.88,0.63443,0.551139,0.0,0.88,0.620105,0.512924,0.0,0.88,0.619945,0.524794,0.0,0.88,0.619785,0.536665,0.0,0.88,0.619625,0.548535,0.0,0.88,0.610908,0.511307,0.0,0.88,0.608879,0.522848,0.0,0.88,0.606849,0.53439,0.0,0.88,0.604819,0.545931,0.0,0.88,0.601712,0.509689,0.0,0.88,0.597813,0.520902,0.0,0.88,0.593913,0.532115,0.0,0.88,0.590014,0.543328,0.0,0.88,0.592516,0.508072,0.0,0.88,0.586747,0.518956,0.0,0.88,0.580977,0.52984,0.0,0.88,0.575208,0.540724,0.0,0.88,0.396573,0.475,0.0,0.61,0.386545,0.511399,0.0,0.61,0.385748,0.523691,0.0,0.61,0.384951,0.535984,0.0,0.61,0.384154,0.548277,0.0,0.61,0.395595,0.509101,0.0,0.61,0.396639,0.520927,0.0,0.61,0.397682,0.532752,0.0,0.61,0.398725,0.544578,0.0,0.61,0.404646,0.506804,0.0,0.61,0.407529,0.518162,0.0,0.61,0.410412,0.529521,0.0,0.61,0.413296,0.540879,0.0,0.61,0.413696,0.504506,0.0,0.61,0.41842,0.515398,0.0,0.61,0.423143,0.526289,0.0,0.61,0.427866,0.537181,0.0,0.61,0.422747,0.502209,0.0,0.61,0.42931,0.512633,0.0,0.61,0.435874,0.523058,0.0,0.61,0.442437,0.533482,0.0,0.61
fixture/demo,222,7.4,0,0.49368,0.182583,0.0,0.93,0.503055,0.170083,0.0,0.93,0.510867,0.168521,0.0,0.93,0.51868,0.170083,0.0,0.93,0.484305,0.170083,0.0,0.93,0.476492,0.168521,0.0,0.93,0.46868,0.170083,0.0,0.93,0.53118,0.176333,0.0,0.93,0.45618,0.176333,0.0,0.93,0.50618,0.199771,0.0,0.93,0.48118,0.199771,0.0,0.93,0.57493,0.275,0.0,0.93,0.41243,0.275,0.0,0.93,0.635159,0.368901,0.0,0.93,0.371805,0.37679,0.0,0.93,0.613398,0.478316,0.0,0.93,0.396805,0.475,0.0,0.93,0.633711,0.497066,0.0,0.93,0.376492,0.49375,0.0,0.93,0.639961,0.473628,0.0,0.93,0.370242,0.470312,0.0,0.93,0.627461,0.484566,0.0,0.93,0.382742,0.48125,0.0,0.93,0.55618,0.459375,0.0,0.93,0.43118,0.459375,0.0,0.93,0.565555,0.58125,0.0,0.32,0.421805,0.58125,0.0,0.32,0.571805,0.684375,0.0,0.32,0.415555,0.684375,0.0,0.32,0.56243,0.7,0.0,0.32,0.42493,0.7,0.0,0.32,0.60618,0.69375,0.0,0.32,0.38118,0.69375,0.0,0.32,0.613398,0.478316,0.0,0.88,0.625314,0.514141,0.0,0.88,0.626752,0.526375,0.0,0.88,0.62819,0.538609,0.0,0.88,0.629628,0.550844,0.0,0.88,0.616156,0.512319,0.0,0.88,0.615732,0.524183,0.0,0.88,0.615308,0.536047,0.0,0.88,0.614884,0.547911,0.0,0.88,0.606998,0.510498,0.0,0.88,0.604712,0.521992,0.0,0.88,0.602426,0.533485,0.0,0.88,0.60014,0.544979,0.0,0.88,0.59784,0.508677,0.0,0.88,0.593692,0.5198,0.0,0.88,0.589544,0.530923,0.0,0.88,0.585396,0.542047,0.0,0.88,0.588682,0.506855,0.0,0.88,0.582672,0.517608,0.0,0.88,0.576662,0.528361,0.0,0.88,0.570652,0.539114,0.0,0.88,0.396805,0.475,0.0,0.61,0.386801,0.511405,0.0,0.61,0.386013,0.523699,0.0,0.61,0.385224,0.535992,0.0,0.61,0.384435,0.548285,0.0,0.61,0.39585,0.509102,0.0,0.61,0.396901,0.520927,0.0,0.61,0.397952,0.532752,0.0,0.61,0.399004,0.544577,0.0,0.61,0.404899,0.506798,0.0,0.61,0.40779,0.518155,0.0,0.61,0.410681,0.529512,0.0,0.61,0.413572,0.540868,0.0,0.61,0.413948,0.504495,0.0,0.61,0.418679,0.515383,0.0,0.61,0.423409,0.526271,0.0,0.61,0.42814,0.53716,0.0,0.61,0.422997,0.502191,0.0,0.61,0.429567,0.512611,0.0,0.61,0.436138,0.523031,0.0,0.61,0.442708,0.533451,0.0,0.61
fixture/demo,223,7.433333,0,0.493929,0.18271,0.0,0.93,0.503304,0.17021,0.0,0.93,0.511116,0.168648,0.0,0.93,0.518929,0.17021,0.0,0.93,0.484554,0.17021,0.0,0.93,0.476741,0.168648,0.0,0.93,0.468929,0.17021,0.0,0.93,0.531429,0.17646,0.0,0.93,0.456429,0.17646,0.0,0.93,0.506429,0.199898,0.0,0.93,0.481429,0.199898,0.0,0.93,0.575179,0.275,0.0,0.93,0.412679,0.275,0.0,0.93,0.634386,0.36911,0.0,0.93,0.372054,0.377089,0.0,0.93,0.610355,0.477667,0.0,0.93,0.397054,0.475,0.0,0.93,0.630667,0.496417,0.0,0.93,0.376741,0.49375,0.0,0.93,0.636917,0.472979,0.0,0.93,0.370491,0.470312,0.0,0.93,0.624417,0.483917,0.0,0.93,0.382991,0.48125,0.0,0.93,0.556429,0.459375,0.0,0.93,0.431429,0.459375,0.0,0.93,0.565804,0.58125,0.0,0.32,0.422054,0.58125,0.0,0.32,0.572054,0.684375,0.0,0.32,0.415804,0.684375,0.0,0.32,0.562679,0.7,0.0,0.32,0.425179,0.7,0.0,0.32,0.606429,0.69375,0.0,0.32,0.381429,0.69375,0.0,0.32,0.610355,0.477667,0.0,0.88,0.621496,0.51374,0.0,0.88,0.622671,0.526003,0.0,0.88,0.623845,0.538265,0.0,0.88,0.625019,0.550527,0.0,0.88,0.61238,0.511722,0.0,0.88,0.6117,0.523574,0.0,0.88,0.611021,0.535426,0.0,0.88,0.610342,0.547278,0.0,0.88,0.603263,0.509704,0.0,0.88,0.60073,0.521146,0.0,0.88,0.598197,0.532587,0.0,0.88,0.595664,0.544029,0.0,0.88,0.594146,0.507686,0.0,0.88,0.58976,0.518717,0.0,0.88,0.585373,0.529748,0.0,0.88,0.580987,0.54078,0.0,0.88,0.585029,0.505667,0.0,0.88,0.578789,0.516289,0.0,0.88,0.572549,0.52691,0.0,0.88,0.566309,0.537531,0.0,0.88,0.397054,0.475,0.0,0.61,0.387077,0.511413,0.0,0.61,0.386297,0.523706,0.0,0.61,0.385517,0.536,0.0,0.61,0.384738,0.548294,0.0,0.61,0.396124,0.509103,0.0,0.61,0.397184,0.520927,0.0,0.61,0.398244,0.532751,0.0,0.61,0.399303,0.544575,0.0,0.61,0.405171,0.506792,0.0,0.61,0.40807,0.518147,0.0,0.61,0.41097,0.529501,0.0,0.61,0.413869,0.540856,0.0,0.61,0.414219,0.504482,0.0,0.61,0.418957,0.515367,0.0,0.61,0.423696,0.526252,0.0,0.61,0.428434,0.537137,0.0,0.61,0.423266,0.502172,0.0,0.61,0.429844,0.512587,0.0,0.61,0.436422,0.523003,0.0,0.61,0.443,0.533418,0.0,0.61
fixture/demo,224,7.466667,0,0.494194,0.182787,0.0,0.93,0.503569,0.170287,0.0,0.93,0.511382,0.168724,0.0,0.93,0.519194,0.170287,0.0,0.93,0.484819,0.170287,0.0,0.93,0.477007,0.168724,0.0,0.93,0.469194,0.170287,0.0,0.93,0.531694,0.176537,0.0,0.93,0.456694,0.176537,0.0,0.93,0.506694,0.199974,0.0,0.93,0.481694,0.199974,0.0,0.93,0.575444,0.275,0.0,0.93,0.412944,0.275,0.0,0.93,0.633669,0.369331,0.0,0.93,0.372319,0.377408,0.0,0.93,0.60747,0.477045,0.0,0.93,0.397319,0.475,0.0,0.93,0.627782,0.495795,0.0,0.93,0.377007,0.49375,0.0,0.93,0.634032,0.472357,0.0,0.93,0.370757,0.470312,0.0,0.93,0.621532,0.483295,0.0,0.93,0.383257,0.48125,0.0,0.93,0.556694,0.459375,0.0,0.93,0.431694,0.459375,0.0,0.93,0.566069,0.58125,0.0,0.32,0.422319,0.58125,0.0,0.32,0.572319,0.684375,0.0,0.32,0.416069,0.684375,0.0,0.32,0.562944,0.7,0.0,0.32,0.425444,0.7,0.0,0.32,0.606694,0.69375,0.0,0.32,0.381694,0.69375,0.0,0.32,0.60747,0.477045,0.0,0.88,0.617861,0.513341,0.0,0.88,0.618781,0.525626,0.0,0.88,0.6197,0.53791,0.0,0.88,0.62062,0.550194,0.0,0.88,0.608788,0.511135,0.0,0.88,0.607863,0.52297,0.0,0.88,0.606938,0.534805,0.0,0.88,0.606013,0.546641,0.0,0.88,0.599715,0.508928,0.0,0.88,0.596945,0.520315,0.0,0.88,0.594176,0.531701,0.0,0.88,0.591406,0.543088,0.0,0.88,0.590642,0.506721,0.0,0.88,0.586028,0.517659,0.0,0.88,0.581413,0.528597,0.0,0.88,0.576799,0.539535,0.0,0.88,0.581569,0.504514,0.0,0.88,0.57511,0.515004,0.0,0.88,0.568651,0.525493,0.0,0.88,0.562192,0.535982,0.0,0.88,0.397319,0.475,0.0,0.61,0.387371,0.51142,0.0,0.61,0.386601,0.523715,0.0,0.61,0.385831,0.536009,0.0,0.61,0.385061,0.548304,0.0,0.61,0.396416,0.509103,0.0,0.61,0.397485,0.520927,0.0,0.61,0.398554,0.53275,0.0,0.61,0.399623,0.544573,0.0,0.61,0.405462,0.506786,0.0,0.61,0.40837,0.518138,0.0,0.61,0.411278,0.529491,0.0,0.61,0.414186,0.540843,0.0,0.61,0.414507,0.504469,0.0,0.61,0.419254,0.51535,0.0,0.61,0.424001,0.526231,0.0,0.61,0.428749,0.537112,0.0,0.61,0.423553,0.502152,0.0,0.61,0.430139,0.512562,0.0,0.61,0.436725,0.522972,0.0,0.61,0.443311,0.533382,0.0,0.61
fixture/demo,225,7.5,0,0.494476,0.182812,0.0,0.93,0.503851,0.170312,0.0,0.93,0.511663,0.16875,0.0,0.93,0.519476,0.170312,0.0,0.93,0.485101,0.170312,0.0,0.93,0.477288,0.16875,0.0,0.93,0.469476,0.170312,0.0,0.93,0.531976,0.176562,0.0,0.93,0.456976,0.176562,0.0,0.93,0.506976,0.2,0.0,0.93,0.481976,0.2,0.0,0.93,0.575726,0.275,0.0,0.93,0.413226,0.275,0.0,0.93,0.633011,0.369563,0.0,0.93,0.372601,0.377746,0.0,0.93,0.604752,0.476451,0.0,0.93,0.397601,0.475,0.0,0.93,0.625064,0.495201,0.0,0.93,0.377288,0.49375,0.0,0.93,0.631314,0.471764,0.0,0.93,0.371038,0.470312,0.0,0.93,0.618814,0.482701,0.0,0.93,0.383538,0.48125,0.0,0.93,0.556976,0.459375,0.0,0.93,0.431976,0.459375,0.0,0.93,0.566351,0.58125,0.0,0.32,0.422601,0.58125,0.0,0.32,0.572601,0.684375,0.0,0.32,0.416351,0.684375,0.0,0.32,0.563226,0.7,0.0,0.32,0.425726,0.7,0.0,0.32,0.606976,0.69375,0.0,0.32,0.381976,0.69375,0.0,0.32,0.604752,0.476451,0.0,0.88,0.61442,0.512947,0.0,0.88,0.615095,0.525247,0.0,0.88,0.615771,0.537547,0.0,0.88,0.616446,0.549847,0.0,0.88,0.605392,0.510561,0.0,0.88,0.604232,0.522375,0.0,0.88,0.603072,0.53419,0.0,0.88,0.601913,0.546005,0.0,0.88,0.596365,0.508174,0.0,0.88,0.59337,0.519504,0.0,0.88,0.590374,0.530833,0.0,0.88,0.587379,0.542163,0.0,0.88,0.587338,0.505787,0.0,0.88,0.582507,0.516632,0.0,0.88,0.577676,0.527476,0.0,0.88,0.572846,0.53832,0.0,0.88,0.57831,0.503401,0.0,0.88,0.571644,0.51376,0.0,0.88,0.564978,0.524119,0.0,0.88,0.558312,0.534478,0.0,0.88,0.397601,0.475,0.0,0.61,0.387683,0.511429,0.0,0.61,0.386923,0.523724,0.0,0.61,0.386163,0.536019,0.0,0.61,0.385404,0.548314,0.0,0.61,0.396726,0.509104,0.0,0.61,0.397805,0.520926,0.0,0.61,0.398884,0.532749,0.0,0.61,0.399963,0.544571,0.0,0.61,0.40577,0.506779,0.0,0.61,0.408687,0.518129,0.0,0.61,0.411605,0.529479,0.0,0.61,0.414523,0.540829,0.0,0.61,0.414813,0.504455,0.0,0.61,0.41957,0.515332,0.0,0.61,0.424326,0.526209,0.0,0.61,0.429082,0.537086,0.0,0.61,0.423857,0.50213,0.0,0.61,0.430452,0.512534,0.0,0.61,0.437047,0.522939,0.0,0.61,0.443641,0.533343,0.0,0.61
fixture/demo,226,7.533333,0,0.494772,0.182787,0.0,0.93,0.504147,0.170287,0.0,0.93,0.51196,0.168724,0.0,0.93,0.519772,0.170287,0.0,0.93,0.485397,0.170287,0.0,0.93,0.477585,0.168724,0.0,0.93,0.469772,0.170287,0.0,0.93,0.532272,0.176537,0.0,0.93,0.457272,0.176537,0.0,0.93,0.507272,0.199974,0.0,0.93,0.482272,0.199974,0.0,0.93,0.576022,0.275,0.0,0.93,0.413522,0.275,0.0,0.93,0.632413,0.3698,0.0,0.93,0.372897,0.378102,0.0,0.93,0.602208,0.475888,0.0,0.93,0.397897,0.475,0.0,0.93,0.62252,0.494638,0.0,0.93,0.377585,0.49375,0.0,0.93,0.62877,0.471201,0.0,0.93,0.371335,0.470312,0.0,0.93,0.61627,0.482138,0.0,0.93,0.383835,0.48125,0.0,0.93,0.557272,0.459375,0.0,0.93,0.432272,0.459375,0.0,0.93,0.566647,0.58125,0.0,0.32,0.422897,0.58125,0.0,0.32,0.572897,0.684375,0.0,0.32,0.416647,0.684375,0.0,0.32,0.563522,0.7,0.0,0.32,0.426022,0.7,0.0,0.32,0.607272,0.69375,0.0,0.32,0.382272,0.69375,0.0,0.32,0.602208,0.475888,0.0,0.88,0.611184,0.512561,0.0,0.88,0.611627,0.524871,0.0,0.88,0.612069,0.537182,0.0,0.88,0.612512,0.549492,0.0,0.88,0.602203,0.510004,0.0,0.88,0.60082,0.521794,0.0,0.88,0.599437,0.533585,0.0,0.88,0.598054,0.545376,0.0,0.88,0.593223,0.507447,0.0,0.88,0.590014,0.518717,0.0,0.88,0.586805,0.529988,0.0,0.88,0.583596,0.541259,0.0,0.88,0.584242,0.50489,0.0,0.88,0.579207,0.515641,0.0,0.88,0.574172,0.526392,0.0,0.88,0.569137,0.537143,0.0,0.88,0.575262,0.502333,0.0,0.88,0.568401,0.512564,0.0,0.88,0.56154,0.522795,0.0,0.88,0.554679,0.533026,0.0,0.88,0.397897,0.475,0.0,0.61,0.388012,0.511438,0.0,0.61,0.387263,0.523733,0.0,0.61,0.386514,0.536029,0.0,0.61,0.385765,0.548325,0.0,0.61,0.397053,0.509105,0.0,0.61,0.398143,0.520926,0.0,0.61,0.399232,0.532748,0.0,0.61,0.400321,0.544569,0.0,0.61,0.406095,0.506772,0.0,0.61,0.409022,0.518119,0.0,0.61,0.41195,0.529466,0.0,0.61,0.414878,0.540814,0.0,0.61,0.415136,0.504439,0.0,0.61,0.419902,0.515312,0.0,0.61,0.424668,0.526185,0.0,0.61,0.429434,0.537058,0.0,0.61,0.424178,0.502107,0.0,0.61,0.430782,0.512505,0.0,0.61,0.437386,0.522904,0.0,0.61,0.44399,0.533303,0.0,0.61
fixture/demo,227,7.566667,0,0.495083,0.18271,0.0,0.93,0.504458,0.17021,0.0,0.93,0.512271,0.168648,0.0,0.93,0.520083,0.17021,0.0,0.93,0.485708,0.17021,0.0,0.93,0.477896,0.168648,0.0,0.93,0.470083,0.17021,0.0,0.93,0.532583,0.17646,0.0,0.93,0.457583,0.17646,0.0,0.93,0.507583,0.199898,0.0,0.93,0.482583,0.199898,0.0,0.93,0.576333,0.275,0.0,0.93,0.413833,0.275,0.0,0.93,0.631878,0.37004,0.0,0.93,0.373208,0.378475,0.0,0.93,0.599845,0.475357,0.0,0.93,0.398208,0.475,0.0,0.93,0.620158,0.494107,0.0,0.93,0.377896,0.49375,0.0,0.93,0.626408,0.47067,0.0,0.93,0.371646,0.470312,0.0,0.93,0.613908,0.481607,0.0,0.93,0.384146,0.48125,0.0,0.93,0.557583,0.459375,0.0,0.93,0.432583,0.459375,0.0,0.93,0.566958,0.58125,0.0,0.32,0.423208,0.58125,0.0,0.32,0.573208,0.684375,0.0,0.32,0.416958,0.684375,0.0,0.32,0.563833,0.7,0.0,0.32,0.426333,0.7,0.0,0.32,0.607583,0.69375,0.0,0.32,0.382583,0.69375,0.0,0.32,0.599845,0.475357,0.0,0.88,0.608164,0.512184,0.0,0.88,0.608386,0.5245,0.0,0.88,0.608609,0.536817,0.0,0.88,0.608831,0.549133,0.0,0.88,0.599231,0.509467,0.0,0.88,0.597637,0.521231,0.0,0.88,0.596043,0.532995,0.0,0.88,0.594449,0.544759,0.0,0.88,0.590297,0.50675,0.0,0.88,0.586887,0.517961,0.0,0.88,0.583477,0.529173,0.0,0.88,0.580067,0.540384,0.0,0.88,0.581364,0.504032,0.0,0.88,0.576137,0.514692,0.0,0.88,0.570911,0.525351,0.0,0.88,0.565685,0.53601,0.0,0.88,0.57243,0.501315,0.0,0.88,0.565388,0.511422,0.0,0.88,0.558345,0.521529,0.0,0.88,0.551302,0.531636,0.0,0.88,0.398208,0.475,0.0,0.61,0.388357,0.511447,0.0,0.61,0.38762,0.523743,0.0,0.61,0.386882,0.53604,0.0,0.61,0.386145,0.548336,0.0,0.61,0.397396,0.509106,0.0,0.61,0.398497,0.520926,0.0,0.61,0.399597,0.532746,0.0,0.61,0.400697,0.544567,0.0,0.61,0.406435,0.506764,0.0,0.61,0.409374,0.518109,0.0,0.61,0.412312,0.529453,0.0,0.61,0.41525,0.540798,0.0,0.61,0.415475,0.504423,0.0,0.61,0.420251,0.515292,0.0,0.61,0.425027,0.52616,0.0,0.61,0.429803,0.537029,0.0,0.61,0.424514,0.502082,0.0,0.61,0.431128,0.512475,0.0,0.61,0.437742,0.522867,0.0,0.61,0.444355,0.533259,0.0,0.61
fixture/demo,228,7.6,0,0.495408,0.182583,0.0,0.93,0.504783,0.170083,0.0,0.93,0.512595,0.168521,0.0,0.93,0.520408,0.170083,0.0,0.93,0.486033,0.170083,0.0,0.93,0.47822,0.168521,0.0,0.93,0.470408,0.170083,0.0,0.93,0.532908,0.176333,0.0,0.93,0.457908,0.176333,0.0,0.93,0.507908,0.199771,0.0,0.93,0.482908,0.199771,0.0,0.93,0.576658,0.275,0.0,0.93,0.414158,0.275,0.0,0.93,0.631408,0.370278,0.0,0.93,0.373533,0.378865,0.0,0.93,0.59767,0.474859,0.0,0.93,0.398533,0.475,0.0,0.93,0.617983,0.493609,0.0,0.93,0.37822,0.49375,0.0,0.93,0.624233,0.470172,0.0,0.93,0.37197,0.470312,0.0,0.93,0.611733,0.481109,0.0,0.93,0.38447,0.48125,0.0,0.93,0.557908,0.459375,0.0,0.93,0.432908,0.459375,0.0,0.93,0.567283,0.58125,0.0,0.32,0.423533,0.58125,0.0,0.32,0.573533,0.684375,0.0,0.32,0.417283,0.684375,0.0,0.32,0.564158,0.7,0.0,0.32,0.426658,0.7,0.0,0.32,0.607908,0.69375,0.0,0.32,0.382908,0.69375,0.0,0.32,0.59767,0.474859,0.0,0.88,0.605369,0.51182,0.0,0.88,0.605385,0.524139,0.0,0.88,0.6054,0.536457,0.0,0.88,0.605416,0.548776,0.0,0.88,0.596483,0.508954,0.0,0.88,0.594692,0.520689,0.0,0.88,0.5929,0.532425,0.0,0.88,0.591109,0.544161,0.0,0.88,0.587596,0.506087,0.0,0.88,0.583998,0.51724,0.0,0.88,0.5804,0.528392,0.0,0.88,0.576803,0.539545,0.0,0.88,0.57871,0.50322,0.0,0.88,0.573305,0.51379,0.0,0.88,0.5679,0.52436,0.0,0.88,0.562496,0.53493,0.0,0.88,0.569823,0.500353,0.0,0.88,0.562612,0.51034,0.0,0.88,0.5554,0.520327,0.0,0.88,0.548189,0.530315,0.0,0.88,0.398533,0.475,0.0,0.61,0.388717,0.511456,0.0,0.61,0.387992,0.523754,0.0,0.61,0.387267,0.536051,0.0,0.61,0.386541,0.548348,0.0,0.61,0.397754,0.509106,0.0,0.61,0.398866,0.520926,0.0,0.61,0.399978,0.532745,0.0,0.61,0.40109,0.544564,0.0,0.61,0.406791,0.506756,0.0,0.61,0.409741,0.518098,0.0,0.61,0.41269,0.529439,0.0,0.61,0.415639,0.540781,0.0,0.61,0.415828,0.504406,0.0,0.61,0.420615,0.51527,0.0,0.61,0.425401,0.526134,0.0,0.61,0.430188,0.536997,0.0,0.61,0.424865,0.502056,0.0,0.61,0.431489,0.512442,0.0,0.61,0.438113,0.522828,0.0,0.61,0.444737,0.533214,0.0,0.61
fixture/demo,229,7.633333,0,0.495745,0.182407,0.0,0.93,0.50512,0.169907,0.0,0.93,0.512933,0.168345,0.0,0.93,0.520745,0.169907,0.0,0.93,0.48637,0.169907,0.0,0.93,0.478558,0.168345,0.0,0.93,0.470745,0.169907,0.0,0.93,0.533245,0.176157,0.0,0.93,0.458245,0.176157,0.0,0.93,0.508245,0.199595,0.0,0.93,0.483245,0.199595,0.0,0.93,0.576995,0.275,0.0,0.93,0.414495,0.275,0.0,0.93,0.631004,0.370511,0.0,0.93,0.37387,0.379269,0.0,0.93,0.595688,0.474396,0.0,0.93,0.39887,0.475,0.0,0.93,0.616,0.493146,0.0,0.93,0.378558,0.49375,0.0,0.93,0.62225,0.469708,0.0,0.93,0.372308,0.470312,0.0,0.93,0.60975,0.480646,0.0,0.93,0.384808,0.48125,0.0,0.93,0.558245,0.459375,0.0,0.93,0.433245,0.459375,0.0,0.93,0.56762,0.58125,0.0,0.32,0.42387,0.58125,0.0,0.32,0.57387,0.684375,0.0,0.32,0.41762,0.684375,0.0,0.32,0.564495,0.7,0.0,0.32,0.426995,0.7,0.0,0.32,0.608245,0.69375,0.0,0.32,0.383245,0.69375,0.0,0.32,0.595688,0.474396,0.0,0.88,0.602808,0.511473,0.0,0.88,0.602631,0.52379,0.0,0.88,0.602454,0.536107,0.0,0.88,0.602277,0.548425,0.0,0.88,0.593967,0.508468,0.0,0.88,0.591993,0.520174,0.0,0.88,0.590019,0.53188,0.0,0.88,0.588044,0.543586,0.0,0.88,0.585127,0.505462,0.0,0.88,0.581355,0.516557,0.0,0.88,0.577583,0.527652,0.0,0.88,0.573811,0.538748,0.0,0.88,0.576286,0.502457,0.0,0.88,0.570717,0.512941,0.0,0.88,0.565148,0.523425,0.0,0.88,0.559578,0.533909,0.0,0.88,0.567446,0.499451,0.0,0.88,0.560079,0.509324,0.0,0.88,0.552712,0.519198,0.0,0.88,0.545346,0.529071,0.0,0.88,0.39887,0.475,0.0,0.61,0.389092,0.511466,0.0,0.61,0.388379,0.523764,0.0,0.61,0.387667,0.536062,0.0,0.61,0.386954,0.54836,0.0,0.61,0.398126,0.509107,0.0,0.61,0.399251,0.520925,0.0,0.61,0.400375,0.532743,0.0,0.61,0.401499,0.544562,0.0,0.61,0.407161,0.506748,0.0,0.61,0.410122,0.518086,0.0,0.61,0.413083,0.529425,0.0,0.61,0.416044,0.540763,0.0,0.61,0.416195,0.504388,0.0,0.61,0.420993,0.515247,0.0,0.61,0.425791,0.526106,0.0,0.61,0.430589,0.536965,0.0,0.61,0.42523,0.502029,0.0,0.61,0.431865,0.512408,0.0,0.61,0.438499,0.522787,0.0,0.61,0.445134,0.533166,0.0,0.61
fixture/demo,230,7.666667,0,0.496094,0.182184,0.0,0.93,0.505469,0.169684,0.0,0.93,0.513281,0.168122,0.0,0.93,0.521094,0.169684,0.0,0.93,0.486719,0.169684,0.0,0.93,0.478906,0.168122,0.0,0.93,0.471094,0.169684,0.0,0.93,0.533594,0.175934,0.0,0.93,0.458594,0.175934,0.0,0.93,0.508594,0.199372,0.0,0.93,0.483594,0.199372,0.0,0.93,0.577344,0.275,0.0,0.93,0.414844,0.275,0.0,0.93,0.630668,0.370735,0.0,0.93,0.374219,0.379688,0.0,0.93,0.593904,0.473968,0.0,0.93,0.399219,0.475,0.0,0.93,0.614216,0.492718,0.0,0.93,0.378906,0.49375,0.0,0.93,0.620466,0.469281,0.0,0.93,0.372656,0.470312,0.0,0.93,0.607966,0.480218,0.0,0.93,0.385156,0.48125,0.0,0.93,0.558594,0.459375,0.0,0.93,0.433594,0.459375,0.0,0.93,0.567969,0.58125,0.0,0.32,0.424219,0.58125,0.0,0.32,0.574219,0.684375,0.0,0.32,0.417969,0.684375,0.0,0.32,0.564844,0.7,0.0,0.32,0.427344,0.7,0.0,0.32,0.608594,0.69375,0.0,0.32,0.383594,0.69375,0.0,0.32,0.593904,0.473968,0.0,0.88,0.600488,0.511144,0.0,0.88,0.600133,0.523458,0.0,0.88,0.599778,0.535771,0.0,0.88,0.599424,0.548085,0.0,0.88,0.591692,0.508012,0.0,0.88,0.589548,0.519688,0.0,0.88,0.587405,0.531365,0.0,0.88,0.585262,0.543041,0.0,0.88,0.582895,0.504879,0.0,0.88,0.578964,0.515919,0.0,0.88,0.575032,0.526958,0.0,0.88,0.571101,0.537998,0.0,0.88,0.574099,0.501746,0.0,0.88,0.568379,0.512149,0.0,0.88,0.562659,0.522552,0.0,0.88,0.556939,0.532954,0.0,0.88,0.565303,0.498614,0.0,0.88,0.557794,0.50838,0.0,0.88,0.550286,0.518145,0.0,0.88,0.542777,0.527911,0.0,0.88,0.399219,0.475,0.0,0.61,0.38948,0.511477,0.0,0.61,0.38878,0.523776,0.0,0.61,0.388081,0.536074,0.0,0.61,0.387381,0.548373,0.0,0.61,0.398512,0.509108,0.0,0.61,0.399649,0.520925,0.0,0.61,0.400785,0.532742,0.0,0.61,0.401922,0.544559,0.0,0.61,0.407544,0.506739,0.0,0.61,0.410517,0.518074,0.0,0.61,0.41349,0.529409,0.0,0.61,0.416463,0.540745,0.0,0.61,0.416576,0.50437,0.0,0.61,0.421385,0.515223,0.0,0.61,0.426195,0.526077,0.0,0.61,0.431004,0.536931,0.0,0.61,0.425608,0.502001,0.0,0.61,0.432253,0.512373,0.0,0.61,0.438899,0.522745,0.0,0.61,0.445545,0.533117,0.0,0.61
fixture/demo,231,7.7,0,0.496453,0.181917,0.0,0.93,0.505828,0.169417,0.0,0.93,0.513641,0.167855,0.0,0.93,0.521453,0.169417,0.0,0.93,0.487078,0.169417,0.0,0.93,0.479266,0.167855,0.0,0.93,0.471453,0.169417,0.0,0.93,0.533953,0.175667,0.0,0.93,0.458953,0.175667,0.0,0.93,0.508953,0.199105,0.0,0.93,0.483953,0.199105,0.0,0.93,0.577703,0.275,0.0,0.93,0.415203,0.275,0.0,0.93,0.630402,0.370948,0.0,0.93,0.374578,0.380119,0.0,0.93,0.592321,0.473578,0.0,0.93,0.399578,0.475,0.0,0.93,0.612633,0.492328,0.0,0.93,0.379266,0.49375,0.0,0.93,0.618883,0.468891,0.0,0.93,0.373016,0.470312,0.0,0.93,0.606383,0.479828,0.0,0.93,0.385516,0.48125,0.0,0.93,0.558953,0.459375,0.0,0.93,0.433953,0.459375,0.0,0.93,0.568328,0.58125,0.0,0.32,0.424578,0.58125,0.0,0.32,0.574578,0.684375,0.0,0.32,0.418328,0.684375,0.0,0.32,0.565203,0.7,0.0,0.32,0.427703,0.7,0.0,0.32,0.608953,0.69375,0.0,0.32,0.383953,0.69375,0.0,0.32,0.592321,0.473578,0.0,0.88,0.598415,0.510838,0.0,0.88,0.597898,0.523145,0.0,0.88,0.597381,0.535453,0.0,0.88,0.596864,0.547761,0.0,0.88,0.589661,0.507589,0.0,0.88,0.587364,0.519237,0.0,0.88,0.585067,0.530884,0.0,0.88,0.58277,0.542531,0.0,0.88,0.580906,0.504341,0.0,0.88,0.57683,0.515328,0.0,0.88,0.572753,0.526315,0.0,0.88,0.568676,0.537302,0.0,0.88,0.572152,0.501093,0.0,0.88,0.566296,0.511419,0.0,0.88,0.560439,0.521746,0.0,0.88,0.554583,0.532072,0.0,0.88,0.563398,0.497845,0.0,0.88,0.555761,0.507511,0.0,0.88,0.548125,0.517177,0.0,0.88,0.540489,0.526842,0.0,0.88,0.399578,0.475,0.0,0.61,0.38988,0.511488,0.0,0.61,0.389194,0.523787,0.0,0.61,0.388508,0.536087,0.0,0.61,0.387823,0.548386,0.0,0.61,0.398909,0.509109,0.0,0.61,0.400059,0.520924,0.0,0.61,0.401209,0.53274,0.0,0.61,0.402359,0.544556,0.0,0.61,0.407939,0.50673,0.0,0.61,0.410924,0.518062,0.0,0.61,0.41391,0.529394,0.0,0.61,0.416896,0.540726,0.0,0.61,0.416968,0.50435,0.0,0.61,0.421789,0.515199,0.0,0.61,0.426611,0.526047,0.0,0.61,0.431433,0.536895,0.0,0.61,0.425997,0.501971,0.0,0.61,0.432655,0.512336,0.0,0.61,0.439312,0.5227,0.0,0.61,0.445969,0.533065,0.0,0.61
fixture/demo,232,7.733333,0,0.496822,0.181608,0.0,0.93,0.506197,0.169108,0.0,0.93,0.51401,0.167546,0.0,0.93,0.521822,0.169108,0.0,0.93,0.487447,0.169108,0.0,0.93,0.479635,0.167546,0.0,0.93,0.471822,0.169108,0.0,0.93,0.534322,0.175358,0.0,0.93,0.459322,0.175358,0.0,0.93,0.509322,0.198796,0.0,0.93,0.484322,0.198796,0.0,0.93,0.578072,0.275,0.0,0.93,0.415572,0.275,0.0,0.93,0.630206,0.371146,0.0,0.93,0.374947,0.380562,0.0,0.93,0.590944,0.473226,0.0,0.93,0.399947,0.475,0.0,0.93,0.611256,0.491976,0.0,0.93,0.379635,0.49375,0.0,0.93,0.617506,0.468538,0.0,0.93,0.373385,0.470312,0.0,0.93,0.605006,0.479476,0.0,0.93,0.385885,0.48125,0.0,0.93,0.559322,0.459375,0.0,0.93,0.434322,0.459375,0.0,0.93,0.568697,0.58125,0.0,0.32,0.424947,0.58125,0.0,0.32,0.574947,0.684375,0.0,0.32,0.418697,0.684375,0.0,0.32,0.565572,0.7,0.0,0.32,0.428072,0.7,0.0,0.32,0.609322,0.69375,0.0,0.32,0.384322,0.69375,0.0,0.32,0.590944,0.473226,0.0,0.88,0.596595,0.510555,0.0,0.88,0.595932,0.522856,0.0,0.88,0.595269,0.535157,0.0,0.88,0.594606,0.547457,0.0,0.88,0.58788,0.507203,0.0,0.88,0.585445,0.518822,0.0,0.88,0.58301,0.530441,0.0,0.88,0.580575,0.542061,0.0,0.88,0.579165,0.503851,0.0,0.88,0.574958,0.514789,0.0,0.88,0.570751,0.525726,0.0,0.88,0.566544,0.536664,0.0,0.88,0.57045,0.500499,0.0,0.88,0.564471,0.510755,0.0,0.88,0.558492,0.521011,0.0,0.88,0.552513,0.531267,0.0,0.88,0.561734,0.497147,0.0,0.88,0.553984,0.506722,0.0,0.88,0.546233,0.516296,0.0,0.88,0.538483,0.525871,0.0,0.88,0.399947,0.475,0.0,0.61,0.390291,0.511499,0.0,0.61,0.38962,0.523799,0.0,0.61,0.388948,0.536099,0.0,0.61,0.388277,0.5484,0.0,0.61,0.399318,0.509109,0.0,0.61,0.400482,0.520924,0.0,0.61,0.401645,0.532738,0.0,0.61,0.402809,0.544552,0.0,0.61,0.408344,0.50672,0.0,0.61,0.411343,0.518048,0.0,0.61,0.414342,0.529377,0.0,0.61,0.417341,0.540705,0.0,0.61,0.417371,0.50433,0.0,0.61,0.422205,0.515173,0.0,0.61,0.427039,0.526016,0.0,0.61,0.431873,0.536858,0.0,0.61,0.426398,0.501941,0.0,0.61,0.433067,0.512298,0.0,0.61,0.439736,0.522655,0.0,0.61,0.446406,0.533011,0.0,0.61
fixture/demo,233,7.766667,0,0.4972,0.181262,0.0,0.93,0.506575,0.168762,0.0,0.93,0.514388,0.167199,0.0,0.93,0.5222,0.168762,0.0,0.93,0.487825,0.168762,0.0,0.93,0.480013,0.167199,0.0,0.93,0.4722,0.168762,0.0,0.93,0.5347,0.175012,0.0,0.93,0.4597,0.175012,0.0,0.93,0.5097,0.198449,0.0,0.93,0.4847,0.198449,0.0,0.93,0.57845,0.275,0.0,0.93,0.41595,0.275,0.0,0.93,0.630082,0.371326,0.0,0.93,0.375325,0.381015,0.0,0.93,0.589775,0.472913,0.0,0.93,0.400325,0.475,0.0,0.93,0.610087,0.491663,0.0,0.93,0.380013,0.49375,0.0,0.93,0.616337,0.468225,0.0,0.93,0.373763,0.470312,0.0,0.93,0.603837,0.479163,0.0,0.93,0.386263,0.48125,0.0,0.93,0.5597,0.459375,0.0,0.93,0.4347,0.459375,0.0,0.93,0.569075,0.58125,0.0,0.32,0.425325,0.58125,0.0,0.32,0.575325,0.684375,0.0,0.32,0.419075,0.684375,0.0,0.32,0.56595,0.7,0.0,0.32,0.42845,0.7,0.0,0.32,0.6097,0.69375,0.0,0.32,0.3847,0.69375,0.0,0.32,0.589775,0.472913,0.0,0.88,0.595032,0.5103,0.0,0.88,0.594239,0.522593,0.0,0.88,0.593446,0.534886,0.0,0.88,0.592654,0.547179,0.0,0.88,0.586352,0.506856,0.0,0.88,0.583795,0.518449,0.0,0.88,0.581238,0.530042,0.0,0.88,0.57868,0.541634,0.0,0.88,0.577673,0.503412,0.0,0.88,0.573351,0.514305,0.0,0.88,0.569029,0.525198,0.0,0.88,0.564707,0.53609,0.0,0.88,0.568994,0.499968,0.0,0.88,0.562907,0.510161,0.0,0.88,0.556821,0.520353,0.0,0.88,0.550734,0.530546,0.0,0.88,0.560315,0.496525,0.0,0.88,0.552464,0.506017,0.0,0.88,0.544612,0.515509,0.0,0.88,0.536761,0.525002,0.0,0.88,0.400325,0.475,0.0,0.61,0.390713,0.51151,0.0,0.61,0.390056,0.523811,0.0,0.61,0.389399,0.536112,0.0,0.61,0.388742,0.548413,0.0,0.61,0.399736,0.50911,0.0,0.61,0.400914,0.520923,0.0,0.61,0.402092,0.532736,0.0,0.61,0.40327,0.544549,0.0,0.61,0.40876,0.50671,0.0,0.61,0.411773,0.518035,0.0,0.61,0.414785,0.52936,0.0,0.61,0.417797,0.540685,0.0,0.61,0.417784,0.50431,0.0,0.61,0.422631,0.515146,0.0,0.61,0.427478,0.525983,0.0,0.61,0.432325,0.53682,0.0,0.61,0.426808,0.501909,0.0,0.61,0.433489,0.512258,0.0,0.61,0.440171,0.522607,0.0,0.61,0.446853,0.532956,0.0,0.61
fixture/demo,234,7.8,0,0.497586,0.18088,0.0,0.93,0.506961,0.16838,0.0,0.93,0.514773,0.166818,0.0,0.93,0.522586,0.16838,0.0,0.93,0.488211,0.16838,0.0,0.93,0.480398,0.166818,0.0,0.93,0.472586,0.16838,0.0,0.93,0.535086,0.17463,0.0,0.93,0.460086,0.17463,0.0,0.93,0.510086,0.198068,0.0,0.93,0.485086,0.198068,0.0,0.93,0.578836,0.275,0.0,0.93,0.416336,0.275,0.0,0.93,0.63003,0.371487,0.0,0.93,0.375711,0.381478,0.0,0.93,0.588816,0.47264,0.0,0.93,0.400711,0.475,0.0,0.93,0.609128,0.49139,0.0,0.93,0.380398,0.49375,0.0,0.93,0.615378,0.467952,0.0,0.93,0.374148,0.470312,0.0,0.93,0.602878,0.47889,0.0,0.93,0.386648,0.48125,0.0,0.93,0.560086,0.459375,0.0,0.93,0.435086,0.459375,0.0,0.93,0.569461,0.58125,0.0,0.32,0.425711,0.58125,0.0,0.32,0.575711,0.684375,0.0,0.32,0.419461,0.684375,0.0,0.32,0.566336,0.7,0.0,0.32,0.428836,0.7,0.0,0.32,0.610086,0.69375,0.0,0.32,0.385086,0.69375,0.0,0.32,0.588816,0.47264,0.0,0.88,0.593729,0.510073,0.0,0.88,0.592824,0.522358,0.0,0.88,0.591918,0.534644,0.0,0.88,0.591012,0.546929,0.0,0.88,0.585082,0.50655,0.0,0.88,0.582418,0.518119,0.0,0.88,0.579754,0.529688,0.0,0.88,0.577091,0.541257,0.0,0.88,0.576435,0.503027,0.0,0.88,0.572013,0.513879,0.0,0.88,0.567591,0.524732,0.0,0.88,0.563169,0.535584,0.0,0.88,0.567787,0.499503,0.0,0.88,0.561607,0.50964,0.0,0.88,0.555427,0.519776,0.0,0.88,0.549248,0.529912,0.0,0.88,0.55914,0.49598,0.0,0.88,0.551202,0.5054,0.0,0.88,0.543264,0.51482,0.0,0.88,0.535326,0.52424,0.0,0.88,0.400711,0.475,0.0,0.61,0.391143,0.511522,0.0,0.61,0.390501,0.523824,0.0,0.61,0.38986,0.536126,0.0,0.61,0.389218,0.548428,0.0,0.61,0.400164,0.509111,0.0,0.61,0.401356,0.520922,0.0,0.61,0.402548,0.532734,0.0,0.61,0.403741,0.544545,0.0,0.61,0.409185,0.506699,0.0,0.61,0.412211,0.518021,0.0,0.61,0.415237,0.529342,0.0,0.61,0.418264,0.540663,0.0,0.61,0.418205,0.504288,0.0,0.61,0.423066,0.515119,0.0,0.61,0.427926,0.52595,0.0,0.61,0.432787,0.536781,0.0,0.61,0.427226,0.501877,0.0,0.61,0.433921,0.512217,0.0,0.61,0.440615,0.522558,0.0,0.61,0.447309,0.532899,0.0,0.61
fixture/demo,235,7.833333,0,0.497978,0.180469,0.0,0.93,0.507353,0.167969,0.0,0.93,0.515165,0.166406,0.0,0.93,0.522978,0.167969,0.0,0.93,0.488603,0.167969,0.0,0.93,0.48079,0.166406,0.0,0.93,0.472978,0.167969,0.0,0.93,0.535478,0.174219,0.0,0.93,0.460478,0.174219,0.0,0.93,0.510478,0.197656,0.0,0.93,0.485478,0.197656,0.0,0.93,0.579228,0.275,0.0,0.93,0.416728,0.275,0.0,0.93,0.630051,0.371626,0.0,0.93,0.376103,0.381949,0.0,0.93,0.588068,0.472407,0.0,0.93,0.401103,0.475,0.0,0.93,0.60838,0.491157,0.0,0.93,0.38079,0.49375,0.0,0.93,0.61463,0.46772,0.0,0.93,0.37454,0.470312,0.0,0.93,0.60213,0.478657,0.0,0.93,0.38704,0.48125,0.0,0.93,0.560478,0.459375,0.0,0.93,0.435478,0.459375,0.0,0.93,0.569853,0.58125,0.0,0.32,0.426103,0.58125,0.0,0.32,0.576103,0.684375,0.0,0.32,0.419853,0.684375,0.0,0.32,0.566728,0.7,0.0,0.32,0.429228,0.7,0.0,0.32,0.610478,0.69375,0.0,0.32,0.385478,0.69375,0.0,0.32,0.588068,0.472407,0.0,0.88,0.592689,0.509878,0.0,0.88,0.591688,0.522156,0.0,0.88,0.590687,0.534434,0.0,0.88,0.589685,0.546711,0.0,0.88,0.58407,0.506288,0.0,0.88,0.581316,0.517835,0.0,0.88,0.578562,0.529383,0.0,0.88,0.575808,0.540931,0.0,0.88,0.57545,0.502697,0.0,0.88,0.570944,0.513515,0.0,0.88,0.566438,0.524332,0.0,0.88,0.561931,0.53515,0.0,0.88,0.566831,0.499106,0.0,0.88,0.560572,0.509194,0.0,0.88,0.554313,0.519282,0.0,0.88,0.548054,0.529369,0.0,0.88,0.558211,0.495516,0.0,0.88,0.5502,0.504873,0.0,0.88,0.542189,0.514231,0.0,0.88,0.534178,0.523589,0.0,0.88,0.401103,0.475,0.0,0.61,0.391581,0.511534,0.0,0.61,0.390955,0.523837,0.0,0.61,0.390329,0.536139,0.0,0.61,0.389703,0.548442,0.0,0.61,0.400599,0.509112,0.0,0.61,0.401806,0.520921,0.0,0.61,0.403013,0.532731,0.0,0.61,0.404221,0.544541,0.0,0.61,0.409617,0.506689,0.0,0.61,0.412657,0.518006,0.0,0.61,0.415698,0.529324,0.0,0.61,0.418739,0.540641,0.0,0.61,0.418634,0.504266,0.0,0.61,0.423509,0.515091,0.0,0.61,0.428383,0.525916,0.0,0.61,0.433257,0.53674,0.0,0.61,0.427652,0.501843,0.0,0.61,0.43436,0.512175,0.0,0.61,0.441067,0.522508,0.0,0.61,0.447775,0.53284,0.0,0.61
fixture/demo,236,7.866667,0,0.498376,0.180032,0.0,0.93,0.507751,0.167532,0.0,0.93,0.515563,0.165969,0.0,0.93,0.523376,0.167532,0.0,0.93,0.489001,0.167532,0.0,0.93,0.481188,0.165969,0.0,0.93,0.473376,0.167532,0.0,0.93,0.535876,0.173782,0.0,0.93,0.460876,0.173782,0.0,0.93,0.510876,0.197219,0.0,0.93,0.485876,0.197219,0.0,0.93,0.579626,0.275,0.0,0.93,0.417126,0.275,0.0,0.93,0.630143,0.371741,0.0,0.93,0.376501,0.382426,0.0,0.93,0.587532,0.472216,0.0,0.93,0.401501,0.475,0.0,0.93,0.607845,0.490966,0.0,0.93,0.381188,0.49375,0.0,0.93,0.614095,0.467529,0.0,0.93,0.374938,0.470312,0.0,0.93,0.601595,0.478466,0.0,0.93,0.387438,0.48125,0.0,0.93,0.560876,0.459375,0.0,0.93,0.435876,0.459375,0.0,0.93,0.570251,0.58125,0.0,0.32,0.426501,0.58125,0.0,0.32,0.576501,0.684375,0.0,0.32,0.420251,0.684375,0.0,0.32,0.567126,0.7,0.0,0.32,0.429626,0.7,0.0,0.32,0.610876,0.69375,0.0,0.32,0.385876,0.69375,0.0,0.32,0.587532,0.472216,0.0,0.88,0.591914,0.509716,0.0,0.88,0.590834,0.521987,0.0,0.88,0.589754,0.534258,0.0,0.88,0.588674,0.546529,0.0,0.88,0.583318,0.50607,0.0,0.88,0.58049,0.5176,0.0,0.88,0.577662,0.52913,0.0,0.88,0.574835,0.54066,0.0,0.88,0.574721,0.502425,0.0,0.88,0.570146,0.513213,0.0,0.88,0.56557,0.524002,0.0,0.88,0.560995,0.534791,0.0,0.88,0.566125,0.498779,0.0,0.88,0.559802,0.508826,0.0,0.88,0.553478,0.518874,0.0,0.88,0.547155,0.528921,0.0,0.88,0.557528,0.495133,0.0,0.88,0.549457,0.504439,0.0,0.88,0.541387,0.513746,0.0,0.88,0.533316,0.523052,0.0,0.88,0.401501,0.475,0.0,0.61,0.392026,0.511547,0.0,0.61,0.391416,0.52385,0.0,0.61,0.390806,0.536153,0.0,0.61,0.390195,0.548457,0.0,0.61,0.401041,0.509112,0.0,0.61,0.402263,0.520921,0.0,0.61,0.403486,0.532729,0.0,0.61,0.404708,0.544537,0.0,0.61,0.410055,0.506678,0.0,0.61,0.413111,0.517991,0.0,0.61,0.416166,0.529305,0.0,0.61,0.419221,0.540618,0.0,0.61,0.41907,0.504243,0.0,0.61,0.423958,0.515062,0.0,0.61,0.428846,0.52588,0.0,0.61,0.433734,0.536699,0.0,0.61,0.428085,0.501809,0.0,0.61,0.434805,0.512132,0.0,0.61,0.441526,0.522456,0.0,0.61,0.448247,0.53278,0.0,0.61
fixture/demo,237,7.9,0,0.498778,0.179574,0.0,0.93,0.508153,0.167074,0.0,0.93,0.515965,0.165511,0.0,0.93,0.523778,0.167074,0.0,0.93,0.489403,0.167074,0.0,0.93,0.48159,0.165511,0.0,0.93,0.473778,0.167074,0.0,0.93,0.536278,0.173324,0.0,0.93,0.461278,0.173324,0.0,0.93,0.511278,0.196761,0.0,0.93,0.486278,0.196761,0.0,0.93,0.580028,0.275,0.0,0.93,0.417528,0.275,0.0,0.93,0.630308,0.371832,0.0,0.93,0.376903,0.382908,0.0,0.93,0.587209,0.472067,0.0,0.93,0.401903,0.475,0.0,0.93,0.607521,0.490817,0.0,0.93,0.38159,0.49375,0.0,0.93,0.613771,0.46738,0.0,0.93,0.37534,0.470312,0.0,0.93,0.601271,0.478317,0.0,0.93,0.38784,0.48125,0.0,0.93,0.561278,0.459375,0.0,0.93,0.436278,0.459375,0.0,0.93,0.570653,0.58125,0.0,0.32,0.426903,0.58125,0.0,0.32,0.576903,0.684375,0.0,0.32,0.420653,0.684375,0.0,0.32,0.567528,0.7,0.0,0.32,0.430028,0.7,0.0,0.32,0.611278,0.69375,0.0,0.32,0.386278,0.69375,0.0,0.32,0.587209,0.472067,0.0,0.88,0.591403,0.509588,0.0,0.88,0.590262,0.521854,0.0,0.88,0.589121,0.534119,0.0,0.88,0.58798,0.546385,0.0,0.88,0.582825,0.5059,0.0,0.88,0.57994,0.517415,0.0,0.88,0.577055,0.528931,0.0,0.88,0.57417,0.540447,0.0,0.88,0.574247,0.502211,0.0,0.88,0.569618,0.512977,0.0,0.88,0.564989,0.523743,0.0,0.88,0.56036,0.534508,0.0,0.88,0.565669,0.498523,0.0,0.88,0.559296,0.508539,0.0,0.88,0.552923,0.518554,0.0,0.88,0.54655,0.52857,0.0,0.88,0.557091,0.494834,0.0,0.88,0.548974,0.5041,0.0,0.88,0.540857,0.513366,0.0,0.88,0.532739,0.522632,0.0,0.88,0.401903,0.475,0.0,0.61,0.392477,0.511559,0.0,0.61,0.391882,0.523863,0.0,0.61,0.391288,0.536167,0.0,0.61,0.390694,0.548471,0.0,0.61,0.401488,0.509113,0.0,0.61,0.402726,0.52092,0.0,0.61,0.403964,0.532726,0.0,0.61,0.405202,0.544533,0.0,0.61,0.410499,0.506666,0.0,0.61,0.413569,0.517976,0.0,0.61,0.41664,0.529285,0.0,0.61,0.41971,0.540595,0.0,0.61,0.419511,0.50422,0.0,0.61,0.424413,0.515032,0.0,0.61,0.429315,0.525844,0.0,0.61,0.434218,0.536656,0.0,0.61,0.428522,0.501774,0.0,0.61,0.435256,0.512089,0.0,0.61,0.441991,0.522403,0.0,0.61,0.448725,0.532718,0.0,0.61
fixture/demo,238,7.933333,0,0.499183,0.1791,0.0,0.93,0.508558,0.1666,0.0,0.93,0.516371,0.165037,0.0,0.93,0.524183,0.1666,0.0,0.93,0.489808,0.1666,0.0,0.93,0.481996,0.165037,0.0,0.93,0.474183,0.1666,0.0,0.93,0.536683,0.17285,0.0,0.93,0.461683,0.17285,0.0,0.93,0.511683,0.196287,0.0,0.93,0.486683,0.196287,0.0,0.93,0.580433,0.275,0.0,0.93,0.417933,0.275,0.0,0.93,0.630545,0.371898,0.0,0.93,0.377308,0.383395,0.0,0.93,0.587096,0.471961,0.0,0.93,0.402308,0.475,0.0,0.93,0.607409,0.490711,0.0,0.93,0.381996,0.49375,0.0,0.93,0.613659,0.467273,0.0,0.93,0.375746,0.470312,0.0,0.93,0.601159,0.478211,0.0,0.93,0.388246,0.48125,0.0,0.93,0.561683,0.459375,0.0,0.93,0.436683,0.459375,0.0,0.93,0.571058,0.58125,0.0,0.32,0.427308,0.58125,0.0,0.32,0.577308,0.684375,0.0,0.32,0.421058,0.684375,0.0,0.32,0.567933,0.7,0.0,0.32,0.430433,0.7,0.0,0.32,0.611683,0.69375,0.0,0.32,0.386683,0.69375,0.0,0.32,0.587096,0.471961,0.0,0.88,0.591158,0.509496,0.0,0.88,0.589973,0.521758,0.0,0.88,0.588788,0.534019,0.0,0.88,0.587604,0.54628,0.0,0.88,0.582593,0.505777,0.0,0.88,0.579667,0.517283,0.0,0.88,0.576741,0.528788,0.0,0.88,0.573815,0.540293,0.0,0.88,0.574028,0.502058,0.0,0.88,0.56936,0.512807,0.0,0.88,0.564693,0.523557,0.0,0.88,0.560026,0.534306,0.0,0.88,0.565463,0.498339,0.0,0.88,0.559054,0.508332,0.0,0.88,0.552645,0.518325,0.0,0.88,0.546237,0.528318,0.0,0.88,0.556898,0.49462,0.0,0.88,0.548748,0.503857,0.0,0.88,0.540598,0.513094,0.0,0.88,0.532448,0.522331,0.0,0.88,0.402308,0.475,0.0,0.61,0.392931,0.511572,0.0,0.61,0.392354,0.523877,0.0,0.61,0.391776,0.536182,0.0,0.61,0.391198,0.548486,0.0,0.61,0.401939,0.509113,0.0,0.61,0.403193,0.520918,0.0,0.61,0.404447,0.532723,0.0,0.61,0.405701,0.544529,0.0,0.61,0.410947,0.506655,0.0,0.61,0.414033,0.51796,0.0,0.61,0.417118,0.529265,0.0,0.61,0.420203,0.540571,0.0,0.61,0.419955,0.504196,0.0,0.61,0.424872,0.515002,0.0,0.61,0.429789,0.525807,0.0,0.61,0.434706,0.536613,0.0,0.61,0.428963,0.501738,0.0,0.61,0.435712,0.512044,0.0,0.61,0.44246,0.522349,0.0,0.61,0.449208,0.532655,0.0,0.61
fixture/demo,239,7.966667,0,0.499591,0.178615,0.0,0.93,0.508966,0.166115,0.0,0.93,0.516779,0.164552,0.0,0.93,0.524591,0.166115,0.0,0.93,0.490216,0.166115,0.0,0.93,0.482404,0.164552,0.0,0.93,0.474591,0.166115,0.0,0.93,0.537091,0.172365,0.0,0.93,0.462091,0.172365,0.0,0.93,0.512091,0.195802,0.0,0.93,0.487091,0.195802,0.0,0.93,0.580841,0.275,0.0,0.93,0.418341,0.275,0.0,0.93,0.630851,0.371937,0.0,0.93,0.377716,0.383884,0.0,0.93,0.587194,0.471896,0.0,0.93,0.402716,0.475,0.0,0.93,0.607507,0.490646,0.0,0.93,0.382404,0.49375,0.0,0.93,0.613757,0.467209,0.0,0.93,0.376154,0.470312,0.0,0.93,0.601257,0.478146,0.0,0.93,0.388654,0.48125,0.0,0.93,0.562091,0.459375,0.0,0.93,0.437091,0.459375,0.0,0.93,0.571466,0.58125,0.0,0.32,0.427716,0.58125,0.0,0.32,0.577716,0.684375,0.0,0.32,0.421466,0.684375,0.0,0.32,0.568341,0.7,0.0,0.32,0.430841,0.7,0.0,0.32,0.612091,0.69375,0.0,0.32,0.387091,0.69375,0.0,0.32,0.587194,0.471896,0.0,0.88,0.591175,0.509441,0.0,0.88,0.589964,0.521699,0.0,0.88,0.588754,0.533958,0.0,0.88,0.587543,0.546217,0.0,0.88,0.582618,0.505703,0.0,0.88,0.579668,0.517202,0.0,0.88,0.576717,0.528701,0.0,0.88,0.573767,0.5402,0.0,0.88,0.574061,0.501966,0.0,0.88,0.569371,0.512705,0.0,0.88,0.564681,0.523445,0.0,0.88,0.55999,0.534184,0.0,0.88,0.565504,0.498229,0.0,0.88,0.559074,0.508208,0.0,0.88,0.552644,0.518188,0.0,0.88,0.546214,0.528167,0.0,0.88,0.556947,0.494492,0.0,0.88,0.548778,0.503711,0.0,0.88,0.540608,0.512931,0.0,0.88,0.532438,0.52215,0.0,0.88,0.402716,0.475,0.0,0.61,0.393389,0.511584,0.0,0.61,0.392828,0.52389,0.0,0.61,0.392267,0.536196,0.0,0.61,0.391706,0.548502,0.0,0.61,0.402394,0.509114,0.0,0.61,0.403664,0.520917,0.0,0.61,0.404933,0.532721,0.0,0.61,0.406203,0.544524,0.0,0.61,0.411398,0.506643,0.0,0.61,0.414499,0.517944,0.0,0.61,0.4176,0.529245,0.0,0.61,0.4207,0.540546,0.0,0.61,0.420403,0.504172,0.0,0.61,0.425334,0.514971,0.0,0.61,0.430266,0.52577,0.0,0.61,0.435198,0.536569,0.0,0.61,0.429408,0.501702,0.0,0.61,0.43617,0.511998,0.0,0.61,0.442932,0.522295,0.0,0.61,0.449695,0.532591,0.0,0.61
